200
1.01 7.76 0.07 7.41 9.78 8.03 3.42 9.83 3.33 2.42 8.32 1.90 9.60 5.60 7.91 4.11 7.71 7.55 3.76 1.87 1.55 8.18 2.52 1.47 1.67 4.30 9.15 2.48 5.53 3.28 4.26 6.28 2.93 4.23 6.58 1.29 1.68 7.49 5.67 2.88 5.66 5.80 9.21 3.80 7.99 1.40 4.96 5.12 6.60 7.42 2.75 5.18 0.11 2.48 8.97 1.36 8.96 8.27 0.19 8.79 0.62 3.10 5.77 0.48 2.20 2.16 0.14 0.76 9.27 0.11 1.53 3.58 6.90 5.21 6.22 6.79 1.71 3.16 2.43 1.98 2.76 2.87 0.79 5.07 2.97 3.30 8.80 0.85 9.15 3.35 8.86 7.45 8.14 2.10 3.58 5.54 1.07 1.98 6.50 2.52 7.62 7.65 2.24 1.01 0.22 0.13 0.13 2.92 8.40 0.94 5.33 6.67 2.29 8.46 8.72 5.45 4.48 8.00 1.58 4.21 5.29 0.54 3.34 2.95 6.88 8.40 3.91 7.22 8.69 5.17 0.69 3.35 2.01 5.45 8.43 2.36 6.92 5.64 5.31 6.61 5.95 8.25 6.35 0.59 1.35 0.06 4.30 1.74 2.76 0.69 7.24 7.88 6.29 3.06 5.73 5.62 5.41 2.16 7.22 0.73 6.63 6.25 1.76 2.52 3.13 9.96 6.08 1.79 9.68 8.79 0.06 8.40 6.31 2.33 2.28 7.45 6.10 7.34 9.95 5.14 3.30 2.70 8.87 5.72 8.95 7.63 1.44 5.44 0.08 2.38 9.74 0.49 8.67 6.02 6.84 3.26 9.85 4.06 3.18 6.06
8.68 5.72 6.74 8.30 3.48 7.14 6.46 7.76 9.26 9.16 7.34 0.78 6.48 1.78 6.68 0.86 9.76 8.51 3.40 0.69 3.96 7.34 1.06 3.35 9.59 8.58 4.45 5.79 4.35 5.99 7.24 7.43 6.29 8.34 0.45 3.82 7.36 8.87 7.42 0.25 4.31 2.05 2.66 6.84 2.01 5.77 8.92 1.31 4.12 4.95 0.78 7.50 1.08 5.11 0.92 2.61 1.36 2.19 4.00 8.51 5.36 0.35 6.89 5.96 9.81 4.87 4.68 0.60 4.06 1.32 2.87 8.25 5.53 4.32 8.10 3.43 0.17 1.16 5.14 3.66 4.39 6.00 4.60 0.28 8.69 1.43 2.67 0.72 8.83 0.47 2.00 2.12 2.69 6.92 2.47 8.42 2.60 5.45 4.20 8.77 4.13 9.04 7.36 5.94 5.88 8.63 4.12 9.99 6.20 3.54 1.13 3.09 8.66 8.81 8.36 1.96 7.32 2.46 1.83 4.86 0.01 0.39 0.34 3.15 9.97 5.87 6.23 0.91 1.65 2.33 3.87 1.00 6.58 2.21 5.26 2.39 4.79 0.86 3.91 6.90 2.58 1.10 3.53 1.84 6.48 5.14 2.59 5.56 5.98 3.49 2.43 3.13 2.62 9.06 6.78 4.69 6.34 4.81 9.28 1.35 8.32 5.87 5.46 8.11 3.48 5.76 9.72 5.43 7.97 7.22 5.84 9.30 0.75 7.07 0.34 0.07 0.52 1.55 8.76 7.66 2.71 9.05 7.43 0.13 3.41 7.37 9.86 6.17 2.76 0.43 3.76 4.61 9.59 5.63 2.26 5.60 7.76 4.80 4.44 5.96
7.92 2.54 8.56 0.69 3.94 3.65 3.36 9.64 9.82 1.58 5.82 2.94 1.92 7.15 7.95 5.75 9.96 6.53 5.78 7.53 9.06 5.16 8.91 8.87 7.87 4.96 3.07 4.50 0.71 7.43 0.92 8.78 4.66 0.41 7.14 8.72 7.57 4.89 3.02 4.44 1.73 8.56 2.06 3.36 5.01 7.40 2.83 7.31 1.73 5.34 9.14 2.39 0.41 3.74 0.34 3.26 7.02 4.98 3.85 9.70 3.17 8.76 1.53 1.39 7.69 1.88 3.59 5.99 2.72 5.31 9.97 9.91 5.11 1.81 5.69 9.97 5.09 7.78 2.66 2.61 8.95 4.29 5.82 9.08 7.50 1.44 3.18 8.13 3.03 4.28 9.11 7.62 9.40 5.39 9.49 6.73 8.98 4.03 4.43 2.24 7.90 7.23 4.95 9.98 1.56 1.17 0.62 3.23 0.03 2.24 5.17 1.12 2.70 8.79 2.70 2.78 4.72 5.76 0.73 8.07 0.37 2.89 3.65 7.01 5.23 9.03 6.36 5.97 3.84 4.64 7.14 7.38 2.24 7.21 8.84 8.53 0.91 3.43 4.84 2.06 2.19 2.92 3.28 8.08 0.18 0.95 7.68 7.05 4.00 5.54 8.63 9.05 4.82 3.13 9.58 0.25 6.32 4.53 7.37 7.89 0.04 9.95 7.54 3.90 8.77 0.80 0.42 4.41 6.06 5.26 0.04 9.43 5.13 0.86 3.55 8.29 4.90 0.03 7.89 7.04 4.42 8.91 5.59 5.12 9.62 2.49 5.50 1.21 3.49 8.86 7.88 9.88 1.32 0.59 7.35 7.29 5.12 5.73 2.92 1.42
1.05 7.39 2.69 7.08 1.17 8.72 0.27 5.99 5.62 8.91 8.93 7.79 0.37 3.61 3.58 8.51 1.32 8.18 4.80 8.33 5.25 6.44 6.74 6.78 1.19 1.84 3.64 6.44 6.14 0.21 6.45 7.91 7.69 1.21 0.13 3.06 2.43 4.23 6.04 4.03 4.14 9.82 7.54 5.68 3.50 8.91 2.53 0.45 0.14 7.68 8.44 8.92 9.64 0.42 0.21 7.00 0.38 0.90 7.16 1.92 1.00 3.94 9.76 8.36 2.15 0.24 5.52 5.72 2.01 0.86 2.07 9.96 3.71 3.02 6.51 3.99 1.04 3.91 9.21 0.52 8.90 5.10 7.01 4.76 0.55 2.20 7.15 9.89 5.26 6.41 3.34 1.46 1.16 7.49 5.72 6.26 2.75 9.59 6.56 4.27 5.51 6.23 3.52 3.08 0.29 7.71 4.65 6.90 9.01 0.08 6.87 2.76 7.53 8.98 7.61 9.65 9.07 8.78 5.69 7.42 7.38 9.91 2.52 0.47 2.93 4.65 0.84 3.10 4.37 9.57 8.82 0.17 6.18 9.62 6.10 3.27 2.32 4.12 0.13 4.02 9.59 9.14 3.07 4.80 1.31 5.64 4.80 2.05 5.43 4.81 6.92 3.76 7.91 4.06 9.60 8.78 9.35 1.29 8.70 6.16 5.11 5.89 6.29 3.42 2.53 4.35 1.99 6.64 1.17 4.73 3.23 1.55 2.90 3.13 0.68 7.87 8.56 6.13 4.09 8.17 9.08 9.98 8.28 3.30 6.77 0.43 6.75 5.04 0.60 7.90 5.06 4.14 2.62 5.01 6.23 3.89 8.84 9.28 0.45 9.87
1.72 0.27 0.90 3.29 0.87 6.98 1.05 6.35 1.37 8.34 0.89 9.03 5.66 1.92 3.43 2.08 6.36 6.95 7.21 7.00 1.76 5.10 9.57 7.11 6.36 1.22 9.87 2.63 9.07 6.84 8.61 9.55 6.49 2.86 3.20 6.79 8.45 0.50 3.48 2.48 6.58 7.83 0.14 6.12 2.72 5.40 1.62 7.60 5.34 0.45 5.53 1.28 7.15 8.14 1.40 5.78 1.56 5.31 1.40 0.48 5.80 7.80 2.24 1.56 0.60 2.96 4.48 2.30 8.40 4.05 3.42 2.30 3.98 1.06 0.27 1.78 8.38 1.20 8.59 8.42 7.28 8.49 6.93 0.79 0.86 0.43 4.49 3.53 6.40 4.83 1.39 5.45 7.18 0.47 0.70 1.11 4.67 7.02 8.68 7.99 1.58 5.14 7.02 8.77 3.16 8.45 0.76 7.71 7.26 0.93 7.78 7.28 1.96 3.58 8.07 8.85 8.96 7.67 0.02 0.13 1.02 8.34 3.04 6.32 0.01 1.45 7.50 7.09 8.64 1.87 7.15 7.23 6.91 4.95 5.12 9.29 0.87 9.52 3.31 2.23 4.13 3.91 7.73 3.88 1.41 7.05 3.04 6.49 8.90 9.37 4.09 6.86 4.82 1.93 0.53 9.52 4.81 5.70 7.67 7.39 4.22 3.07 1.61 9.01 5.02 7.99 7.41 1.06 6.59 1.68 5.61 5.18 4.22 2.21 2.43 6.69 7.17 5.40 0.70 6.69 1.44 3.39 8.54 0.72 7.16 5.13 7.27 6.42 2.88 5.48 4.98 0.84 3.29 4.27 3.55 0.08 2.52 7.09 9.89 3.32
6.73 4.30 6.57 9.25 1.94 4.49 1.11 7.73 8.68 0.76 7.15 4.76 3.16 0.19 5.60 2.31 7.60 1.20 5.65 1.58 3.15 0.99 1.45 5.12 4.38 4.79 0.33 3.34 8.74 0.64 3.77 1.33 4.03 9.63 9.65 8.19 7.43 1.66 7.25 1.67 6.44 8.95 1.96 9.20 6.40 5.43 2.10 0.86 1.28 5.16 6.01 7.97 3.14 8.82 5.72 5.67 3.96 7.40 6.72 8.64 2.42 4.36 2.27 7.78 9.99 0.78 0.92 2.01 0.47 1.59 7.97 6.21 9.59 4.35 3.28 2.50 9.80 3.11 3.52 2.51 5.94 5.71 3.32 4.83 7.95 0.25 4.53 8.45 3.40 4.96 0.19 4.78 1.10 6.79 4.22 3.82 4.57 4.76 2.71 3.60 8.61 0.63 2.03 1.20 4.71 4.91 1.03 5.95 6.71 0.83 2.60 2.61 2.89 0.80 5.35 3.35 9.97 4.85 8.82 4.06 4.55 3.12 2.04 5.71 0.01 2.54 8.78 3.51 6.40 6.68 2.90 1.52 2.56 0.55 0.76 0.20 3.12 8.32 1.52 2.08 8.55 6.31 4.97 0.35 9.14 0.86 5.25 1.38 4.69 4.43 8.39 6.68 7.55 4.67 1.52 9.69 4.28 4.81 2.69 9.08 6.69 8.87 2.51 5.53 3.06 9.09 4.67 9.10 5.62 9.59 6.45 2.87 6.81 4.62 8.96 4.87 8.78 8.02 8.76 6.21 7.20 5.91 3.65 4.98 3.15 1.99 5.69 7.21 1.55 0.42 5.81 0.43 9.80 1.91 5.73 6.82 7.68 5.74 5.46 6.61
8.00 8.74 8.60 6.00 8.92 8.95 1.78 4.36 5.77 5.05 5.18 0.83 1.68 1.32 7.50 7.43 4.04 0.37 7.47 2.71 9.26 7.45 6.98 7.50 5.33 9.79 9.00 7.98 8.04 4.57 2.90 6.71 3.29 5.81 4.50 6.12 3.82 2.86 7.41 1.64 3.38 5.20 2.53 3.59 6.80 8.08 9.55 3.68 1.46 6.59 8.57 8.44 7.85 5.61 5.82 6.84 8.49 0.12 3.69 5.96 3.44 9.25 7.58 1.58 8.90 4.12 2.63 5.43 2.69 2.92 9.83 1.52 7.38 8.52 7.03 9.84 6.47 5.97 1.17 2.80 1.24 1.15 7.01 0.30 7.06 4.31 1.96 7.40 1.99 3.61 1.74 7.15 2.10 0.60 4.35 4.61 1.46 7.94 6.45 6.00 6.90 1.64 7.53 3.99 2.16 0.12 1.94 9.29 9.09 8.42 1.42 6.73 1.18 9.54 2.01 5.35 8.74 5.91 6.43 0.63 9.19 1.22 4.22 9.06 9.33 9.75 1.11 2.32 4.24 4.75 4.77 6.09 6.58 8.13 4.19 4.00 1.83 6.86 5.04 4.86 4.11 9.16 6.77 9.27 8.28 7.51 6.48 2.53 4.38 0.40 9.65 6.96 6.45 1.58 8.46 7.94 9.06 0.32 9.37 7.89 5.42 0.16 8.53 1.85 2.07 9.26 1.95 3.87 2.13 1.31 1.24 8.11 3.88 9.13 4.75 2.44 6.89 7.45 0.50 1.45 3.99 1.44 6.76 0.91 5.15 7.99 4.73 3.88 7.63 4.16 0.93 5.99 3.39 9.87 5.91 0.03 7.08 5.36 1.30 7.19
3.17 1.92 2.30 7.85 2.54 4.98 5.03 7.90 4.88 8.59 5.05 7.44 6.72 1.12 7.02 6.60 0.76 5.20 4.76 2.89 2.43 4.76 7.56 3.13 2.11 5.07 3.55 1.66 7.09 1.97 0.12 7.16 8.52 5.74 3.25 7.11 3.94 1.84 5.71 9.43 9.68 1.10 3.48 1.84 4.29 9.41 1.82 4.28 8.25 9.59 0.63 2.79 0.82 8.09 4.59 4.28 8.94 0.18 2.12 8.71 6.44 1.19 2.38 0.17 1.83 6.67 0.03 7.47 7.68 6.80 7.18 6.38 2.74 4.22 2.96 4.95 9.91 3.86 2.16 0.03 6.33 7.80 9.87 7.83 6.33 5.48 2.53 1.47 9.74 6.06 6.36 7.30 0.49 6.32 0.60 4.89 5.12 7.84 2.02 5.69 9.59 1.16 9.01 3.42 7.97 3.89 4.81 1.90 4.69 5.93 6.26 1.34 0.13 4.06 2.55 3.62 3.55 9.79 3.29 0.93 7.94 6.22 9.69 2.34 5.50 3.74 6.84 0.12 8.68 0.58 0.08 4.55 8.08 7.87 6.03 9.51 7.59 9.01 4.36 0.98 3.88 8.58 0.90 6.53 1.50 9.04 5.10 9.45 7.55 5.93 2.12 9.09 3.11 7.49 5.23 3.06 2.73 2.92 1.35 8.49 3.53 2.72 7.78 6.36 0.34 1.84 7.53 6.56 4.62 8.29 7.33 4.39 2.12 8.28 6.97 6.67 7.02 3.13 7.66 4.46 2.80 4.93 8.22 7.72 7.32 6.29 9.34 6.61 3.62 5.41 9.35 0.25 3.32 3.17 8.62 6.75 5.99 5.15 1.27 4.29
7.17 7.35 9.51 7.44 0.78 3.15 5.37 4.56 4.92 1.67 6.74 4.35 8.53 0.57 8.50 6.76 1.53 0.01 5.25 8.99 1.15 0.47 3.14 2.48 3.79 0.89 2.98 2.06 2.74 9.31 8.43 3.63 0.57 5.87 9.75 2.49 5.31 9.34 5.53 6.42 8.38 1.93 1.91 9.48 5.41 4.23 5.27 5.33 0.57 0.77 7.73 6.40 2.52 3.06 1.32 3.88 5.99 5.69 1.74 0.17 4.80 6.03 0.78 0.44 7.91 8.89 9.42 6.12 4.20 1.59 4.82 2.17 3.44 8.70 4.19 9.90 0.51 7.57 0.97 4.60 1.72 6.97 9.27 0.75 8.22 9.55 7.48 6.27 9.18 2.90 2.34 3.71 2.66 4.64 1.18 4.76 9.41 1.25 6.68 1.95 1.64 8.86 5.79 0.13 0.82 9.52 4.68 5.48 9.55 4.16 7.62 5.65 3.04 9.63 0.84 1.98 2.38 5.29 8.73 1.96 7.66 1.69 4.80 9.66 7.40 6.59 4.89 1.67 5.49 8.86 9.27 9.77 7.95 8.37 8.38 2.45 5.13 6.53 2.98 0.96 0.75 4.26 3.38 7.95 7.03 4.82 7.14 1.06 4.57 0.33 3.82 8.11 2.88 5.19 4.55 7.27 8.87 6.45 9.76 9.61 1.74 2.78 8.04 6.59 4.19 8.20 3.50 1.13 5.33 6.21 1.77 9.60 3.09 9.03 7.75 5.18 3.50 3.83 7.73 1.68 4.01 3.83 1.18 1.20 4.20 7.35 8.14 9.34 8.12 6.66 5.18 4.57 1.11 8.27 6.10 6.27 1.93 9.18 0.57 3.75
2.95 2.14 9.68 6.54 1.83 8.21 4.14 2.24 8.95 1.70 3.47 8.48 1.66 9.84 2.58 1.57 4.28 8.23 0.29 6.89 8.36 9.32 4.62 4.31 8.58 8.74 5.66 8.46 9.73 3.31 1.90 7.98 1.03 7.79 5.31 0.37 5.51 1.21 5.80 6.43 0.77 1.30 5.06 6.49 0.57 5.67 1.26 8.75 0.80 0.79 7.09 6.11 9.53 0.02 6.66 4.25 6.75 0.26 2.85 1.69 4.91 2.68 9.45 9.30 3.09 1.17 2.20 4.53 2.13 1.50 4.04 7.49 9.77 8.32 1.49 4.65 4.08 8.93 0.61 7.69 2.88 5.91 6.69 0.44 9.70 1.90 4.73 7.57 6.35 0.79 0.72 8.39 4.48 1.88 7.43 8.28 9.63 3.25 9.74 7.53 6.32 6.31 0.90 7.51 4.90 2.29 2.48 6.26 0.03 7.97 5.98 5.42 8.57 0.72 7.09 8.27 4.90 3.58 2.10 1.03 9.47 7.15 6.62 7.25 2.40 2.07 2.43 2.66 8.67 1.59 4.40 4.12 7.26 2.65 1.53 8.18 0.04 4.76 4.94 1.92 3.27 2.59 0.31 0.13 8.82 2.43 8.33 6.24 7.38 6.39 7.21 1.77 3.60 1.06 0.29 0.86 6.10 5.66 6.23 9.02 5.43 2.02 0.02 0.47 8.36 1.96 9.66 4.24 5.49 7.97 7.71 7.43 7.97 2.81 5.24 2.83 0.24 7.02 1.82 6.59 9.99 4.10 4.17 5.92 1.94 8.12 5.25 1.87 9.88 1.92 2.65 3.81 4.28 3.23 8.49 3.47 7.47 3.52 9.69 3.46
4.97 3.98 5.72 1.26 0.70 2.03 6.54 0.81 9.59 4.37 8.05 1.99 7.58 0.95 5.37 8.27 8.68 4.37 2.88 1.72 7.19 0.87 3.64 8.74 2.80 8.50 6.85 6.44 6.77 0.44 5.44 4.16 1.90 1.25 0.07 4.13 7.40 4.26 3.23 2.58 5.50 0.89 2.18 7.09 4.70 8.12 7.72 7.51 5.74 5.62 1.54 1.37 9.19 1.30 8.50 4.99 9.61 9.58 8.21 0.85 0.71 7.33 5.93 2.12 4.66 3.02 4.01 6.53 4.82 3.66 3.17 7.91 6.52 1.56 3.79 5.76 8.33 5.39 9.60 4.51 9.55 3.24 6.49 0.22 1.50 0.50 0.61 3.87 3.83 6.91 5.45 9.07 6.41 3.00 1.74 5.72 9.22 4.35 6.57 8.15 5.15 1.75 6.20 6.29 5.17 1.74 4.57 2.22 8.55 9.20 5.51 3.44 3.26 0.51 3.87 6.65 6.14 7.06 9.06 2.13 4.41 9.57 4.75 2.09 8.23 5.54 1.73 3.15 3.54 2.15 9.61 0.31 9.96 3.94 1.31 0.29 1.77 4.51 9.91 2.75 8.11 2.46 1.14 2.80 4.04 4.54 3.25 2.09 3.94 2.44 6.22 1.55 6.04 9.54 6.19 6.15 1.04 8.00 9.06 7.63 1.56 4.97 6.88 4.76 0.32 1.12 3.41 2.13 8.11 6.32 0.68 8.75 5.25 6.71 5.11 0.44 0.83 0.07 2.82 2.67 9.34 5.76 9.67 9.85 8.10 9.07 2.83 3.18 9.89 8.70 4.87 8.85 8.34 6.19 0.46 5.40 7.78 6.83 5.51 3.02
1.82 4.43 8.56 2.70 7.00 5.33 9.06 6.29 5.55 1.06 5.84 4.14 5.23 7.70 2.47 8.27 8.31 8.20 7.85 0.44 3.37 2.96 6.10 7.72 1.89 7.98 4.07 3.29 2.17 8.52 3.88 9.82 0.33 5.30 3.55 6.67 1.08 1.85 1.73 9.39 9.12 5.31 7.43 6.03 3.93 5.19 2.16 3.64 5.02 4.80 8.10 1.31 7.68 8.93 0.74 1.96 7.87 3.67 4.48 1.10 7.24 8.69 6.09 4.65 2.15 7.73 5.28 6.88 0.60 5.39 3.91 7.50 1.44 4.78 3.86 3.08 1.35 8.92 3.37 3.88 7.30 1.31 2.39 3.82 7.97 4.83 3.61 0.23 7.51 5.93 0.58 1.58 0.72 6.19 1.91 9.52 1.27 0.77 7.89 9.47 5.28 2.85 9.74 7.65 9.79 6.16 3.80 7.55 9.83 4.95 6.28 6.28 2.56 4.03 3.81 1.96 1.94 9.74 0.08 3.27 0.96 6.06 2.44 2.44 2.65 9.64 0.76 3.04 8.27 0.63 6.16 1.95 6.70 2.07 8.76 0.20 6.52 5.58 5.77 4.24 5.29 2.21 9.49 1.85 0.24 7.68 2.39 9.91 4.41 7.20 1.21 9.24 5.32 2.52 6.20 0.91 4.55 4.91 3.00 6.50 1.42 1.96 2.97 1.47 0.24 2.58 4.59 5.07 0.73 8.69 2.57 0.13 8.00 2.65 0.91 4.49 8.99 4.35 2.43 7.22 2.49 3.94 1.52 8.00 0.70 8.95 1.95 6.66 4.53 4.44 9.24 8.22 8.40 4.17 7.39 6.63 7.51 4.74 0.85 9.73
3.78 0.08 0.50 8.81 7.03 3.39 2.76 2.38 3.87 9.19 9.89 2.96 3.62 4.71 2.17 9.77 2.80 2.72 8.00 5.85 2.66 1.03 8.21 7.79 7.62 1.68 8.90 9.68 9.20 0.68 9.03 5.87 7.27 5.25 7.97 1.78 9.45 5.82 2.95 7.68 7.49 1.70 9.84 7.26 2.25 6.81 6.11 3.32 5.52 3.85 3.21 8.08 8.69 3.04 9.38 6.32 8.36 0.54 0.78 9.52 8.63 6.90 4.82 9.83 5.06 3.18 4.44 5.94 3.59 1.93 4.77 0.65 2.80 0.32 0.25 6.72 2.35 1.23 0.06 6.07 7.17 8.27 7.14 4.74 5.48 8.13 3.41 7.07 3.37 3.78 4.54 5.14 2.75 6.99 5.95 8.70 3.16 1.55 5.13 3.87 8.91 8.70 2.19 1.12 3.82 8.09 5.73 7.37 8.30 1.25 7.30 4.40 6.67 7.83 4.43 7.03 8.63 0.64 1.24 8.74 1.18 5.52 1.13 1.87 8.20 3.89 9.52 2.79 1.98 6.94 2.00 1.20 9.40 8.68 2.60 7.85 5.86 6.70 1.22 0.35 4.95 6.23 4.32 5.77 1.37 2.74 7.97 5.58 6.04 6.98 6.45 9.11 0.91 4.58 6.07 7.12 5.34 0.65 7.42 1.00 1.81 5.94 4.51 3.78 9.23 5.01 5.61 8.54 1.49 5.24 1.72 3.62 0.84 0.16 1.94 8.02 1.32 5.95 7.62 4.33 3.32 9.48 9.34 9.82 4.58 5.59 5.23 4.58 2.10 8.00 4.46 8.40 0.06 5.07 6.32 1.91 7.33 2.26 8.95 9.64
7.33 9.59 8.72 6.82 5.51 5.83 2.66 8.26 4.63 5.84 7.02 8.88 1.74 6.29 4.32 4.25 7.02 2.14 4.19 6.33 2.76 4.97 8.75 7.70 1.43 3.45 9.62 5.07 1.73 7.96 4.53 9.62 7.54 3.41 3.79 6.11 3.00 6.16 5.43 4.78 0.29 0.63 2.50 3.81 4.32 5.51 6.28 1.35 4.11 3.24 9.51 9.94 3.33 7.90 7.03 1.78 4.18 3.57 8.89 2.74 0.28 0.08 1.34 3.31 1.64 9.14 3.30 7.67 6.31 0.13 6.46 8.82 7.71 8.48 4.11 6.93 3.75 0.57 2.85 0.23 2.60 2.76 4.93 8.94 4.79 1.06 9.60 3.58 8.94 6.60 4.27 7.62 2.08 7.87 7.03 7.19 5.19 9.43 1.40 8.43 1.75 0.92 9.74 2.26 2.77 2.86 4.76 1.78 6.85 0.74 6.95 5.22 1.04 7.09 0.51 0.14 8.93 4.84 8.96 5.51 9.31 3.67 9.82 7.48 6.28 9.77 2.32 0.22 5.96 9.99 6.44 1.00 0.44 5.89 6.27 4.94 8.99 4.91 4.13 2.96 0.49 0.85 3.47 4.35 6.11 1.61 7.26 3.45 8.93 6.15 8.60 5.46 8.13 3.09 3.77 9.00 3.68 1.79 5.33 0.75 4.39 2.64 0.95 2.52 6.86 0.24 1.03 4.29 6.23 7.87 9.59 3.17 1.14 3.25 2.38 8.23 6.89 0.10 5.03 4.79 7.43 9.83 8.24 2.67 1.09 0.05 1.35 5.39 7.06 8.04 7.62 0.61 7.48 7.39 6.68 5.19 5.48 9.64 0.52 8.18
7.57 1.68 6.76 1.03 6.67 8.06 9.34 9.62 5.83 3.84 5.96 9.14 9.67 2.97 7.10 3.96 9.43 2.17 9.50 1.47 0.18 8.27 9.49 7.08 7.86 9.30 6.80 8.41 6.39 3.48 1.99 7.40 0.94 7.71 5.50 6.34 9.70 4.54 4.34 3.97 0.36 0.87 8.64 1.48 9.29 2.19 3.97 7.01 5.45 0.58 9.24 8.25 8.58 8.86 8.58 8.28 3.26 3.23 1.90 3.59 2.27 5.71 3.06 1.65 1.57 4.38 8.03 0.13 3.62 6.62 0.71 5.61 7.81 1.71 8.70 8.04 7.93 9.15 7.58 3.78 9.44 9.05 2.43 3.56 9.68 1.17 6.99 4.82 8.97 7.83 1.34 6.82 2.00 4.02 2.03 0.83 0.79 2.14 8.65 5.78 3.83 9.06 7.88 1.27 8.60 9.94 3.07 4.04 2.50 8.93 4.25 6.78 1.40 7.81 6.57 7.86 2.95 8.98 9.51 6.74 0.60 9.94 1.34 7.72 0.46 4.52 2.53 2.51 0.43 7.84 8.40 3.95 9.68 5.20 5.51 6.38 0.83 7.44 5.64 7.01 8.81 8.19 3.55 5.91 1.89 9.75 2.99 4.96 2.29 7.42 5.73 8.28 3.42 7.78 6.24 3.19 2.80 7.92 9.48 8.35 8.78 2.10 5.46 8.07 3.55 0.30 1.67 9.81 7.12 4.76 2.84 8.73 2.52 1.72 1.22 4.34 9.98 5.29 9.51 3.09 5.43 9.53 7.97 9.50 2.91 3.23 0.82 3.93 0.88 1.92 9.25 3.80 1.73 1.03 5.40 0.23 5.52 6.52 2.43 6.80
2.88 9.16 2.45 8.38 5.86 9.37 2.63 8.72 5.80 4.55 8.83 8.44 8.67 5.07 2.45 0.76 6.09 4.65 3.13 8.93 4.03 7.01 6.76 7.88 4.58 6.50 1.76 1.43 5.78 4.10 9.51 3.72 8.11 1.42 9.48 5.77 4.24 5.90 2.10 0.82 3.74 9.97 5.20 4.44 7.34 5.11 9.02 3.68 5.50 6.79 7.27 5.54 5.23 1.19 9.54 1.41 9.89 6.26 5.12 8.97 0.83 4.41 1.00 1.24 6.94 8.74 9.27 9.14 9.24 5.47 1.27 6.78 7.32 6.99 8.86 4.39 0.79 3.71 1.29 8.61 7.88 2.58 7.64 7.38 4.20 4.45 8.69 1.28 2.39 9.52 4.24 4.35 6.34 4.95 5.33 6.67 4.93 8.22 8.90 7.79 3.88 6.50 6.15 8.71 4.81 6.14 6.09 8.27 8.05 4.55 0.92 0.90 8.62 1.96 4.69 3.88 1.25 7.96 7.24 9.36 3.38 6.41 0.01 7.97 6.42 2.48 2.53 6.18 2.35 0.36 3.32 6.24 1.56 0.34 3.10 8.51 0.34 1.59 7.91 2.38 8.35 7.14 7.35 4.59 4.96 1.42 8.88 2.43 3.79 5.93 0.36 4.71 1.14 3.81 1.46 7.34 1.27 9.35 6.96 0.22 3.32 3.29 4.35 1.72 5.25 5.79 8.04 5.28 8.56 5.57 1.23 3.92 7.71 0.51 0.21 8.63 6.22 7.80 4.68 8.40 7.08 4.69 3.52 1.57 3.95 3.39 5.35 5.51 5.25 9.51 9.94 0.39 7.07 0.13 0.30 4.07 5.01 8.76 3.02 2.62
3.11 8.35 0.48 0.69 4.76 0.69 3.24 5.37 5.17 5.70 7.33 1.62 4.02 3.27 8.22 5.17 1.53 6.62 0.68 3.20 3.99 1.63 6.08 7.29 0.30 7.12 4.00 8.23 9.53 2.24 5.09 6.58 8.92 6.19 4.93 3.98 0.42 3.86 8.60 6.31 3.56 3.37 6.93 9.80 4.42 9.14 2.55 9.61 5.50 3.14 7.00 4.00 3.96 0.23 9.31 5.49 3.33 9.51 0.77 1.37 1.24 6.05 1.19 6.26 7.17 9.91 9.98 8.20 9.28 2.55 5.54 7.70 3.46 7.97 7.04 9.05 7.73 9.28 7.44 3.67 7.89 2.72 3.62 1.36 7.67 6.81 9.13 8.16 8.24 4.42 5.03 6.29 9.73 8.33 5.62 8.45 8.13 3.92 0.54 6.25 5.94 9.68 0.10 7.44 5.99 7.63 4.99 8.16 3.38 2.04 7.30 5.30 3.58 6.89 7.73 0.75 7.14 7.96 6.11 2.38 3.14 8.23 2.67 9.65 1.99 4.78 2.31 3.55 4.73 4.62 6.23 2.95 0.12 3.92 4.24 9.22 9.02 8.21 5.08 2.78 6.31 1.93 5.05 6.36 3.72 1.32 0.77 5.03 2.46 5.34 7.99 4.02 4.23 0.25 1.09 0.44 9.96 7.85 1.15 4.27 7.43 6.02 7.29 9.43 9.55 1.00 5.59 9.10 5.71 9.39 1.93 2.79 4.51 5.34 9.00 7.71 2.83 0.83 0.69 7.79 4.65 5.18 6.18 4.46 3.07 6.46 2.89 4.21 7.82 9.72 1.21 7.97 7.35 5.74 8.71 3.36 5.40 9.73 6.70 0.39
9.98 7.70 3.75 3.05 0.08 6.55 0.74 1.37 7.58 6.51 6.25 2.71 4.66 2.95 2.25 0.96 7.01 3.48 1.39 7.68 4.26 7.80 0.79 7.29 9.36 1.04 6.11 9.63 1.17 7.79 0.92 6.93 3.92 8.73 9.98 5.84 4.93 9.31 6.91 4.03 4.35 3.82 1.79 7.28 1.82 2.03 8.45 5.11 7.82 9.96 5.96 1.95 1.30 7.36 8.67 4.16 1.69 6.77 4.21 3.61 0.45 9.33 1.25 9.33 3.55 3.11 7.24 6.17 0.21 8.36 7.01 6.45 2.24 3.02 9.86 1.03 4.70 9.16 0.58 6.32 3.79 5.41 0.88 7.73 1.57 4.46 7.77 0.31 2.60 7.52 0.24 1.58 5.65 4.36 7.94 6.00 1.82 2.03 7.66 9.41 2.21 8.62 7.64 3.69 3.92 1.22 6.48 1.02 6.34 3.58 5.83 0.25 6.86 9.23 3.02 8.58 5.53 2.90 4.56 9.68 0.79 4.37 8.78 9.05 2.06 5.51 9.64 3.83 2.50 4.82 6.94 4.27 9.94 8.24 2.32 0.27 0.22 3.24 1.69 3.15 7.66 7.94 1.52 1.49 3.64 1.85 2.36 5.07 8.44 1.35 6.52 5.06 6.82 9.67 8.67 6.27 2.89 1.24 3.98 5.68 3.87 5.55 9.00 5.78 4.61 5.58 7.31 0.02 6.51 6.60 4.26 4.81 5.53 6.38 4.15 0.21 5.62 9.28 2.66 8.61 2.36 3.86 7.46 9.49 2.79 9.27 9.63 7.51 8.63 4.96 8.35 9.27 7.43 3.15 2.63 6.28 3.62 2.54 7.34 5.02
7.36 2.75 9.35 4.19 6.86 2.68 7.75 0.93 4.68 1.27 7.21 2.37 1.54 3.05 4.40 5.09 7.29 5.43 1.92 2.76 4.39 7.26 6.49 0.09 1.35 9.99 9.24 6.71 5.28 5.68 1.48 4.52 2.17 4.47 6.42 1.12 7.75 7.79 7.88 3.26 1.76 9.69 4.86 4.62 5.77 5.27 3.42 4.52 7.66 2.62 3.65 7.82 4.76 7.74 8.70 4.67 9.31 5.37 5.30 8.90 6.62 7.08 2.67 5.35 5.83 8.71 2.34 3.02 2.97 9.51 8.67 0.16 2.06 0.77 9.24 2.08 4.79 3.60 3.03 9.37 3.61 9.38 6.63 8.18 5.48 2.63 9.17 8.05 7.20 9.49 5.12 0.55 9.99 5.16 5.62 4.92 9.38 4.46 1.45 9.87 1.11 1.47 2.54 0.12 3.81 1.77 2.56 6.62 4.93 3.16 7.02 2.49 1.41 8.67 8.60 2.41 4.13 5.06 9.21 6.55 9.76 5.18 5.18 9.78 0.13 5.38 0.21 3.00 3.32 6.35 4.69 8.02 4.43 6.88 1.62 5.89 6.79 6.86 6.84 7.58 6.00 7.32 2.82 1.16 7.13 0.49 9.03 6.40 2.04 2.73 4.95 8.76 1.03 5.39 7.49 2.23 2.48 4.22 5.62 0.77 4.60 6.92 3.82 9.87 0.83 8.68 2.51 1.79 3.86 6.22 4.94 1.89 2.21 7.82 5.73 5.87 9.49 2.07 3.27 4.31 7.15 1.11 5.89 8.59 7.92 4.47 1.94 7.11 4.23 6.80 4.88 3.82 4.25 1.06 2.03 3.32 7.35 8.54 9.80 5.81
1.53 6.06 5.54 3.71 7.88 2.26 8.23 6.92 8.70 4.66 4.00 1.15 3.02 2.07 1.12 0.77 3.32 1.97 1.79 5.29 2.30 6.08 2.51 4.55 3.09 1.48 9.03 7.29 7.74 4.13 3.30 1.18 5.98 3.72 2.19 5.59 7.47 8.91 7.26 7.48 2.85 4.37 2.73 6.25 7.91 0.63 0.47 8.44 4.57 2.21 4.16 4.95 8.52 5.32 3.26 1.91 8.77 5.42 5.86 8.41 2.12 5.61 5.52 4.67 2.16 9.59 1.84 4.96 6.97 6.35 4.38 9.61 8.98 8.73 2.83 7.42 3.91 1.23 6.36 6.66 0.37 1.73 0.56 8.47 0.87 9.60 3.51 3.21 4.40 0.23 4.53 4.63 8.41 3.24 3.37 1.67 9.07 7.76 9.04 2.45 2.59 0.97 9.98 9.58 8.09 4.57 1.35 2.29 0.12 0.86 6.18 8.87 5.03 3.68 3.46 7.05 3.21 6.93 2.15 6.04 2.13 7.11 1.70 9.02 2.08 1.95 7.63 0.07 5.39 1.67 4.60 7.18 9.86 6.08 4.49 3.29 4.59 9.15 6.38 6.85 0.58 1.13 6.65 5.11 9.41 2.66 6.58 5.39 3.09 5.31 8.77 2.92 7.84 4.39 2.43 1.07 5.82 7.23 8.36 3.52 4.81 4.10 4.96 4.97 5.52 4.49 4.78 5.49 2.08 1.84 1.56 4.64 7.13 0.31 2.06 1.85 3.39 2.70 9.97 1.06 1.63 9.02 4.67 4.70 7.82 7.75 0.64 4.89 3.73 2.00 0.49 7.53 4.63 4.72 8.97 1.09 3.56 8.69 5.36 1.71
9.31 6.99 8.52 8.42 9.00 4.04 2.72 2.36 8.07 4.02 7.53 1.12 8.19 0.65 2.86 3.06 3.03 5.85 0.56 5.36 5.33 5.22 0.16 0.33 5.58 3.80 9.67 7.20 9.30 5.81 9.08 8.12 5.99 0.91 5.37 3.56 7.00 8.44 4.68 2.89 8.88 1.91 8.71 4.43 9.49 7.01 9.87 5.35 0.49 1.60 8.23 8.91 9.46 3.63 7.36 8.73 6.99 1.91 8.12 0.04 4.85 6.58 1.09 3.26 8.28 2.35 8.73 2.20 4.26 0.31 1.72 4.60 3.05 3.18 8.36 2.04 1.57 1.69 9.39 4.52 7.50 7.60 8.21 4.75 0.99 3.25 5.11 0.43 3.99 0.47 6.24 5.74 8.89 4.31 4.11 8.39 0.52 8.84 9.59 4.91 2.44 7.00 7.95 5.96 8.55 8.00 6.48 6.99 1.81 1.72 2.86 3.95 4.09 7.90 0.07 5.45 1.28 3.76 6.09 8.93 1.27 9.42 4.45 3.89 3.55 4.11 3.32 4.14 0.55 8.92 2.84 8.75 1.94 9.75 2.47 2.96 8.96 7.32 9.18 6.03 0.03 6.39 3.16 0.04 1.67 6.46 6.46 7.32 9.29 1.01 1.21 2.58 4.15 7.91 3.23 7.84 4.54 1.64 9.60 0.57 3.36 8.01 5.15 4.56 3.02 1.84 3.95 1.05 2.29 6.36 4.37 3.49 0.74 5.32 9.18 5.43 9.10 9.78 3.77 2.41 1.19 6.77 9.09 0.93 8.26 1.19 3.78 9.02 6.73 2.09 3.43 2.83 6.13 5.47 4.59 2.65 1.67 5.12 2.52 4.73
8.50 5.78 2.64 2.77 2.03 2.57 0.29 8.36 6.08 5.59 3.27 5.86 7.18 3.35 4.67 8.88 2.35 0.25 4.94 2.32 0.30 3.88 7.86 4.83 7.66 7.41 9.67 7.51 1.37 5.99 9.32 2.64 2.48 1.20 9.67 0.67 5.32 1.72 5.82 2.65 9.06 6.75 3.06 5.66 0.39 2.50 1.82 5.16 7.67 9.74 4.83 8.02 9.95 6.04 2.68 3.85 0.33 9.57 3.12 4.83 9.46 1.37 0.02 3.35 1.62 3.05 1.86 9.06 1.85 1.35 1.46 3.24 5.35 5.13 4.46 6.31 8.64 6.42 7.44 2.58 0.46 4.78 0.61 8.70 4.35 3.42 6.63 7.69 1.97 4.19 7.05 5.51 4.04 0.41 2.31 4.96 1.90 1.47 7.69 7.46 4.44 0.42 2.59 1.97 4.56 6.13 6.02 0.21 3.04 2.83 7.99 1.35 7.22 6.66 8.59 6.66 6.59 6.41 4.89 0.88 4.21 9.45 0.15 1.57 6.56 2.47 6.52 3.55 3.38 0.52 4.00 3.80 2.45 5.11 9.92 2.59 8.98 5.70 1.23 8.28 9.30 4.49 8.50 6.91 2.16 8.76 1.10 1.57 9.55 5.32 3.76 0.59 3.11 2.27 0.11 7.81 0.87 7.23 8.15 0.87 2.38 8.18 9.77 6.77 3.97 4.64 4.50 4.21 5.50 2.70 0.73 7.44 1.22 4.61 9.35 1.45 5.84 6.87 2.35 7.82 5.36 2.68 2.63 4.42 3.85 0.69 6.44 3.19 8.48 9.36 0.27 0.63 0.11 2.19 9.17 4.71 1.65 6.23 7.06 0.04
2.25 9.99 9.53 3.21 6.97 6.31 6.51 2.94 0.84 3.06 1.20 0.66 1.91 8.29 8.80 5.02 4.33 5.84 9.96 7.96 7.01 1.02 1.52 4.82 5.91 1.53 8.69 1.74 2.10 3.14 5.15 4.93 3.63 5.04 3.15 7.73 6.66 8.04 5.87 7.51 0.97 8.50 8.22 9.33 1.90 1.94 3.55 6.49 1.57 5.38 0.24 2.18 6.79 7.07 1.90 8.10 2.60 0.54 8.28 6.87 7.18 6.01 1.11 2.67 5.36 3.59 7.55 0.48 8.08 5.70 3.67 2.82 1.22 0.10 0.36 3.11 2.29 4.84 2.78 2.70 4.30 2.95 7.01 8.80 0.67 4.71 6.56 0.54 7.83 6.38 4.24 3.13 6.26 4.50 5.77 4.14 5.78 7.69 0.66 1.59 9.56 7.47 3.37 9.04 4.40 3.15 1.29 2.55 5.34 1.68 3.91 9.19 0.63 0.89 3.50 5.56 3.37 6.12 5.02 3.43 8.86 8.41 7.33 4.38 2.29 9.35 8.41 8.74 6.14 4.63 9.06 2.09 0.65 3.66 5.02 1.60 1.14 9.44 5.16 8.48 9.56 5.10 8.93 4.05 1.53 7.89 8.02 5.40 0.83 3.05 0.47 0.54 6.65 7.77 7.50 7.77 3.58 9.36 3.46 6.41 5.12 0.29 9.36 4.83 4.74 9.77 5.29 7.03 6.78 2.77 8.38 4.77 8.38 1.37 2.17 1.36 0.51 3.50 4.01 8.31 3.54 1.77 9.97 3.15 3.94 6.29 5.30 2.50 1.28 8.01 6.27 4.59 8.89 1.34 3.78 6.37 5.07 1.45 1.64 5.86
1.75 4.80 1.01 8.09 8.53 3.22 1.85 2.15 1.49 3.03 2.82 6.49 9.16 2.45 2.16 4.92 1.31 6.10 2.05 4.26 7.87 2.29 8.66 1.56 1.77 1.67 2.81 4.83 0.52 6.95 2.15 5.22 8.10 1.36 9.57 1.23 2.53 6.34 6.60 7.64 8.78 5.05 5.42 6.72 1.82 5.57 3.60 9.06 3.64 7.35 4.64 7.85 3.45 8.89 2.97 8.16 7.67 3.50 0.84 2.70 6.54 1.64 7.36 4.67 7.77 6.77 3.60 0.39 9.03 0.52 0.71 9.85 1.98 8.16 0.57 3.90 3.57 2.95 9.77 9.72 8.91 9.72 8.58 3.00 8.94 5.03 4.98 6.32 0.39 3.53 3.82 8.98 4.61 4.31 9.26 4.99 6.65 7.98 5.33 8.59 1.70 6.13 3.01 5.35 3.43 7.64 4.91 2.03 9.41 5.34 9.26 4.53 7.74 4.27 8.87 7.24 1.25 2.82 8.41 5.26 8.68 5.97 7.34 9.61 6.23 7.94 8.51 9.73 7.91 9.66 6.57 2.12 4.77 5.10 3.80 6.13 3.10 2.63 3.01 1.43 6.91 9.62 1.79 6.31 5.21 3.72 2.94 3.64 9.09 2.10 0.50 0.70 2.23 7.95 4.64 3.04 8.08 1.55 8.40 7.61 7.18 0.67 0.41 1.22 8.50 6.18 8.78 3.02 7.01 2.08 3.51 5.61 9.59 4.31 9.03 0.28 3.61 5.59 1.49 5.09 9.23 7.08 9.41 6.53 7.91 9.53 6.34 8.56 8.66 8.55 8.50 1.85 5.17 8.95 1.75 9.23 9.85 1.21 9.03 0.72
8.84 4.06 4.65 2.03 4.72 5.88 2.08 9.57 9.82 1.32 3.35 8.49 7.24 1.28 6.23 4.33 5.01 4.44 7.96 2.39 3.21 1.94 0.22 6.24 0.82 5.84 2.72 5.09 0.24 1.87 2.36 7.47 4.48 4.19 6.90 5.84 9.13 1.93 5.45 2.33 8.22 9.64 0.28 7.63 1.14 0.43 8.58 5.49 0.02 6.02 4.48 2.03 4.51 9.66 5.56 2.39 7.09 3.21 3.16 8.61 2.87 3.01 5.97 7.65 5.73 4.16 6.20 3.88 1.76 0.01 6.69 3.90 3.72 0.13 8.67 8.39 1.26 4.49 8.88 6.18 6.94 4.54 2.41 7.18 0.58 6.08 0.85 0.01 7.05 1.63 6.30 4.69 3.30 5.74 1.99 0.29 6.58 7.11 5.48 9.73 8.48 9.40 6.92 4.13 5.73 8.40 1.08 5.65 7.34 5.37 1.91 6.89 2.45 7.91 8.69 7.62 5.59 1.02 0.97 1.18 7.71 5.52 1.30 4.29 0.25 5.35 8.25 5.97 0.88 4.09 3.84 7.79 3.10 9.19 8.46 4.96 9.26 4.06 4.21 4.54 2.90 4.64 4.34 5.90 7.62 7.47 8.54 1.67 1.15 0.14 5.73 8.52 7.18 2.88 1.36 9.42 7.22 5.16 5.44 1.51 7.73 3.43 9.39 2.96 7.54 8.79 3.23 8.12 3.43 9.95 5.17 4.38 0.93 4.95 7.66 9.32 3.72 3.62 0.29 1.00 6.10 9.93 8.05 1.35 2.72 8.79 5.63 9.98 5.45 9.91 9.73 5.01 1.41 3.87 1.48 8.13 0.96 9.69 4.62 1.41
8.47 3.92 0.61 4.50 9.47 3.59 0.92 1.31 0.16 4.46 1.65 5.66 2.15 7.55 8.51 0.03 2.98 7.74 1.03 7.75 3.26 5.93 7.38 4.69 2.67 2.80 0.83 5.40 4.30 0.88 7.79 6.37 6.24 2.55 1.66 6.67 7.81 7.26 3.56 0.57 1.42 3.11 4.48 9.62 6.62 2.46 6.11 4.94 7.69 2.40 1.63 5.59 2.36 8.12 0.65 9.46 8.73 1.02 8.51 5.36 4.78 6.22 7.75 1.07 9.77 7.79 1.92 7.81 5.18 2.12 7.18 2.95 1.41 7.51 1.06 4.06 5.95 1.92 1.64 5.08 5.38 1.67 9.06 4.82 3.65 7.88 4.48 1.70 2.93 7.73 3.38 0.34 1.29 7.02 9.26 7.67 4.54 0.74 4.54 9.98 1.57 3.92 3.32 4.59 9.44 1.71 5.22 3.01 7.64 4.64 2.20 6.48 6.95 8.82 0.30 2.19 5.98 7.73 9.17 3.48 4.95 5.48 8.47 8.67 2.52 7.55 1.71 6.39 7.85 6.66 1.84 0.59 1.18 5.80 9.17 7.43 0.21 7.44 7.01 2.04 6.47 6.69 3.51 5.31 9.10 8.11 8.06 5.55 6.39 3.71 2.77 0.45 9.79 6.99 2.33 1.55 7.00 7.25 1.55 2.49 0.36 4.51 5.86 7.53 5.78 1.34 4.03 0.02 2.69 4.92 4.60 0.64 9.04 4.04 3.19 8.68 5.61 8.19 2.25 2.66 4.62 3.39 6.17 5.01 3.84 6.53 4.36 0.70 8.37 9.36 8.94 4.38 4.25 3.71 2.18 9.04 5.27 3.53 1.43 0.22
5.81 9.20 0.87 5.50 4.58 1.21 3.24 9.19 9.31 0.62 4.38 9.69 9.35 8.81 0.63 8.62 1.16 0.33 3.83 2.16 5.17 2.57 1.10 4.37 6.82 3.57 7.40 5.06 2.78 1.26 2.23 2.12 1.64 8.13 1.41 7.95 2.30 0.61 4.94 5.71 2.42 5.96 1.33 2.62 5.67 2.66 6.68 5.48 3.07 0.64 9.36 3.43 6.01 0.65 4.38 9.37 7.93 9.74 9.79 7.28 4.60 6.66 6.08 1.25 3.99 1.93 9.60 6.52 0.03 9.07 3.16 4.72 1.61 6.62 4.02 6.98 0.26 7.12 9.39 9.82 9.62 1.64 7.93 4.22 7.54 6.61 4.83 4.87 2.99 8.49 3.28 2.62 0.12 6.77 3.39 2.19 0.17 7.68 9.95 0.46 7.56 5.32 6.69 4.72 2.03 6.95 9.51 3.16 2.67 5.97 5.47 7.97 3.46 8.02 4.07 4.24 8.49 2.53 1.09 4.41 2.13 1.07 9.43 1.57 4.38 4.59 5.54 5.66 2.74 4.82 3.10 6.02 6.01 2.89 1.90 1.24 3.75 3.14 5.18 1.27 9.52 9.70 5.35 3.26 0.96 3.35 5.63 9.42 6.39 8.67 1.77 5.81 2.15 4.45 3.77 4.21 5.79 8.07 6.65 5.11 8.91 1.59 9.42 9.82 0.11 4.06 2.82 2.29 6.49 8.78 4.52 7.41 2.86 3.20 0.09 0.35 2.89 6.25 7.54 5.69 7.88 2.48 4.58 0.65 7.12 9.84 5.23 9.04 0.19 9.46 1.16 4.88 7.02 9.33 8.80 3.47 7.91 1.76 5.60 1.72
0.05 5.13 3.30 7.10 3.70 0.17 7.87 8.60 6.27 4.15 9.29 0.85 7.78 0.65 0.79 5.24 1.97 4.47 9.35 8.18 4.58 2.11 0.55 1.31 2.59 4.32 3.38 2.14 2.19 4.40 8.06 0.86 7.97 2.40 7.38 6.89 3.23 3.61 4.87 8.71 8.56 2.27 5.79 5.43 8.02 2.61 7.43 6.93 5.33 2.15 4.90 8.94 4.95 6.16 4.62 0.75 5.82 5.50 8.78 2.54 0.80 4.52 8.73 1.70 5.58 4.38 9.29 3.48 8.24 2.49 1.57 0.66 8.96 0.69 6.89 2.64 1.27 6.53 3.62 2.21 8.38 1.27 0.96 8.31 5.53 7.01 2.02 0.66 9.05 4.36 9.76 7.73 8.64 6.05 9.94 3.99 7.47 3.76 8.27 4.28 5.17 3.29 8.75 9.09 5.45 0.23 8.23 7.21 1.93 1.17 7.77 7.35 5.55 1.29 5.64 2.41 6.47 9.76 2.32 1.02 2.22 0.20 1.07 8.12 0.61 6.40 4.66 9.76 9.18 5.37 1.42 8.73 1.90 1.81 4.05 9.16 6.36 0.55 1.42 6.07 5.74 6.79 9.70 3.11 0.63 5.10 6.48 8.84 4.17 2.57 8.84 9.30 6.56 9.74 1.50 6.43 2.56 1.18 7.08 9.01 2.28 0.12 4.53 2.76 8.75 3.09 4.53 8.40 4.55 7.33 3.71 7.83 6.64 9.96 1.40 9.44 3.78 5.37 8.94 4.96 5.01 5.59 4.46 1.88 5.68 7.94 1.07 1.18 2.96 5.96 9.18 6.57 1.40 1.99 3.00 1.99 5.25 5.31 7.23 1.72
7.85 2.12 1.46 5.03 9.67 2.66 1.24 5.65 9.02 5.46 3.13 0.34 5.78 6.20 4.45 3.73 5.93 2.09 1.57 6.83 1.35 1.23 4.85 1.86 5.13 7.97 9.41 2.80 7.72 1.29 0.91 3.99 0.78 8.98 4.56 0.22 0.74 0.87 8.37 0.26 8.24 8.89 2.69 0.25 7.22 7.96 0.27 9.74 9.45 9.38 0.75 9.64 9.77 9.06 1.29 7.98 9.76 5.39 9.61 3.77 3.08 7.85 4.17 7.94 8.82 0.98 9.52 5.62 4.07 3.95 7.02 6.66 8.42 8.88 2.66 1.73 6.21 6.06 3.34 1.79 9.85 9.02 5.18 0.94 8.82 9.90 7.06 5.39 4.49 8.01 3.43 1.24 5.87 8.96 1.04 6.99 5.61 8.55 9.29 9.24 3.49 9.38 1.73 8.64 4.35 3.91 4.43 0.24 2.95 4.61 0.48 2.65 9.07 6.65 7.19 5.71 1.21 2.65 3.47 2.13 9.74 7.05 8.34 9.27 7.86 2.40 6.49 2.97 3.39 2.26 5.90 3.67 6.17 5.45 7.82 1.00 6.16 7.03 2.80 8.85 6.47 9.70 5.10 2.69 9.03 1.38 9.86 5.70 9.68 0.11 0.24 6.39 2.31 8.13 8.31 6.83 9.54 4.81 7.71 0.24 2.89 9.83 0.18 2.22 1.23 3.89 7.92 4.40 8.85 8.12 2.13 5.46 7.43 9.08 0.98 1.59 1.47 3.44 9.26 2.00 6.17 1.23 2.34 2.24 8.17 6.44 8.39 7.02 3.31 5.14 6.40 9.05 8.71 5.65 2.72 5.92 7.05 5.23 3.01 8.13
9.42 0.83 6.24 6.15 7.55 0.49 5.26 3.96 0.73 8.14 0.32 9.15 2.92 8.87 6.77 4.30 7.56 7.02 5.87 2.41 1.16 8.31 4.98 3.18 9.45 2.60 2.73 3.87 7.16 1.44 4.71 3.22 3.41 8.08 1.71 9.96 4.51 7.96 2.90 9.22 2.27 3.81 1.22 4.11 3.51 1.08 1.62 3.68 2.39 6.40 6.62 0.84 6.64 8.25 1.90 0.91 5.82 8.79 1.56 2.02 3.60 3.85 3.18 8.52 3.07 1.03 5.73 1.89 4.53 5.81 1.66 3.23 6.42 4.13 2.30 4.56 6.40 6.60 4.98 3.27 7.12 9.64 1.48 0.41 3.51 2.03 8.23 3.63 0.72 7.33 9.65 2.30 3.10 4.48 9.97 9.16 2.49 7.60 3.38 3.55 9.91 1.39 7.11 1.92 3.87 3.41 3.36 2.05 1.86 6.55 7.36 5.79 9.60 3.85 9.32 3.42 7.89 0.14 9.63 9.40 5.70 8.51 6.44 1.77 7.23 0.31 5.98 3.47 6.21 6.49 2.84 6.50 3.36 9.18 7.81 7.97 7.81 8.50 5.63 2.48 0.16 5.72 8.40 3.58 3.61 5.96 2.58 2.08 3.04 0.55 4.48 2.67 1.34 6.07 0.84 3.02 3.05 3.98 4.11 5.39 6.37 0.54 5.46 7.48 5.67 5.23 7.44 5.70 6.67 2.88 7.18 1.06 1.75 5.45 2.74 2.48 2.95 5.73 2.62 0.76 9.58 6.15 0.23 7.54 7.64 6.19 7.32 5.00 3.39 8.60 8.35 9.76 9.54 5.43 8.38 7.29 1.73 3.06 1.87 9.04
1.84 8.63 9.90 2.07 4.89 0.76 3.07 8.82 4.51 3.59 8.47 4.15 3.99 2.60 0.09 5.49 7.81 7.41 2.88 7.17 9.92 5.71 0.91 8.28 8.80 8.53 7.20 6.51 6.15 6.59 1.87 9.09 4.48 4.26 1.64 7.24 6.95 2.03 5.50 8.91 4.60 6.43 9.45 2.64 3.37 6.04 0.31 2.98 5.96 5.22 8.78 2.99 2.39 4.23 3.79 9.72 7.54 3.64 1.99 2.39 8.11 6.49 3.20 1.19 2.66 4.99 7.00 3.68 2.11 8.11 9.42 7.17 0.01 6.17 4.66 5.37 4.98 2.08 5.26 5.97 5.44 5.93 9.04 6.37 1.22 1.75 1.62 1.77 9.30 1.07 8.31 9.23 6.13 1.45 4.19 1.85 0.33 2.30 1.88 8.86 3.05 0.09 2.23 6.54 5.21 0.83 3.39 3.41 8.92 8.40 7.64 8.71 6.60 5.33 7.36 2.10 3.73 0.96 6.46 9.07 2.48 3.14 8.41 3.33 5.10 9.48 8.53 5.12 4.00 3.13 7.83 5.45 5.15 8.04 0.93 0.26 5.08 8.32 7.04 5.25 1.76 3.98 6.81 7.23 4.36 2.72 6.62 1.01 3.75 2.37 3.26 8.06 9.43 2.93 0.95 3.54 2.16 8.41 6.63 9.56 3.76 1.04 9.42 5.35 2.39 4.09 7.55 7.67 5.56 3.89 2.25 0.55 1.76 1.88 7.84 9.21 0.30 2.90 2.99 9.20 6.24 4.38 6.46 2.58 3.01 5.21 9.74 8.22 0.44 1.25 5.01 2.19 2.06 8.07 1.24 2.14 1.18 4.98 1.53 8.16
3.37 2.56 8.30 9.25 0.35 9.89 0.77 9.17 2.64 1.17 5.36 8.73 9.74 0.05 8.42 5.63 5.28 9.28 2.22 8.54 2.07 3.28 9.47 2.33 6.06 2.06 5.06 3.65 0.19 4.29 9.84 8.65 0.95 7.80 0.77 2.06 0.77 6.47 0.69 0.14 8.38 5.55 1.95 9.56 6.10 9.68 7.95 9.06 9.46 0.74 2.47 7.06 1.09 5.65 7.32 0.49 1.69 6.61 6.28 7.34 2.77 8.06 7.87 0.23 6.66 2.68 4.67 0.15 1.41 1.77 1.52 6.32 2.36 8.10 1.12 3.51 1.39 7.64 4.76 6.20 5.70 4.42 7.32 9.58 1.76 7.07 8.13 8.62 6.14 5.89 9.08 0.83 6.28 0.02 2.51 6.72 0.56 0.85 7.75 0.48 0.20 1.26 3.33 8.46 3.19 8.57 5.73 8.45 8.02 8.38 9.72 4.94 8.54 8.04 8.04 3.88 8.26 3.43 1.09 6.29 8.94 8.99 8.96 7.84 1.03 4.38 1.66 9.07 4.77 6.38 0.71 3.63 0.80 3.62 5.27 5.10 9.72 3.09 9.56 9.84 5.45 5.94 7.94 7.24 2.53 6.26 2.28 8.57 4.48 0.11 4.34 2.78 1.21 6.04 4.84 3.93 9.49 5.04 7.44 5.13 6.99 5.70 7.49 4.80 5.45 3.94 4.34 7.91 0.59 8.53 1.64 1.46 7.84 4.48 3.29 1.33 7.77 5.96 5.23 2.07 3.89 3.21 2.02 1.85 6.23 3.68 3.61 7.41 2.22 5.07 2.73 7.80 6.94 3.61 6.38 6.81 1.23 8.37 1.62 4.36
5.21 4.81 4.52 6.63 6.91 4.49 7.52 9.23 1.68 2.91 5.92 8.88 1.22 5.34 1.89 1.51 7.15 3.60 8.70 3.43 0.42 9.91 2.82 0.34 4.83 7.90 8.55 2.76 8.73 0.98 3.76 7.92 1.71 8.20 8.01 0.41 8.42 7.49 9.41 8.36 9.15 5.34 9.92 0.56 6.34 6.01 8.52 7.46 1.79 6.91 3.44 3.50 6.91 8.56 2.99 8.32 8.24 9.72 7.61 1.38 5.23 4.85 1.66 1.43 0.25 3.28 9.94 0.12 5.40 1.15 9.46 3.70 9.42 8.76 9.04 6.29 5.34 5.82 2.49 5.00 4.01 1.63 7.32 4.67 6.18 2.87 6.76 2.28 6.46 9.14 3.63 9.51 2.36 2.29 3.36 2.05 3.23 5.30 0.31 3.53 7.23 5.94 9.02 3.64 4.54 6.81 5.71 0.80 5.09 5.44 3.75 6.58 3.94 5.41 4.82 6.43 3.16 7.99 4.73 4.82 5.85 3.14 4.47 9.54 6.23 2.78 9.41 8.59 8.40 2.43 8.77 7.73 9.41 7.63 0.54 4.79 3.30 8.26 6.91 4.52 5.74 3.62 8.87 9.09 4.85 8.70 8.07 9.47 0.42 9.07 6.03 3.74 5.96 2.51 6.23 7.08 1.66 2.26 8.43 4.97 7.19 1.73 8.33 0.56 2.84 3.61 3.25 8.53 2.42 1.04 2.62 7.23 1.99 1.28 0.95 0.01 4.19 2.86 4.36 1.12 2.02 4.64 9.21 2.07 9.77 6.37 1.14 8.16 1.70 3.53 9.72 3.69 6.18 2.57 4.02 1.55 9.52 2.49 0.46 9.74
7.14 8.07 5.33 3.79 1.12 4.97 5.69 0.70 7.56 9.99 5.49 5.90 9.82 4.32 6.42 1.41 3.79 4.76 2.79 1.25 0.86 5.08 6.52 3.61 5.11 7.33 0.88 3.70 7.29 1.06 0.14 2.20 0.42 3.83 4.68 0.41 4.18 5.19 5.64 5.89 1.30 0.84 7.85 1.08 5.52 3.99 6.15 0.04 0.27 8.10 5.71 4.01 4.13 4.27 9.19 3.96 5.56 4.15 1.19 0.27 8.92 0.28 1.13 9.88 3.45 2.28 2.62 6.49 1.53 1.99 5.37 2.81 8.40 5.64 3.12 1.64 2.75 6.38 8.40 7.56 2.09 3.91 7.50 6.51 0.10 7.28 8.77 4.37 6.89 6.52 6.69 2.35 4.91 4.80 4.42 2.28 8.42 5.04 6.04 5.94 9.73 9.91 4.04 0.79 3.09 6.54 7.06 3.32 3.46 1.93 1.11 7.39 7.24 5.54 9.56 2.82 1.86 5.00 2.30 6.10 7.13 0.18 0.96 3.31 1.20 8.79 7.18 1.76 8.88 8.30 5.00 5.69 4.84 7.44 0.99 8.82 4.79 3.88 7.02 1.55 0.66 8.37 2.84 3.26 0.92 7.79 8.22 5.77 6.44 6.45 8.21 1.93 4.75 0.73 6.61 4.02 1.77 7.69 7.20 9.07 5.71 9.16 6.11 3.92 8.16 2.71 5.35 5.02 5.01 7.33 10.00 1.54 7.87 3.76 9.17 7.55 4.01 2.20 6.21 7.51 3.68 0.29 4.71 3.49 8.93 5.63 2.60 3.99 2.94 8.58 4.81 3.58 3.93 4.36 8.58 5.76 8.41 2.67 0.03 4.94
4.85 0.09 1.52 2.51 9.43 7.71 6.77 3.55 0.64 2.42 0.63 7.18 2.68 9.45 0.83 3.83 8.89 5.34 8.44 9.89 1.22 4.25 7.56 5.96 9.58 1.37 5.08 2.35 1.90 8.33 0.18 0.06 8.00 5.13 4.84 9.29 2.96 4.40 3.56 4.04 4.18 7.27 4.24 2.40 0.03 1.75 4.74 8.86 0.47 9.02 7.58 0.65 9.47 0.39 6.31 9.59 2.24 0.33 4.38 4.70 9.59 8.71 6.36 5.33 7.16 3.84 9.22 4.81 2.22 5.63 9.50 1.95 9.36 3.46 8.33 3.29 6.80 4.62 4.25 6.84 8.59 0.42 0.42 4.70 7.30 4.72 1.32 4.87 6.67 3.28 0.27 2.66 1.60 2.01 6.87 9.07 2.02 2.54 7.16 1.84 7.94 0.29 2.66 9.99 2.76 7.10 4.76 9.27 0.13 4.20 2.28 3.51 7.14 9.49 6.81 3.70 6.85 5.04 3.84 0.36 8.53 8.09 0.59 0.82 9.79 6.22 6.14 1.03 2.42 2.75 0.12 0.56 4.63 4.70 4.46 4.84 2.92 0.13 6.89 7.64 0.05 0.05 7.64 5.21 8.43 2.27 5.08 6.91 2.88 5.06 7.36 0.67 4.54 9.76 3.12 3.71 1.68 5.20 8.65 6.09 8.77 9.74 5.35 1.69 6.77 5.33 8.58 1.47 2.04 3.76 3.75 1.88 6.71 5.29 9.86 3.55 8.73 7.12 9.29 1.41 5.42 9.99 4.70 2.57 1.70 4.26 0.23 8.45 1.65 6.39 3.64 2.46 3.91 6.06 3.55 2.01 2.52 7.75 9.78 3.01
6.08 6.01 4.05 8.75 0.76 2.44 1.76 2.89 1.87 6.08 9.14 2.94 5.93 9.62 0.12 9.00 6.69 5.55 2.81 7.27 0.07 4.87 8.39 0.63 1.15 7.42 4.18 9.87 6.95 8.78 4.48 9.77 9.95 7.23 7.92 4.64 6.11 3.17 8.39 0.74 0.67 5.82 7.98 4.48 8.06 2.57 1.29 9.34 4.10 1.64 1.37 1.57 4.29 8.15 2.53 6.51 1.74 4.93 1.32 7.45 8.34 6.65 3.12 3.56 3.23 9.52 8.40 5.33 5.52 2.54 8.02 4.17 5.35 6.15 2.46 0.27 6.17 5.76 9.43 5.19 2.53 5.38 1.72 1.22 7.84 1.66 5.54 2.55 0.56 1.36 3.43 8.44 2.03 1.60 8.89 7.37 5.21 3.29 6.17 4.39 1.88 5.06 9.43 9.94 2.74 5.47 0.33 2.35 5.74 6.44 6.81 1.79 9.91 1.07 6.60 8.41 1.78 7.72 4.88 2.23 3.43 0.75 0.55 0.04 8.46 6.12 6.91 0.84 8.70 1.90 7.61 1.54 7.14 8.41 6.96 9.68 7.51 1.02 2.92 8.73 9.62 8.04 7.84 0.00 4.47 8.48 8.68 5.91 8.85 9.74 7.85 5.72 2.79 0.58 6.04 1.15 1.68 5.85 5.22 5.30 2.92 7.45 7.46 2.24 1.40 3.48 7.81 1.78 4.13 7.71 5.30 5.27 7.47 0.72 0.90 4.93 0.51 8.22 6.20 6.43 0.98 5.28 4.75 5.29 8.42 4.78 9.39 5.17 6.73 1.02 7.72 8.27 9.90 3.80 0.90 8.05 5.98 1.02 4.75 6.05
8.05 5.60 6.39 2.48 3.93 3.10 4.07 4.43 6.37 9.91 3.32 1.68 2.01 2.76 1.37 9.84 8.64 8.00 4.14 6.51 2.54 8.35 3.80 1.81 6.63 3.50 8.70 1.26 6.43 2.51 8.60 6.44 2.74 8.27 5.03 6.18 9.15 5.30 0.87 3.18 6.40 2.19 0.84 1.19 6.05 7.92 7.46 7.55 3.89 6.48 9.55 2.36 8.40 2.35 1.39 4.15 0.66 4.49 6.84 2.27 5.02 2.86 6.39 1.54 5.73 4.17 8.18 5.06 5.02 7.63 1.31 8.89 8.60 4.77 3.63 3.74 8.02 1.02 3.31 3.61 3.00 4.55 8.59 0.40 3.37 5.14 3.92 0.30 3.89 4.61 8.83 1.09 7.89 3.42 3.94 6.62 8.16 2.33 6.46 6.73 9.33 5.30 2.59 4.88 5.29 8.59 9.49 5.57 5.51 5.03 0.86 7.61 3.28 8.56 6.57 9.41 0.43 8.60 9.93 8.89 2.21 5.59 3.06 5.71 9.77 9.24 0.82 4.29 2.95 5.46 4.13 8.67 5.48 0.84 3.67 7.33 6.54 2.37 4.25 6.81 5.18 7.31 3.42 1.51 6.69 8.36 7.44 9.25 9.55 4.14 1.08 5.92 3.61 8.42 7.76 6.23 8.64 4.21 3.43 7.29 3.58 0.75 3.14 2.27 5.57 6.25 5.99 2.57 3.69 2.19 1.33 0.02 2.52 3.59 1.12 8.64 1.08 0.96 0.83 5.79 6.96 4.52 7.39 4.76 0.26 2.10 6.36 9.15 7.82 2.63 0.85 1.75 6.78 2.72 4.77 8.37 7.34 6.26 3.73 2.09
1.36 8.41 1.92 1.90 2.90 8.54 2.37 3.11 0.44 6.64 3.51 1.07 9.30 0.08 8.38 2.90 7.63 4.73 7.43 0.20 2.22 7.66 2.64 0.03 9.10 8.22 0.59 3.43 2.01 2.69 5.08 5.91 5.18 2.99 3.41 3.14 8.23 1.18 8.02 2.07 0.66 5.70 2.23 9.07 9.88 2.38 5.37 5.85 2.22 5.27 3.44 6.20 3.45 2.62 9.42 6.51 8.22 8.43 6.91 4.98 7.04 7.03 6.22 2.52 8.58 1.46 1.78 8.45 3.61 6.87 1.06 9.92 6.54 5.01 8.37 7.59 6.38 3.50 3.27 0.80 5.43 0.42 8.47 0.37 5.95 8.32 1.40 2.81 1.25 9.77 4.30 6.21 2.45 7.02 2.94 3.89 8.52 5.23 7.94 0.48 5.32 8.50 1.30 1.62 0.03 8.39 4.31 5.78 5.84 7.23 5.58 7.74 6.89 6.34 7.36 3.95 7.24 2.70 2.25 5.01 1.28 6.29 2.04 5.25 5.60 3.18 8.72 6.19 4.49 9.01 7.48 8.05 6.85 2.14 1.33 5.82 5.96 8.49 0.30 4.54 3.96 3.02 9.71 8.44 6.29 2.29 4.20 1.16 2.68 4.62 0.45 7.39 3.32 2.54 5.15 1.09 6.72 8.65 2.84 0.72 8.44 0.12 1.48 6.82 5.23 3.13 3.68 8.96 9.29 9.19 0.88 6.23 6.54 9.57 6.60 0.59 9.79 3.30 7.35 7.09 8.09 0.82 6.18 8.25 0.34 8.20 0.28 2.61 6.55 7.41 2.74 0.74 6.53 2.09 5.91 7.08 5.54 8.27 5.93 3.31
0.94 7.44 5.22 5.57 4.70 9.08 8.57 9.35 2.34 4.88 8.27 4.92 6.54 9.00 9.90 8.58 5.68 1.27 0.43 6.12 1.19 9.88 1.97 5.81 3.12 3.74 4.73 2.68 5.73 8.25 3.08 4.84 0.11 3.80 4.60 9.45 4.98 2.76 4.07 0.66 1.38 3.16 4.76 4.16 5.90 8.23 3.98 3.40 0.52 3.49 8.57 4.14 4.50 4.06 8.45 8.67 7.04 2.68 9.01 0.55 7.62 4.70 1.26 5.72 8.12 6.24 6.79 2.25 2.48 7.60 6.38 3.48 5.05 3.17 1.09 0.27 5.16 5.34 6.49 4.76 6.43 1.20 1.99 5.08 5.21 0.98 7.18 6.51 4.64 4.03 5.49 3.00 5.58 7.87 2.40 9.91 6.71 1.41 6.51 3.16 6.75 1.21 8.95 1.26 9.68 1.12 4.59 2.60 5.07 5.26 6.92 4.02 6.45 1.40 2.80 0.00 8.41 5.52 7.62 8.56 3.67 1.01 1.89 8.79 7.63 8.61 1.90 5.66 3.43 2.68 8.45 6.43 7.58 1.75 4.90 9.44 1.85 9.73 9.60 0.88 3.55 3.22 1.48 3.56 1.63 3.07 9.62 6.03 3.54 2.36 0.83 4.23 5.56 8.78 4.26 2.16 0.54 8.16 2.75 5.81 8.35 8.00 3.27 8.11 6.07 8.57 4.85 0.46 3.43 2.33 6.07 9.66 4.78 8.01 2.20 1.27 0.72 4.92 7.29 8.33 5.04 5.51 3.17 8.57 8.22 0.80 8.24 2.56 8.65 7.26 9.46 4.48 3.72 0.63 5.16 7.43 0.33 1.89 5.86 1.83
9.95 1.66 7.34 9.51 7.50 8.67 6.84 1.04 8.64 2.67 6.59 7.25 6.06 1.24 0.30 1.14 8.93 8.70 7.88 6.62 3.44 8.06 8.06 9.56 8.32 9.57 0.52 6.68 2.52 6.02 4.50 3.88 4.69 9.71 2.61 6.15 1.58 7.06 5.34 7.05 7.05 8.15 9.25 2.72 2.78 5.10 3.21 3.79 8.77 1.19 4.35 8.45 2.10 7.67 6.31 6.77 8.87 9.41 6.01 1.08 7.03 7.32 7.86 0.69 5.62 2.34 0.32 1.30 9.73 2.37 3.85 5.14 8.87 9.72 3.84 3.97 0.07 8.69 2.72 1.78 2.19 4.60 4.47 9.02 3.12 5.18 5.29 1.51 0.21 4.69 6.48 5.56 7.15 7.21 7.62 9.75 9.14 9.46 7.72 5.06 6.62 5.50 1.45 4.87 0.07 7.28 5.27 9.80 6.34 6.23 4.35 8.68 2.57 1.54 5.98 3.67 7.84 7.32 0.58 4.32 2.01 5.92 3.42 2.36 9.94 2.91 9.20 3.85 6.36 1.18 2.32 0.78 4.38 5.79 9.54 4.66 0.95 5.16 3.42 2.41 0.58 2.15 0.08 6.94 8.89 9.84 4.64 2.98 1.21 8.88 9.41 5.17 4.52 0.12 1.47 7.63 2.43 7.24 5.58 4.69 7.60 5.27 9.55 8.51 3.38 5.82 6.22 0.84 5.75 1.19 3.71 6.27 3.14 8.98 8.29 4.29 1.04 1.08 1.98 9.73 7.16 5.16 2.63 4.08 6.31 4.43 1.05 1.60 4.72 1.91 6.92 6.95 7.50 9.20 2.28 4.08 4.08 3.32 0.31 3.06
5.03 5.52 4.96 2.97 1.15 9.04 4.57 2.03 6.31 3.12 4.98 4.99 2.43 9.01 7.78 3.38 2.16 6.46 7.31 3.68 1.79 0.94 7.81 4.08 9.86 7.26 3.07 2.60 5.02 4.90 1.98 1.60 1.49 7.59 9.34 3.08 3.55 6.17 6.91 0.87 3.11 6.60 8.81 1.10 1.02 8.45 7.49 0.63 2.93 2.04 3.10 5.46 4.60 7.81 9.47 4.12 2.70 8.55 8.12 5.72 8.62 0.74 5.58 2.44 4.05 2.28 0.29 2.53 9.75 7.78 7.34 7.20 0.56 4.91 4.04 4.32 9.22 5.80 9.93 4.43 0.34 9.88 1.46 0.33 9.49 8.10 8.40 6.86 0.99 5.82 7.15 1.64 7.82 2.26 1.36 7.98 6.70 8.92 1.45 3.40 3.32 6.62 9.49 9.41 1.07 6.33 9.28 2.71 2.86 5.58 8.40 0.22 7.07 0.04 6.50 3.36 7.67 9.55 6.99 4.36 1.38 1.81 2.73 7.78 6.20 6.22 7.70 9.80 8.27 6.30 1.01 8.96 1.38 2.82 5.02 6.10 2.23 6.74 7.38 0.34 6.08 3.96 4.50 6.08 7.42 6.14 5.07 0.95 2.80 5.73 7.34 3.17 3.04 9.91 9.20 8.01 0.58 9.47 4.13 7.14 9.34 9.90 1.78 3.42 8.11 7.21 5.32 5.19 5.75 3.12 2.47 3.03 1.64 2.75 3.40 6.33 4.05 2.41 5.03 6.38 4.67 1.86 2.94 7.51 8.41 1.02 3.28 4.82 7.08 5.93 5.23 3.56 1.97 1.23 0.85 8.30 9.92 3.65 0.49 5.14
1.15 1.20 6.23 2.00 4.76 5.93 1.09 8.76 6.52 8.95 5.61 9.29 3.38 3.77 9.13 9.61 2.36 0.42 2.87 7.02 5.10 4.29 2.38 7.89 3.24 8.96 9.87 5.03 1.01 2.09 2.82 6.48 2.23 0.19 8.09 9.79 9.39 4.65 0.49 7.28 8.85 7.70 9.25 3.55 0.04 5.54 8.58 0.38 1.79 5.07 7.12 8.00 1.46 5.24 6.30 5.58 0.16 9.23 4.97 2.57 5.61 5.30 5.42 3.09 7.76 7.69 2.07 7.45 7.97 8.31 8.44 1.44 1.50 3.57 3.01 7.73 5.30 0.39 9.54 0.33 9.88 5.07 5.68 9.44 1.78 1.62 0.16 3.36 9.47 7.75 8.60 8.27 9.07 4.65 9.66 4.39 4.17 7.48 2.68 6.07 5.27 2.67 2.04 0.49 4.72 7.32 3.16 3.19 0.19 0.10 7.78 8.24 7.79 2.55 6.62 7.70 4.62 2.35 8.35 2.64 1.41 2.80 1.89 7.26 9.23 2.17 3.35 5.88 5.33 2.24 4.78 7.00 4.12 3.29 9.48 9.93 0.59 1.24 4.31 2.72 8.45 5.30 5.66 3.03 8.16 7.84 6.01 2.05 4.92 5.79 6.68 3.05 9.71 9.19 7.97 5.93 6.14 4.97 7.32 4.97 9.05 9.02 6.28 0.84 2.31 9.14 8.33 9.32 9.85 3.63 9.48 6.80 0.49 1.99 1.40 3.34 2.40 5.92 7.81 4.11 9.09 4.95 8.09 7.74 0.05 7.16 2.20 7.97 3.28 5.00 6.56 0.70 2.97 3.59 9.15 8.08 1.12 3.72 0.44 1.11
3.54 3.04 5.71 3.60 7.13 0.02 6.27 8.30 3.77 6.75 8.97 2.15 7.07 9.36 0.41 6.17 4.32 3.03 3.82 7.41 7.81 9.43 0.09 7.12 6.46 8.93 2.39 4.74 9.36 4.73 9.92 2.61 8.84 2.45 2.10 8.89 7.62 6.47 4.75 0.18 9.28 5.86 1.66 7.87 9.96 8.92 1.18 5.46 3.21 8.02 4.29 9.94 9.86 6.84 7.41 9.45 0.26 9.91 7.62 2.57 8.48 7.50 1.38 3.71 1.83 2.84 2.14 6.09 8.51 9.68 1.14 9.06 3.03 6.47 3.21 1.97 4.54 6.62 7.27 8.30 3.87 4.64 9.44 9.70 8.77 2.60 0.57 8.12 9.02 7.42 6.62 9.24 4.87 3.87 2.83 5.58 3.10 3.82 5.58 1.86 9.21 7.05 4.80 5.89 3.18 6.00 5.50 2.59 1.76 4.80 7.00 2.74 0.77 8.84 6.19 4.08 7.58 7.87 7.11 8.23 7.84 4.73 5.33 5.52 3.61 2.79 1.82 6.89 6.19 1.96 6.26 6.33 8.45 7.73 0.34 8.48 3.03 9.44 1.81 2.95 8.49 9.87 6.99 8.09 4.61 3.31 7.69 8.03 3.69 1.46 3.41 4.02 6.74 4.17 8.32 9.97 9.09 7.59 6.72 2.17 4.44 3.45 2.67 7.54 2.86 5.72 2.85 7.73 1.24 9.77 5.34 0.84 9.55 1.81 7.38 8.57 1.19 2.81 0.73 0.62 1.58 6.90 3.04 6.07 7.65 5.66 1.10 9.21 5.46 3.46 2.50 8.56 1.72 8.62 6.68 0.48 3.00 5.86 0.77 0.32
3.67 8.86 5.20 7.50 4.34 0.93 2.44 4.04 6.18 2.93 0.87 0.87 6.72 0.53 8.88 4.78 2.52 8.29 8.12 4.18 5.37 6.28 4.00 8.77 2.32 4.52 3.41 5.11 8.32 7.32 0.13 1.61 3.61 9.14 0.08 2.77 3.08 4.21 0.91 7.18 7.15 7.00 5.29 9.46 3.13 7.57 3.42 4.02 2.16 2.70 0.34 7.97 3.41 3.86 7.06 5.30 8.53 4.35 5.13 8.86 1.70 0.44 2.16 8.15 0.73 7.11 6.30 0.61 4.06 5.05 5.41 8.87 9.94 8.95 3.75 0.48 4.43 6.06 5.64 1.86 6.84 1.71 6.23 3.04 3.63 3.92 4.56 5.76 9.83 9.26 2.59 7.87 3.51 0.92 9.87 4.05 1.24 0.75 5.74 8.70 1.32 6.95 0.32 8.43 5.83 9.28 5.52 6.25 6.68 9.60 8.51 8.21 0.87 5.59 4.02 0.18 8.83 3.60 4.97 3.84 4.59 2.76 2.08 9.03 5.84 1.10 1.30 4.89 8.60 6.80 9.21 1.14 4.01 9.02 3.40 1.19 3.80 2.16 1.03 1.79 4.32 0.69 2.85 6.88 4.43 7.76 9.65 9.86 3.10 6.72 2.43 3.10 2.10 1.86 4.33 7.95 4.30 1.92 3.75 0.73 4.11 7.76 1.45 7.36 2.94 5.26 7.62 0.40 3.51 9.70 5.69 5.49 8.19 8.70 8.99 2.25 9.03 3.04 1.78 6.43 0.30 8.98 4.76 2.90 4.39 1.82 8.49 2.68 0.71 7.03 4.02 5.47 2.62 2.85 4.32 3.34 9.24 2.15 2.70 1.19
8.26 0.03 2.65 2.16 3.38 7.61 3.35 3.21 6.76 7.59 7.99 5.41 5.89 0.72 0.46 3.99 0.82 7.13 3.48 2.42 7.87 0.88 6.68 5.05 7.61 1.70 0.20 2.38 2.20 0.48 5.45 0.04 8.46 7.75 3.02 0.44 3.60 1.20 9.83 4.72 3.66 5.75 5.18 9.27 2.44 7.85 1.30 5.16 1.86 8.33 9.66 7.38 7.99 4.96 2.93 5.11 5.47 9.53 5.55 0.83 5.46 4.89 0.76 6.55 2.72 6.85 6.00 4.36 4.95 8.02 3.42 4.88 2.84 4.64 2.18 8.42 2.98 4.32 5.43 7.99 9.57 1.56 0.24 7.05 6.14 1.35 0.07 9.32 1.16 2.20 8.40 4.29 3.18 0.18 4.39 7.24 8.94 2.12 0.23 5.94 3.30 9.32 2.43 2.52 0.16 6.18 3.05 4.67 9.61 4.59 4.88 8.76 7.97 9.50 4.68 4.40 4.91 1.85 6.18 0.36 7.86 8.68 2.17 8.65 6.05 9.32 1.14 5.98 6.74 4.04 7.89 8.55 1.21 8.97 3.49 3.57 4.85 1.39 1.76 0.68 7.08 5.88 6.43 8.36 1.59 5.82 7.86 3.08 8.29 5.95 6.08 4.26 8.86 1.93 0.28 8.77 3.44 8.92 5.69 1.72 6.42 3.10 9.15 6.64 6.09 8.06 5.67 6.85 1.47 7.23 7.06 6.70 0.20 9.30 1.31 0.76 5.52 1.87 0.52 4.86 3.75 3.24 0.27 5.76 6.61 0.83 2.71 5.61 4.24 4.89 3.90 3.28 6.49 7.95 4.68 8.67 0.31 0.19 0.90 2.69
5.35 4.73 9.89 0.32 8.97 4.24 8.65 2.60 4.09 3.74 7.99 2.16 0.77 9.35 9.45 8.66 9.40 4.15 0.43 8.54 3.23 2.55 5.61 2.45 4.56 5.03 7.57 9.36 4.02 1.34 6.73 9.42 9.75 0.03 6.22 2.54 7.22 8.22 9.46 5.78 7.65 9.73 9.27 7.68 7.82 0.68 8.27 3.90 0.64 6.09 0.94 3.75 5.56 1.67 0.95 2.84 3.43 9.92 9.04 4.39 5.33 8.54 5.53 7.60 0.33 4.30 8.47 2.16 8.55 2.37 1.77 8.76 6.18 4.59 4.35 8.58 6.39 5.66 2.99 5.43 5.62 8.38 3.61 8.46 7.67 1.08 1.95 0.61 3.08 7.94 2.67 2.77 0.05 8.15 0.48 2.28 3.55 3.61 4.91 3.24 4.43 2.18 4.52 9.51 2.03 6.43 5.93 4.68 6.74 6.69 6.38 4.97 9.75 1.44 1.21 8.85 9.68 9.26 4.37 6.48 0.79 2.83 2.38 2.46 3.93 2.57 7.89 7.71 8.38 3.48 4.54 6.68 5.73 3.38 5.80 0.02 8.35 5.32 0.14 1.11 0.17 6.20 1.28 5.17 1.44 5.51 3.61 7.84 6.08 4.71 2.30 3.12 4.03 7.40 8.81 3.14 0.09 9.13 8.16 7.99 5.08 8.95 2.39 1.09 5.94 7.18 6.86 1.24 0.89 2.71 0.64 0.81 4.46 9.74 9.62 0.78 7.72 5.81 7.41 0.81 4.99 3.63 6.23 0.88 4.18 3.38 4.56 4.38 1.99 2.47 1.85 6.64 2.28 8.21 6.77 5.22 7.55 2.58 8.49 5.14
5.20 8.91 6.72 3.87 8.23 5.41 10.00 5.38 2.31 7.42 4.95 2.63 6.86 8.51 9.61 1.54 8.14 1.21 8.68 7.58 6.45 4.41 5.40 4.37 4.54 2.11 7.86 2.49 9.50 1.72 9.66 4.09 1.38 4.36 4.34 1.34 6.13 8.65 1.18 9.21 0.38 4.31 9.76 1.04 7.50 1.47 4.42 3.67 2.91 2.60 3.36 6.99 4.95 1.82 8.50 6.07 2.78 0.37 0.33 7.11 1.91 8.46 7.60 5.85 9.81 5.92 0.42 0.72 9.05 7.28 5.40 7.76 8.51 0.06 9.07 9.63 8.45 5.99 6.96 1.45 2.86 1.83 8.51 0.75 5.51 7.06 5.04 4.84 3.45 7.83 1.78 5.03 7.22 0.66 9.27 6.87 5.08 3.04 7.76 4.99 1.61 7.52 5.84 5.77 8.62 7.46 7.95 6.48 9.32 9.01 2.85 3.85 0.06 5.88 8.60 4.03 3.91 1.56 5.19 9.69 2.07 7.64 1.92 5.12 5.22 1.18 2.79 1.95 7.69 1.52 2.35 2.42 0.61 0.04 8.11 5.40 0.73 6.89 8.08 1.48 2.85 5.12 8.68 5.96 1.95 2.98 6.83 0.00 6.04 8.59 5.09 8.33 7.77 8.02 0.34 4.24 5.04 5.36 5.91 4.05 6.95 4.13 3.02 6.76 5.42 8.51 3.61 5.87 6.28 0.74 1.02 9.77 3.30 2.67 3.56 9.40 5.48 4.28 9.14 6.30 4.45 0.29 2.72 9.96 3.50 3.40 8.53 1.95 3.99 6.61 0.80 2.32 8.26 3.09 7.99 6.50 3.95 6.69 9.47 8.16
3.79 7.22 7.58 1.34 5.24 1.39 5.07 3.59 1.99 8.74 8.91 4.18 8.13 8.85 2.01 0.43 8.35 1.60 6.49 2.92 7.23 5.76 7.86 9.80 9.95 2.07 8.25 8.87 5.05 3.04 1.89 7.36 4.31 8.69 9.73 0.81 2.08 2.35 3.08 8.17 6.42 3.77 6.96 9.34 7.74 6.38 5.41 0.58 0.69 4.62 8.70 8.80 8.79 7.41 7.69 9.34 2.64 6.06 5.69 6.69 3.93 1.19 8.50 7.62 8.02 5.47 9.89 0.39 7.64 4.85 3.69 1.57 4.53 10.00 0.89 9.00 9.68 1.03 0.63 1.99 8.63 6.58 9.44 5.01 1.13 8.79 1.85 4.50 6.94 3.78 1.92 2.59 2.69 4.83 2.02 4.20 9.75 9.74 9.55 3.54 0.08 1.68 7.78 0.59 4.69 1.73 0.32 7.93 8.44 9.71 0.14 2.79 3.28 5.78 1.19 3.73 5.29 1.57 5.37 6.63 8.51 3.68 9.81 0.21 6.17 6.59 8.58 7.74 2.19 6.53 7.52 6.92 6.62 9.60 7.46 5.76 3.64 3.06 9.23 3.78 2.96 4.88 7.20 7.52 3.72 5.34 4.16 6.12 1.73 5.69 0.21 7.56 0.27 9.39 2.13 8.83 3.27 1.33 2.18 7.84 2.58 1.91 3.36 5.73 7.81 7.35 8.90 3.34 2.49 5.89 6.40 7.65 1.22 5.18 4.55 5.94 7.59 1.64 5.60 1.75 3.28 1.52 6.31 1.02 2.30 9.79 1.14 2.29 2.19 5.62 3.47 7.47 2.83 3.73 9.55 5.77 7.48 5.49 9.34 8.15
3.05 8.51 8.63 3.68 1.58 0.49 7.72 8.38 7.69 0.12 0.21 4.43 1.03 3.07 8.30 3.26 6.89 5.36 1.74 9.79 3.72 9.59 4.73 5.65 6.06 0.23 5.11 1.77 0.41 7.47 1.31 0.30 4.67 1.70 4.91 6.20 3.59 8.29 9.28 4.27 8.60 2.03 8.59 2.80 0.43 4.84 8.43 6.46 2.81 2.22 2.92 2.48 2.90 9.72 7.55 0.82 2.61 4.19 4.18 1.40 5.10 2.57 7.58 2.76 3.32 0.93 6.39 7.30 4.41 5.85 3.37 7.42 4.12 5.53 9.40 9.40 8.02 8.80 3.07 1.21 8.64 9.16 2.92 7.94 8.92 0.75 3.91 8.52 0.17 9.23 3.89 4.92 5.22 8.34 9.49 8.89 7.25 6.16 9.29 9.00 7.78 4.82 3.23 1.86 0.79 1.80 0.22 2.21 9.31 1.47 7.73 0.41 4.76 3.51 3.62 8.42 8.13 9.79 9.11 0.04 3.61 4.03 4.31 0.51 8.54 5.80 8.40 4.41 2.88 8.23 6.38 1.22 2.52 1.86 8.25 6.55 0.98 4.65 8.43 5.02 0.20 6.76 0.60 2.30 5.52 7.80 8.06 8.04 3.27 5.84 2.09 2.11 4.38 8.99 4.76 0.87 1.92 6.86 5.72 5.16 3.38 4.70 9.23 3.51 0.21 4.47 7.96 4.03 4.94 4.57 0.64 0.72 4.63 0.25 8.26 8.77 0.43 0.14 0.69 5.46 1.02 3.09 6.15 9.67 4.76 7.31 9.36 5.53 0.98 4.11 4.55 2.59 1.27 8.16 6.07 4.80 9.29 9.29 1.72 1.04
1.91 0.25 6.95 1.71 5.05 4.47 1.72 4.02 0.52 8.97 7.26 7.37 0.49 1.14 3.60 9.24 4.45 0.61 6.72 6.64 8.65 6.54 3.35 1.53 0.80 9.58 4.30 8.44 6.10 6.86 4.67 1.77 7.96 4.08 6.63 1.87 5.00 8.16 4.73 5.71 0.15 6.43 4.56 4.97 1.12 0.46 1.00 7.05 4.94 1.98 7.83 2.23 5.50 2.71 5.96 0.10 8.49 7.83 0.51 2.75 5.28 6.03 7.40 2.92 1.60 5.68 1.34 2.18 0.87 8.85 1.11 6.87 2.68 0.15 2.30 0.37 8.00 4.29 7.38 1.99 0.29 5.10 9.36 1.63 6.98 3.48 7.18 4.87 8.08 5.58 2.43 8.46 8.65 5.35 3.52 5.14 3.23 6.55 4.68 7.53 7.49 6.45 6.13 9.57 5.87 8.33 2.64 7.21 5.68 6.23 1.56 1.60 5.28 1.58 1.80 1.47 0.36 1.93 6.25 0.65 8.41 6.70 2.90 7.88 0.81 1.24 8.77 7.02 5.35 0.25 5.04 1.08 2.84 0.51 6.12 8.42 1.40 9.29 9.90 1.06 6.54 1.58 8.16 1.13 6.84 5.18 9.21 5.73 1.52 1.23 9.67 9.70 3.86 7.12 2.76 4.38 7.01 9.21 8.65 0.03 5.38 3.56 6.49 6.86 3.32 3.94 0.64 2.36 3.16 6.23 7.02 4.55 5.54 1.73 7.05 3.75 3.42 6.67 8.38 3.07 4.85 2.42 0.20 6.25 9.71 4.76 8.78 1.18 9.47 0.66 1.08 8.47 2.20 3.17 2.97 6.12 2.99 0.00 2.94 8.75
0.06 2.97 0.03 9.52 7.08 2.72 2.52 6.25 3.02 1.74 4.28 9.52 5.48 4.92 2.80 5.36 2.42 2.29 1.47 4.61 5.73 8.00 4.32 1.53 8.77 0.66 1.28 9.75 0.58 8.91 3.70 4.92 7.49 1.76 7.07 4.16 4.99 3.94 2.63 8.69 2.81 2.85 6.21 2.17 7.10 3.03 9.09 2.38 7.99 0.56 3.31 2.62 9.31 9.75 6.10 0.83 2.21 4.33 7.46 5.31 9.99 8.71 4.21 3.00 7.08 1.22 3.33 1.12 9.46 2.61 2.22 3.25 7.03 3.52 6.82 3.18 3.71 0.80 5.68 4.45 5.01 6.94 8.94 2.74 5.22 0.86 4.88 8.02 9.53 4.91 7.10 4.12 1.45 1.72 8.58 1.13 6.53 5.84 3.42 3.08 9.85 6.41 3.46 9.50 4.17 1.76 6.70 6.37 2.68 9.34 4.58 7.86 1.05 4.87 9.04 7.99 6.84 8.41 6.49 9.29 3.59 5.79 8.82 2.98 8.89 2.89 2.32 0.63 3.16 0.53 1.85 0.25 5.63 4.76 7.11 5.78 9.37 5.79 0.00 1.47 3.96 4.60 8.74 8.87 0.93 7.88 9.72 4.60 7.32 8.33 3.60 5.81 6.22 8.18 9.75 8.51 3.19 9.83 7.77 5.69 4.94 3.33 0.09 0.71 3.97 6.37 9.98 7.12 7.63 1.53 0.76 5.04 6.81 9.51 7.48 0.09 5.18 7.76 2.96 6.93 4.76 3.48 9.86 8.22 1.33 5.54 4.06 1.53 3.16 9.00 1.80 0.10 0.32 8.43 8.96 7.11 3.52 7.21 8.51 8.66
6.35 6.02 5.14 3.77 8.64 8.72 1.75 7.82 6.55 7.35 7.90 2.56 6.01 5.29 2.62 4.47 1.38 2.03 1.68 1.61 2.95 5.63 7.15 4.92 6.49 2.76 8.70 4.30 7.60 2.86 7.68 0.22 3.61 7.96 6.84 6.99 5.65 4.62 1.12 2.35 2.96 1.57 4.49 3.11 8.60 8.59 4.51 2.69 7.36 2.35 1.66 4.95 5.34 7.35 3.52 1.27 6.03 4.79 2.89 5.17 2.71 0.61 7.05 4.69 9.02 6.72 5.65 6.92 7.07 9.19 4.18 8.16 0.32 2.73 5.88 5.45 7.47 5.64 6.68 1.69 0.25 7.53 2.72 5.15 9.04 8.19 8.04 4.47 6.46 6.05 3.14 4.68 3.01 2.18 1.91 4.77 1.85 1.70 9.66 3.06 3.00 4.33 8.30 6.87 9.96 5.55 9.99 9.12 4.89 3.49 5.56 1.80 4.09 3.64 6.11 4.50 8.53 9.04 2.04 4.62 0.53 6.82 7.88 2.93 9.08 7.34 2.11 7.37 7.62 5.58 0.39 4.18 7.52 0.52 4.33 8.39 4.59 6.64 4.15 6.73 2.38 4.56 1.19 9.07 9.73 5.66 7.71 5.50 6.68 2.78 5.03 3.06 2.61 6.74 0.89 1.89 8.29 4.77 5.88 0.10 8.78 1.70 8.99 7.43 2.91 8.36 2.43 5.08 4.99 9.33 8.81 2.22 4.19 4.77 0.84 1.25 8.52 7.93 7.90 5.46 5.79 4.49 8.08 4.86 0.99 2.12 2.69 5.25 3.65 1.73 4.83 9.93 8.18 2.61 2.20 5.07 0.85 0.54 5.52 0.53
9.93 5.83 0.54 3.00 9.20 3.94 5.29 8.97 4.88 0.53 8.98 0.43 9.48 1.83 8.61 0.44 2.10 3.48 7.17 9.89 3.63 0.91 1.62 6.13 0.14 3.53 2.64 6.31 0.67 4.19 8.78 1.82 0.90 5.20 5.21 5.93 0.40 6.98 9.53 1.47 5.52 5.01 7.70 7.66 0.95 9.63 8.58 2.88 5.04 0.65 8.03 3.65 5.80 5.00 8.65 0.15 2.23 6.57 9.54 2.12 0.17 9.60 4.29 3.20 2.50 5.37 6.98 2.42 0.48 9.38 2.50 6.74 7.28 9.51 2.04 8.27 6.88 8.30 3.94 0.36 9.55 8.21 9.58 1.28 9.86 2.53 0.44 6.88 6.98 9.97 4.67 5.62 6.73 3.60 1.57 6.65 0.16 6.54 1.11 2.77 7.05 8.61 2.74 4.42 5.87 2.62 2.29 4.58 3.31 0.49 1.56 2.85 8.46 0.53 9.58 8.74 5.98 2.05 4.88 7.28 0.49 7.18 6.91 3.54 4.75 5.72 8.69 1.44 7.28 6.55 1.90 8.08 7.28 7.59 5.10 5.39 8.50 0.40 1.81 9.42 8.30 5.25 7.99 0.25 5.95 2.29 9.55 0.08 8.38 2.63 2.22 9.14 3.43 6.63 7.82 5.83 9.08 2.88 8.35 1.74 1.79 6.42 0.03 6.07 4.43 0.60 0.13 8.20 0.21 3.62 3.08 9.70 4.00 3.96 4.03 2.20 2.57 8.65 8.63 1.05 3.28 9.88 1.69 6.19 5.64 9.40 4.37 9.57 4.53 2.40 8.98 8.73 5.67 5.55 4.99 8.07 3.17 8.77 7.13 1.76
0.46 1.22 4.66 0.87 6.95 7.78 9.94 3.59 7.34 5.02 7.86 3.60 5.49 6.45 7.58 2.86 5.54 1.62 0.96 0.58 8.31 5.85 0.64 3.74 6.57 6.27 5.60 1.12 7.27 2.67 2.44 4.01 0.81 8.84 8.26 2.57 5.46 2.04 8.20 0.95 2.63 4.88 6.69 5.06 4.78 4.09 9.18 5.57 5.84 8.96 2.65 1.74 3.20 1.83 9.89 6.15 0.29 6.77 3.13 8.80 3.63 2.28 9.92 0.75 4.80 5.81 3.76 6.88 1.13 2.76 5.46 0.28 9.80 3.73 0.53 7.86 6.06 4.49 2.98 1.50 9.14 5.06 4.87 3.75 7.19 5.95 6.08 5.64 2.01 8.29 4.06 1.63 9.82 0.19 6.08 4.08 0.28 6.96 5.97 7.76 2.76 2.68 4.40 8.66 9.40 9.74 2.13 8.61 7.44 4.43 1.72 7.90 1.15 1.19 3.97 7.13 4.79 8.43 4.09 3.39 1.43 6.81 1.07 2.75 9.40 6.47 2.31 8.38 1.92 4.39 2.03 9.38 4.95 3.60 5.85 4.95 0.99 6.94 1.32 0.93 5.55 3.83 8.87 9.98 8.96 8.45 6.21 7.21 2.28 2.73 4.66 8.56 2.89 7.21 4.16 9.25 2.11 7.43 8.67 0.23 2.86 7.42 4.81 2.76 5.18 7.91 6.83 8.33 0.49 3.79 0.24 4.82 4.64 5.14 1.78 8.30 0.52 1.29 4.99 9.78 7.61 3.53 2.69 9.48 3.98 8.59 8.78 2.43 4.29 1.40 7.27 3.99 8.65 3.77 6.26 6.10 1.34 1.02 5.98 4.56
2.94 4.33 4.53 3.31 3.91 4.91 5.15 9.33 9.72 3.20 6.91 3.67 9.40 6.96 7.43 8.91 3.18 9.04 9.84 4.64 4.74 4.90 0.35 3.28 5.28 3.19 4.90 8.48 5.18 5.32 6.69 4.62 7.85 3.74 1.45 1.94 3.02 8.40 1.82 7.49 8.38 7.17 3.51 4.64 5.63 7.48 8.06 8.64 5.29 4.23 5.00 9.41 1.06 2.93 0.70 9.53 8.11 3.18 7.38 1.39 5.26 1.51 8.94 0.81 5.41 1.68 1.80 8.81 8.80 8.46 5.84 6.94 9.30 4.39 0.73 1.56 4.70 2.66 7.79 6.04 0.86 3.07 2.71 9.75 2.96 9.31 1.90 9.52 4.07 8.94 6.27 7.26 3.57 5.42 5.14 5.31 7.50 2.69 7.19 6.89 5.60 3.02 5.74 7.59 0.18 8.90 4.09 5.09 5.68 3.77 0.54 1.17 3.74 1.96 0.03 8.65 7.49 9.35 6.73 9.05 8.75 1.87 2.32 6.47 9.51 4.72 6.72 6.25 5.43 6.86 8.41 9.61 2.40 8.13 3.42 8.22 4.11 2.42 0.44 9.66 4.09 5.31 9.53 0.33 0.45 3.24 6.78 7.67 9.40 6.13 3.66 2.67 5.62 8.89 3.08 6.31 3.32 2.79 1.30 6.44 6.36 1.73 2.38 4.28 2.97 8.44 2.86 9.11 8.26 0.01 0.39 8.22 8.66 6.27 3.47 3.63 2.55 1.52 0.72 1.38 4.17 6.03 9.47 4.87 8.88 2.29 9.50 4.53 2.58 4.48 9.28 3.16 4.40 3.52 7.57 4.26 4.62 5.94 5.56 9.06
6.50 0.77 4.79 7.30 9.70 1.11 1.59 9.60 5.66 3.26 0.19 7.79 7.68 2.82 6.08 8.60 2.54 7.45 9.60 2.31 9.17 8.90 8.24 3.89 7.75 1.12 9.37 1.42 3.40 4.75 1.66 6.23 3.36 9.54 6.28 6.62 1.58 5.11 8.50 8.23 8.77 7.55 3.10 9.22 9.06 3.42 7.04 3.27 6.20 3.76 0.46 6.87 7.69 9.36 1.69 1.37 4.62 6.18 5.34 2.04 3.93 3.04 8.62 3.21 1.69 5.11 4.90 9.31 1.84 8.47 2.09 1.47 4.18 7.93 7.86 5.32 0.05 4.01 3.30 2.08 8.65 1.73 3.05 0.72 9.39 3.29 3.85 0.43 2.56 9.27 9.34 5.34 8.38 1.85 4.64 2.86 1.03 9.28 6.21 7.56 9.96 1.69 9.35 3.93 3.74 7.80 2.65 8.77 5.66 5.51 7.58 7.13 9.87 9.62 5.85 8.88 1.21 9.34 9.47 4.17 8.58 2.92 0.17 9.49 4.73 9.49 8.07 9.40 0.35 8.19 9.33 2.58 0.63 8.68 1.69 0.72 7.45 6.28 2.09 8.47 3.57 0.11 2.63 5.44 8.72 7.94 5.22 8.62 7.53 3.75 3.83 2.49 4.78 5.71 5.15 8.75 3.85 3.01 5.43 8.52 5.60 9.08 3.32 9.79 1.58 3.15 0.72 7.91 8.38 2.86 3.79 3.99 8.45 7.90 2.07 6.80 6.88 3.47 4.59 8.55 3.19 6.85 3.67 1.73 3.74 7.76 4.10 1.71 5.51 6.19 5.24 3.34 6.96 8.01 9.13 2.69 7.23 2.85 3.87 8.43
8.68 4.27 7.27 7.05 9.70 8.24 5.04 9.97 1.08 2.40 3.46 9.14 3.28 4.81 3.23 5.01 1.77 3.08 8.31 6.97 7.99 8.90 9.22 5.79 8.75 0.95 3.10 3.35 6.35 1.83 4.12 6.02 8.19 6.64 7.87 6.06 9.49 9.27 5.28 6.97 1.42 8.61 8.74 8.32 1.79 8.76 5.51 6.83 7.21 1.67 7.24 7.52 7.34 6.49 1.03 6.54 6.75 2.76 8.54 9.76 7.82 0.01 5.59 6.57 5.48 2.98 2.29 6.63 1.99 8.56 4.30 3.21 8.22 3.51 1.95 0.54 8.70 1.68 0.79 7.38 8.26 0.83 4.38 9.68 0.68 9.49 5.60 7.79 6.02 0.96 4.26 5.45 5.96 6.14 4.93 8.70 7.95 9.78 9.21 4.55 3.82 4.54 2.11 6.28 9.75 8.24 7.18 0.42 4.29 3.29 9.94 9.20 0.30 2.48 8.95 8.06 8.09 4.96 3.74 7.84 9.25 1.14 6.72 3.13 4.41 8.17 5.72 2.75 3.63 5.63 0.40 6.22 9.50 7.24 3.24 1.70 8.48 6.64 9.57 4.89 6.71 3.28 2.99 2.99 8.20 6.60 7.31 4.25 4.25 1.72 6.85 8.83 3.53 4.34 0.33 6.73 6.60 1.70 9.40 3.01 3.77 1.74 1.47 4.34 9.61 8.48 1.73 5.04 7.52 4.78 7.16 9.70 7.90 7.44 0.13 0.25 6.82 2.04 3.13 1.55 2.70 2.21 1.83 2.45 0.18 4.35 0.01 1.85 0.51 3.24 8.88 0.10 5.41 7.89 8.56 4.45 1.73 8.35 3.54 5.25
8.69 0.10 7.15 6.91 8.98 0.92 7.30 0.08 9.43 1.45 7.55 0.20 2.81 9.01 3.47 6.43 3.25 2.10 8.61 5.54 4.83 2.66 2.85 7.62 7.32 0.88 9.63 1.72 0.47 1.41 4.79 3.07 9.83 5.96 4.47 8.98 6.42 8.70 1.57 1.39 7.43 3.49 3.19 6.76 0.47 2.85 1.49 6.20 8.63 1.00 2.15 5.87 3.15 4.58 5.46 0.82 4.29 7.05 9.65 9.03 7.23 6.97 6.73 0.86 1.79 1.80 1.82 6.02 3.33 7.48 9.39 7.84 2.24 6.49 9.71 4.42 5.66 2.74 4.46 9.13 6.97 8.16 8.50 5.54 8.09 3.07 6.93 1.44 6.76 4.38 9.25 8.90 2.50 1.99 5.42 4.14 9.13 4.31 9.08 9.23 8.64 2.23 8.39 2.79 4.99 2.15 0.96 5.12 5.16 8.98 1.59 4.48 6.73 8.45 3.97 0.77 6.79 8.36 0.05 5.69 0.95 5.41 5.01 3.11 0.95 9.73 0.63 7.39 6.20 3.84 0.63 6.05 5.54 7.61 0.10 3.47 8.91 2.98 6.64 9.54 9.93 1.98 5.66 6.06 4.10 5.79 3.70 7.60 1.15 1.04 9.04 7.13 6.49 0.52 0.38 0.76 6.45 3.88 4.80 8.31 7.17 9.95 0.27 7.28 2.01 2.41 8.97 7.80 8.88 5.89 6.11 9.14 4.27 8.97 1.98 4.14 0.17 9.77 0.37 8.36 8.78 6.23 2.40 1.46 1.95 1.11 0.25 5.15 4.78 5.97 4.69 9.49 2.12 5.03 0.97 8.75 6.33 5.65 7.81 7.04
4.75 8.22 8.47 4.23 8.63 7.93 4.17 1.82 6.98 1.87 9.70 6.58 9.26 5.08 7.18 7.66 7.40 3.43 3.27 2.29 6.44 8.96 2.29 2.51 0.38 3.68 4.46 6.85 6.27 7.05 3.45 6.89 8.29 2.10 0.31 7.11 8.45 5.75 4.68 6.00 6.68 5.39 1.27 5.80 1.66 9.90 4.52 5.55 2.73 4.11 3.11 5.17 1.77 0.62 1.39 2.93 2.65 7.92 1.96 3.99 4.75 2.60 3.02 7.20 2.97 0.69 2.88 8.41 9.68 9.23 7.34 0.17 1.21 1.67 8.04 1.85 2.56 4.68 2.12 7.59 8.48 7.62 8.72 0.64 9.22 7.38 9.12 0.06 3.49 7.97 9.05 6.14 3.25 4.29 6.33 0.33 4.05 8.27 2.90 3.05 7.32 2.72 8.87 6.34 1.75 6.34 3.26 0.69 6.50 6.74 8.01 0.30 4.51 3.69 9.97 7.22 8.55 3.66 5.37 1.42 3.91 4.70 2.96 4.84 8.62 7.75 8.28 6.84 7.62 7.14 7.90 7.37 2.16 4.18 3.71 1.63 0.43 9.71 5.63 4.91 4.32 3.21 0.21 6.48 3.25 5.60 3.94 6.96 9.35 9.65 3.65 1.86 5.02 9.97 3.52 8.12 8.59 2.16 6.09 7.55 5.58 0.57 5.66 0.73 2.46 7.53 8.48 0.17 6.95 6.13 1.74 9.73 4.97 2.58 7.31 6.58 1.90 7.37 4.23 2.28 6.97 0.29 6.96 3.21 3.51 0.36 4.97 9.34 4.17 6.15 4.20 5.49 7.54 6.75 0.20 1.22 0.35 7.70 2.61 1.73
0.79 5.83 8.77 0.51 5.82 9.86 1.19 8.93 2.20 6.50 8.88 9.58 4.16 3.40 5.85 0.09 8.65 7.90 2.80 8.73 4.41 5.45 2.59 9.65 9.72 6.03 3.95 4.60 9.12 0.31 2.82 7.31 2.93 5.14 0.30 8.45 1.60 5.70 0.11 6.89 6.13 9.49 5.94 4.47 0.80 7.86 7.73 7.55 8.21 9.28 4.31 4.14 6.49 4.75 4.50 5.22 6.65 0.93 2.86 1.68 5.62 6.83 2.44 7.59 7.73 3.84 0.13 0.75 8.57 4.75 1.40 7.57 0.01 4.13 0.77 4.83 3.12 0.06 0.09 0.55 9.24 4.93 2.85 1.72 8.50 6.51 3.22 7.83 9.77 4.96 0.73 9.10 0.05 6.41 9.50 7.42 8.99 7.23 2.51 6.13 3.09 2.95 1.10 0.15 5.71 1.82 3.64 0.30 6.55 0.97 0.31 6.41 4.75 0.54 0.45 9.61 3.95 1.35 3.54 1.68 6.29 8.07 9.46 4.31 5.47 6.05 3.04 0.70 1.22 0.12 8.99 4.12 0.23 0.35 7.57 5.67 3.00 4.32 0.86 9.91 1.05 3.90 4.79 6.98 2.00 1.96 3.75 5.93 9.68 5.03 4.60 8.53 0.12 9.47 9.75 0.37 6.47 9.65 1.17 6.88 2.23 5.50 6.53 4.74 6.82 0.70 5.30 5.75 1.54 9.22 3.79 1.80 0.38 9.98 0.24 5.03 8.58 6.48 9.53 6.74 8.32 3.16 2.62 2.19 3.06 0.87 3.01 4.56 4.66 3.32 8.81 7.93 8.62 3.03 2.22 4.95 3.93 8.85 3.80 9.96
2.31 4.93 1.27 1.20 3.53 9.74 3.51 7.12 7.22 8.63 4.59 0.98 2.41 2.36 0.06 5.16 4.94 7.33 9.78 6.62 8.95 0.71 6.49 7.61 0.32 3.70 6.37 7.70 1.07 1.07 7.77 9.71 0.71 5.15 3.60 3.72 8.14 5.22 1.99 3.27 7.92 1.90 4.11 3.97 6.42 8.79 5.22 9.75 3.08 9.03 8.49 9.85 0.15 9.68 8.03 3.04 3.29 4.73 3.74 2.10 3.61 1.36 7.61 8.43 4.50 8.00 6.31 7.45 9.16 0.79 3.15 0.01 5.74 3.25 3.99 7.96 9.20 1.64 8.79 3.35 9.69 6.59 2.18 6.78 8.91 6.41 5.33 9.40 5.89 2.79 9.99 5.75 0.45 1.63 5.70 4.83 6.95 3.97 4.82 2.75 9.08 6.87 6.76 3.42 6.46 2.31 6.11 2.10 0.52 6.98 0.62 7.97 2.09 1.92 5.73 1.56 3.98 5.57 1.72 6.13 8.51 8.48 1.36 9.12 6.57 9.03 4.71 5.99 9.29 6.31 5.36 6.90 7.89 0.45 6.55 5.49 7.04 6.86 1.44 4.48 8.18 9.18 0.88 7.41 6.08 3.19 2.16 3.50 3.43 7.99 4.73 1.31 2.40 2.31 9.48 2.92 0.31 8.64 9.05 7.15 8.13 9.29 6.54 0.75 1.27 9.35 4.28 4.70 7.17 9.40 6.83 1.70 1.57 7.83 8.47 3.43 7.03 9.58 6.14 0.11 1.61 9.90 4.75 2.08 7.36 4.69 0.95 1.92 4.96 9.84 5.23 6.34 6.07 2.56 2.75 1.95 7.14 4.78 1.66 9.77
7.47 9.67 9.46 8.28 6.94 8.11 2.40 7.78 0.52 4.08 2.37 6.06 5.99 0.66 3.94 3.01 7.55 0.63 5.84 1.46 1.22 6.27 0.21 3.11 4.18 0.94 6.85 7.27 9.23 2.54 7.24 5.68 3.97 8.44 7.91 4.45 6.94 0.84 2.08 3.68 0.34 1.30 5.53 0.26 2.06 0.46 1.49 9.70 7.26 5.02 0.86 6.57 9.74 8.76 1.23 8.70 6.76 8.86 8.86 0.95 6.41 3.23 2.83 4.83 7.41 8.12 9.11 8.05 8.01 5.85 3.79 2.06 9.01 6.54 7.31 7.47 6.50 7.42 0.19 0.94 9.84 5.24 1.31 4.37 7.71 0.30 9.49 8.83 2.01 4.13 8.56 0.53 6.50 7.30 1.12 2.62 1.23 1.06 2.60 8.46 5.83 5.42 0.86 9.60 3.22 2.27 0.73 9.71 0.37 7.92 1.63 4.19 4.46 4.56 5.16 4.78 4.20 5.14 4.65 0.82 4.40 2.70 3.22 8.75 3.03 6.55 8.14 8.72 1.66 6.33 6.16 5.21 7.06 6.70 4.31 3.70 8.90 3.89 5.37 9.58 8.69 5.31 4.45 7.24 6.80 4.45 8.06 3.12 5.87 9.82 9.38 5.52 4.74 9.81 9.52 9.09 6.76 2.83 2.45 7.94 7.83 2.82 0.13 3.04 4.97 0.76 3.05 9.50 6.66 4.96 0.35 0.43 8.35 7.45 6.33 3.30 9.42 0.82 8.90 6.47 5.50 6.80 7.01 0.28 9.12 2.39 9.15 3.82 3.38 2.28 5.14 6.53 9.66 0.43 4.03 7.63 9.08 5.43 3.05 7.00
0.01 9.15 4.74 6.00 0.63 8.25 7.14 1.16 2.82 0.69 3.87 2.97 0.17 0.95 8.56 6.10 6.47 4.17 2.68 0.70 1.66 7.40 1.95 7.28 4.12 5.95 5.14 2.62 6.68 5.44 1.51 9.23 4.79 7.22 3.98 7.79 1.31 3.45 8.21 5.33 5.74 4.89 5.72 4.18 5.84 8.99 4.02 8.06 7.62 6.58 7.98 2.81 7.78 4.74 8.44 1.13 3.98 3.81 8.25 8.58 1.05 2.40 7.55 4.06 1.95 8.58 2.20 8.90 4.05 7.57 9.59 9.51 8.07 8.58 1.60 0.41 3.45 3.99 1.21 0.85 8.02 1.38 5.63 0.96 6.72 0.93 7.84 8.41 4.06 7.57 2.55 6.89 5.83 0.37 0.48 2.57 6.69 0.36 1.31 9.76 8.33 6.05 0.69 4.59 0.35 1.69 1.24 7.37 1.69 8.97 1.51 5.28 8.84 5.40 0.02 5.63 1.25 6.96 3.85 9.90 4.39 8.35 9.95 6.99 5.22 4.29 2.36 5.34 6.13 0.87 7.20 9.01 4.75 5.71 1.45 4.60 4.31 7.44 6.49 4.31 9.32 4.48 8.73 8.65 4.92 8.41 2.06 9.87 4.40 7.26 9.21 1.58 2.30 0.22 1.40 4.51 1.45 6.55 3.94 1.24 8.91 0.72 0.09 8.30 0.76 5.32 0.83 8.00 3.76 2.23 3.26 5.37 6.31 8.94 4.94 7.32 4.24 8.94 3.47 9.47 7.66 2.84 6.57 3.70 3.28 3.11 3.94 6.55 9.91 9.56 7.68 3.96 7.48 4.15 9.54 3.18 0.34 1.75 0.60 2.15
0.30 6.24 9.22 1.32 5.29 1.67 9.79 1.72 0.23 3.14 5.76 1.26 4.63 0.89 3.97 2.45 2.95 0.99 1.61 0.84 4.02 7.69 7.98 3.49 2.07 6.11 1.13 1.00 4.33 2.77 4.22 7.65 0.46 4.47 0.64 9.92 6.55 6.38 3.55 7.29 3.20 0.67 5.14 4.20 8.43 8.95 1.63 7.17 9.53 1.12 3.19 0.97 3.47 7.29 4.22 7.75 5.23 0.82 9.45 6.15 0.95 1.41 7.28 2.36 7.77 1.57 2.63 9.70 1.28 5.47 5.22 6.79 3.75 0.05 6.10 4.91 3.97 9.51 3.13 6.16 7.01 8.16 1.24 8.19 1.20 8.00 4.79 1.51 4.80 3.82 0.71 7.22 5.89 7.68 8.34 8.58 9.82 5.60 7.81 0.93 4.46 1.01 7.47 9.17 6.87 2.14 7.63 0.03 1.13 7.79 4.84 2.38 0.08 7.85 5.18 4.67 1.42 8.02 5.62 1.79 3.07 2.38 6.18 0.85 5.21 1.51 5.59 1.18 5.03 5.33 1.57 6.55 8.34 6.53 5.94 0.11 4.85 5.07 3.65 9.05 1.64 9.37 4.16 9.19 5.66 3.25 6.73 8.29 5.42 6.96 7.53 3.13 6.24 4.17 5.71 5.16 8.41 4.39 3.14 2.61 5.58 9.74 6.86 6.37 2.42 6.61 0.83 1.50 4.29 4.69 0.44 5.37 6.30 9.48 3.05 4.01 2.68 2.88 4.25 6.91 4.67 5.89 9.98 1.37 4.78 1.04 3.97 9.97 1.93 2.48 3.79 5.66 0.50 4.34 2.42 1.52 5.86 6.27 5.31 8.86
7.73 9.99 7.51 0.77 1.55 4.03 3.77 8.33 6.75 6.28 6.89 0.06 1.27 7.20 0.63 5.70 9.44 0.19 8.86 6.71 0.49 4.18 2.49 6.36 0.20 0.38 3.43 1.18 6.20 0.21 5.09 9.71 4.70 9.44 9.31 2.45 6.00 5.83 5.42 4.40 8.33 3.36 5.37 0.40 7.33 5.47 1.46 8.43 6.11 1.89 7.07 7.26 2.06 2.96 5.51 9.77 1.73 8.29 2.41 9.52 4.86 0.88 8.96 9.01 6.75 7.16 9.46 6.72 9.00 5.45 1.20 4.32 8.83 0.60 1.22 0.39 1.62 6.77 9.26 4.27 9.78 3.45 4.96 2.69 1.56 0.53 7.67 0.58 6.19 6.53 0.73 3.72 9.70 3.62 5.59 9.44 1.80 1.76 1.48 5.84 1.57 0.49 9.54 4.62 3.27 1.34 9.70 6.98 6.56 9.59 2.89 3.22 1.97 2.21 9.89 7.59 7.64 8.05 5.84 0.08 1.36 6.68 5.87 9.69 8.50 5.93 6.90 1.45 9.44 5.99 0.59 1.97 1.84 1.65 3.92 7.91 4.95 8.33 5.42 7.43 3.79 6.82 5.28 9.93 1.34 4.81 9.85 7.37 7.91 2.73 5.45 5.43 6.31 3.12 1.72 8.88 3.79 6.89 3.39 3.06 5.41 2.07 9.05 6.39 7.67 8.40 1.95 9.59 6.77 4.60 1.39 1.89 2.19 1.02 8.05 3.25 3.64 5.26 7.68 3.54 9.95 1.51 6.92 6.64 6.90 3.81 9.50 1.60 7.66 3.13 1.76 8.32 2.10 4.81 4.66 5.73 6.48 0.14 7.62 1.64
3.66 5.99 7.75 8.87 4.40 7.20 3.09 6.82 2.80 3.68 8.55 9.94 8.53 0.27 5.38 8.94 0.65 8.87 7.86 1.85 8.57 7.10 1.73 5.80 0.51 6.72 2.12 8.00 3.34 8.09 3.37 5.49 8.17 9.74 1.59 0.10 7.68 8.03 8.47 3.43 5.85 8.23 5.10 7.86 5.62 3.44 5.30 2.50 9.83 3.99 6.50 4.16 7.41 0.82 8.48 7.40 4.13 5.55 0.27 8.28 7.24 1.94 2.79 0.39 4.94 2.71 4.84 1.32 1.02 7.94 5.49 8.42 7.83 7.12 3.40 6.83 9.05 0.85 2.57 2.45 0.93 4.99 4.19 1.66 1.20 2.97 8.55 6.93 6.99 6.10 1.90 1.80 0.39 2.53 0.67 9.10 5.66 1.98 2.87 9.97 4.18 5.58 5.23 2.63 3.77 6.37 6.11 5.49 8.73 8.32 1.47 5.02 4.18 5.82 5.64 2.25 0.60 4.22 0.10 3.98 7.14 6.66 0.60 2.60 8.28 3.36 4.25 2.24 7.90 5.78 1.69 2.22 4.77 9.55 1.19 7.45 3.96 9.75 2.51 5.24 0.25 4.59 2.72 6.33 1.04 2.75 4.27 7.28 4.68 9.06 0.08 8.60 9.79 8.61 1.66 9.87 9.61 3.27 2.93 8.45 2.80 0.21 6.19 4.36 5.90 6.85 2.21 6.54 1.79 6.77 9.42 8.36 5.89 2.35 2.80 2.55 3.53 0.33 5.91 5.19 7.92 2.52 0.40 1.80 0.43 5.30 6.41 3.93 5.02 4.45 2.33 3.74 1.11 5.52 5.04 2.87 2.03 0.29 1.90 7.31
0.80 5.54 9.89 4.96 2.32 2.53 9.61 6.06 3.31 6.61 0.42 7.13 6.63 0.01 9.78 8.10 6.95 4.12 3.30 4.02 9.85 6.10 4.77 8.04 6.12 5.37 5.84 0.27 9.78 2.88 7.16 5.11 5.98 2.64 2.34 1.84 0.74 6.95 7.98 4.08 0.40 7.00 0.05 5.51 8.68 4.65 2.37 1.93 0.90 5.67 6.75 7.07 0.47 2.05 7.95 3.23 7.18 6.92 1.86 3.00 7.66 4.30 0.35 5.64 0.48 5.41 4.19 8.54 1.38 5.97 2.41 4.51 2.84 1.60 9.21 8.10 4.07 7.28 8.19 6.59 5.62 1.38 6.27 6.27 5.31 6.13 7.89 1.82 8.89 9.31 4.53 1.07 5.95 6.64 6.55 1.08 8.95 5.72 5.66 8.54 1.20 1.08 8.64 2.67 4.42 2.58 9.70 7.22 5.50 6.13 4.29 6.25 4.52 1.44 3.85 7.47 0.60 9.78 4.36 1.25 3.66 8.55 9.18 5.80 6.36 3.58 9.76 6.70 3.39 3.23 8.81 9.19 6.64 0.94 2.56 4.35 6.80 9.37 6.75 0.57 4.32 5.24 5.48 1.95 4.89 8.11 2.89 5.00 5.85 0.29 7.41 6.13 6.78 1.71 4.86 4.37 9.13 8.08 0.41 4.07 5.21 8.18 3.32 7.81 7.23 5.27 8.95 3.89 1.17 2.22 2.62 1.50 2.42 5.57 7.32 5.29 9.82 3.19 7.33 1.56 3.03 5.71 8.38 2.24 8.54 6.60 8.33 4.52 8.22 3.20 9.68 3.74 0.75 6.73 5.26 6.69 5.35 3.88 6.85 2.13
8.11 7.08 3.17 8.34 9.03 0.32 4.33 9.33 0.49 5.10 7.74 1.74 9.84 3.35 0.91 3.18 0.27 4.30 2.18 9.35 7.62 1.80 6.30 4.01 4.91 3.61 1.17 9.41 3.04 9.78 4.19 2.21 4.40 3.94 2.59 8.52 6.39 8.23 4.83 1.16 8.71 6.26 9.57 1.48 8.49 3.12 5.20 2.35 0.60 8.27 7.33 3.70 2.50 1.71 1.19 4.04 3.22 0.76 2.78 0.18 7.69 6.87 3.10 2.68 6.70 6.99 6.92 0.86 6.01 1.96 3.65 9.51 1.40 6.38 4.24 0.57 2.66 7.04 8.23 0.94 2.03 0.57 0.56 8.67 3.87 5.01 9.10 5.58 5.85 9.34 9.40 5.34 9.68 3.58 8.47 0.89 5.68 3.67 0.12 1.06 0.27 8.36 1.42 2.15 8.33 9.57 0.14 6.23 1.96 0.84 9.35 0.16 9.38 1.99 3.01 0.96 4.08 4.65 1.22 1.57 3.69 8.21 2.40 1.77 8.98 3.18 7.19 3.33 8.62 4.15 9.63 9.11 2.62 0.02 0.36 4.34 1.13 9.15 9.76 0.81 6.53 7.74 1.54 1.71 5.66 2.43 9.40 2.19 5.51 6.69 7.64 1.44 1.53 0.61 9.85 7.74 3.18 1.68 8.47 4.98 3.85 8.59 9.07 4.15 1.74 9.61 9.22 9.38 1.69 7.27 3.01 1.71 7.10 1.19 8.95 7.88 5.04 5.39 8.37 4.22 2.76 3.10 2.92 7.99 7.21 9.55 8.23 1.69 1.29 9.85 5.23 9.17 9.67 2.22 4.81 8.72 1.82 5.90 2.24 7.24
8.79 8.32 8.08 5.47 2.19 6.17 1.81 3.66 4.41 3.59 1.76 6.13 4.07 5.49 9.73 0.16 0.72 3.42 0.74 0.78 9.90 4.84 5.27 4.20 7.28 7.31 2.30 4.19 8.40 2.62 3.01 4.63 9.85 9.57 9.75 4.01 5.95 2.14 2.33 0.87 9.01 5.70 5.19 7.26 9.16 2.80 4.05 8.36 1.80 4.40 5.11 6.28 0.59 0.37 1.42 0.82 4.16 4.14 9.12 2.95 0.84 4.93 6.27 5.29 1.43 4.89 4.73 0.97 6.41 7.41 9.67 8.94 8.76 7.04 5.30 7.37 0.67 7.26 2.97 4.75 7.58 9.02 5.01 5.26 0.67 8.06 8.06 6.87 6.24 7.41 2.37 5.33 4.10 9.45 0.66 3.60 3.26 8.55 1.95 6.76 2.61 4.08 8.03 1.24 1.72 7.53 2.57 1.52 7.52 2.72 4.05 0.30 1.58 6.01 3.09 6.10 5.53 3.90 1.89 5.11 8.40 7.65 1.18 5.40 2.09 4.68 6.87 2.14 0.32 5.54 8.83 5.00 8.61 2.42 7.13 10.00 2.22 2.27 6.65 2.80 7.08 5.18 5.68 6.61 6.61 9.29 6.74 3.00 5.99 0.98 10.00 0.65 8.02 6.20 9.25 2.40 9.38 6.69 5.79 9.51 7.40 2.31 1.92 7.12 8.20 2.83 7.37 0.56 9.49 4.23 1.96 9.10 9.26 0.86 3.83 6.94 1.17 3.01 2.14 9.00 6.29 4.00 6.57 1.92 6.86 0.00 1.22 7.39 7.79 2.37 9.17 2.48 8.63 2.52 7.25 0.06 1.95 1.23 6.40 2.78
0.57 0.74 3.41 0.53 3.66 6.32 5.08 3.57 5.17 0.84 5.28 2.52 6.36 9.59 6.12 1.25 9.21 6.19 5.93 3.48 1.10 0.40 1.34 0.12 7.13 8.36 0.12 3.58 5.34 8.35 2.01 3.25 4.66 9.46 3.13 2.29 9.32 5.72 1.76 9.60 8.61 3.40 8.64 8.81 8.83 9.23 4.47 5.89 7.15 6.79 9.51 2.78 1.48 0.59 1.09 5.05 4.51 7.47 2.98 7.66 0.07 4.11 7.81 6.03 6.93 2.28 0.18 1.72 6.25 9.42 2.63 8.57 7.67 4.95 0.95 2.53 8.82 4.30 1.25 7.03 4.37 1.42 3.51 7.01 3.13 7.64 7.38 8.86 0.58 7.03 6.49 9.68 2.51 2.03 0.02 5.89 4.73 6.50 4.48 5.20 8.47 1.77 5.64 8.07 4.93 2.70 1.25 6.85 6.56 3.19 9.99 5.76 1.67 2.02 9.06 8.48 8.78 3.03 4.94 0.18 7.71 5.91 1.49 4.54 9.25 4.30 8.35 8.90 4.23 5.90 1.67 2.33 4.47 5.99 9.10 5.93 8.50 1.06 9.69 8.87 5.93 1.00 1.22 6.63 6.84 7.13 1.84 9.93 7.42 3.25 5.00 7.69 5.72 3.63 2.07 4.35 0.78 2.62 4.83 7.56 8.25 0.96 9.19 6.61 9.56 6.12 7.30 0.79 8.75 2.18 5.80 2.88 5.90 8.36 6.34 8.76 9.57 8.95 2.74 1.35 3.14 2.08 3.49 4.91 0.96 2.77 0.53 1.78 5.19 3.96 3.97 0.35 3.86 3.53 1.26 5.99 3.19 1.08 5.82 7.99
0.65 6.07 8.47 2.81 1.12 5.15 1.34 9.35 4.55 6.46 1.33 5.08 0.69 9.34 5.10 1.14 7.54 3.59 2.28 0.51 3.21 4.15 8.62 7.33 7.56 2.82 5.32 6.08 2.99 4.06 1.35 0.58 0.29 2.83 8.07 8.85 0.50 1.33 3.51 3.12 5.31 6.94 8.65 7.26 5.43 0.55 3.91 7.58 0.51 5.68 2.95 3.02 3.80 2.45 8.96 0.40 1.43 1.87 6.03 8.68 4.85 3.30 9.87 2.63 4.61 0.26 2.60 6.47 7.38 2.25 9.25 7.96 4.00 6.02 5.59 3.74 2.56 8.79 1.46 9.56 1.72 7.94 1.35 4.87 8.45 4.93 4.53 4.38 4.60 8.21 2.33 9.64 2.60 8.55 3.66 1.81 6.71 3.60 6.27 7.85 4.81 8.68 3.10 3.47 2.41 7.20 3.95 4.15 2.91 8.45 4.12 3.66 4.01 8.89 5.63 5.16 1.88 3.27 3.06 1.23 7.84 5.07 7.77 2.76 3.06 3.31 8.08 9.97 5.90 5.98 9.68 6.00 1.19 8.54 9.59 0.98 6.82 5.97 7.73 5.95 3.24 1.68 8.78 5.31 7.21 8.74 5.11 4.74 7.44 9.06 9.88 3.77 4.59 0.89 2.38 6.02 1.85 0.29 1.46 0.39 4.33 8.78 0.81 3.07 7.70 4.27 2.13 4.30 7.16 3.45 6.77 5.94 0.08 5.94 9.83 6.57 7.82 4.29 0.27 6.62 8.49 4.80 9.87 0.64 6.13 3.67 8.90 4.18 1.12 8.72 9.11 0.36 8.90 9.89 5.71 7.64 7.27 4.49 4.30 0.65
3.54 2.05 0.05 5.25 8.82 1.98 5.21 2.76 3.82 7.68 9.73 1.29 6.84 5.73 5.35 1.32 7.55 5.45 6.73 9.26 9.85 2.84 0.29 9.57 2.00 5.24 4.22 6.34 9.68 9.39 1.34 7.48 8.69 2.35 2.05 7.40 5.13 7.35 5.28 8.13 2.56 8.84 2.04 0.48 1.63 9.77 3.18 0.03 0.54 5.89 4.08 8.70 6.26 8.95 3.19 5.05 5.01 8.06 9.82 7.89 8.21 5.57 7.23 7.38 5.61 1.94 3.72 4.04 6.45 3.11 8.70 2.17 1.97 7.61 3.75 6.26 0.64 6.81 9.16 9.60 5.85 2.17 0.34 0.97 0.43 0.45 7.68 7.92 9.85 7.51 0.81 1.76 4.43 5.90 4.28 1.94 9.48 2.92 3.37 7.77 4.74 9.12 2.26 1.08 3.85 7.08 9.65 0.75 7.88 4.60 8.01 2.33 0.61 2.68 5.30 0.34 6.57 7.73 4.90 4.88 6.07 7.91 9.75 7.13 3.01 7.19 8.88 6.83 2.13 4.64 0.42 6.76 6.08 7.33 5.63 8.63 1.68 3.69 7.42 7.11 2.00 1.33 8.79 3.26 5.16 2.35 6.36 3.96 1.69 3.51 8.30 3.03 1.01 8.78 3.28 4.32 9.68 4.75 4.73 9.28 3.30 9.80 0.55 9.78 7.25 3.81 5.37 3.76 7.98 9.52 1.61 1.01 8.74 6.26 5.63 5.31 2.54 7.08 7.65 9.10 3.70 6.90 7.23 5.36 1.84 2.71 1.35 6.13 9.67 7.02 4.69 5.71 3.25 7.73 0.60 1.76 6.49 6.83 8.01 9.89
7.32 6.57 3.65 7.26 3.21 9.38 8.72 5.56 0.33 4.87 7.80 6.68 3.38 2.27 8.44 6.60 9.73 8.34 7.12 1.19 1.07 0.58 6.68 2.98 5.99 3.28 6.53 5.71 8.03 3.58 5.70 8.97 7.57 7.94 8.61 3.45 4.02 3.06 0.26 9.46 8.79 8.65 1.28 7.63 7.24 4.47 9.29 7.96 7.35 3.27 4.53 7.94 4.80 0.98 7.34 3.45 0.42 7.50 3.85 2.18 8.98 4.76 3.10 1.78 8.60 4.92 5.15 4.29 5.59 8.11 0.30 8.79 8.20 9.45 2.53 1.59 3.93 4.67 7.85 4.41 7.92 7.64 9.22 8.59 8.44 3.24 5.06 2.88 9.80 2.34 9.60 6.94 6.30 0.51 8.94 1.45 6.60 3.81 6.47 8.04 6.15 9.30 6.38 5.64 4.65 6.49 2.61 7.14 1.45 0.12 2.38 8.43 1.88 3.97 4.02 0.55 9.09 1.18 6.68 9.29 2.19 5.97 0.97 7.87 1.26 1.86 6.98 3.98 1.59 5.55 2.11 7.67 2.52 6.13 1.80 9.56 0.55 3.85 5.64 2.63 6.55 2.79 9.51 9.06 9.89 7.63 1.03 0.85 4.30 7.28 3.50 1.75 1.03 6.07 7.79 0.84 3.63 5.84 7.85 5.27 5.72 1.25 2.16 8.86 7.04 0.56 5.74 6.03 3.06 5.00 3.48 1.62 3.85 6.39 6.07 6.83 7.42 3.13 9.21 3.52 7.19 7.18 2.17 9.82 1.11 2.94 6.00 4.81 5.14 9.43 3.67 9.17 3.46 0.67 1.55 3.31 2.86 0.81 5.32 6.07
3.14 8.29 6.10 6.43 4.87 2.61 5.00 6.57 3.50 4.64 9.55 5.33 7.08 4.22 1.87 1.44 1.66 6.13 2.40 1.13 3.12 0.57 8.20 1.99 8.13 6.55 0.99 3.02 4.57 0.62 4.60 5.55 7.63 2.80 4.11 8.99 6.50 5.07 5.11 8.14 7.41 1.31 2.12 9.40 9.21 1.37 6.48 6.25 4.66 7.24 5.68 8.54 3.94 6.08 2.48 2.06 1.51 6.82 9.02 10.00 3.35 5.26 6.90 2.76 8.51 5.95 5.54 4.77 1.52 9.29 5.05 5.44 8.58 2.22 9.59 5.68 9.26 7.17 0.34 7.97 8.96 7.34 7.18 4.16 2.06 6.01 0.49 1.69 7.70 2.53 8.23 5.45 2.80 3.61 4.93 2.25 1.72 9.52 9.12 3.77 2.61 3.43 1.36 6.61 7.07 6.59 6.46 1.12 1.34 9.40 4.78 6.77 1.40 4.27 9.68 7.45 5.97 9.28 0.74 0.81 1.71 8.95 6.48 9.74 3.10 0.90 7.20 9.04 8.06 9.16 9.30 7.33 2.64 0.40 0.65 9.35 6.24 5.62 3.67 5.42 5.96 7.36 4.29 5.18 1.66 3.18 7.12 0.15 9.62 3.11 8.82 6.49 4.51 0.73 8.24 8.39 1.74 9.29 2.82 5.28 0.90 3.01 0.12 4.92 4.68 8.01 6.90 3.86 5.05 0.88 5.20 1.49 1.44 4.93 9.50 5.83 2.77 8.08 9.49 9.56 5.21 8.56 4.19 2.31 4.38 3.72 6.93 9.79 1.58 1.98 4.89 4.40 4.44 0.20 1.60 0.43 3.49 4.61 1.76 5.12
0.16 3.54 1.99 5.40 3.28 2.80 4.05 9.04 0.60 2.21 5.74 0.41 3.51 5.98 1.08 9.98 1.05 2.74 0.74 1.21 8.78 9.86 2.45 8.29 2.41 5.64 9.26 9.91 2.18 3.98 7.45 2.89 7.85 3.06 0.51 6.99 5.52 7.82 2.87 4.94 4.42 4.57 1.45 9.84 1.98 2.20 3.57 5.06 9.69 0.95 8.18 3.34 5.69 7.20 6.36 1.65 7.15 9.45 0.73 7.13 5.37 3.35 9.41 0.65 9.75 3.24 1.25 0.71 1.02 4.14 7.83 0.72 7.33 5.07 0.19 4.59 2.61 3.20 8.37 2.56 6.87 0.78 2.42 2.76 5.28 7.80 6.05 7.15 9.48 8.85 6.05 2.92 6.62 7.11 8.88 3.72 7.51 3.68 7.79 1.96 9.25 7.48 6.82 3.44 5.85 7.24 1.56 7.41 1.49 0.59 3.32 7.26 3.22 0.75 3.00 0.77 8.77 5.60 8.86 4.13 8.36 7.10 8.05 3.65 5.37 9.47 4.72 8.59 4.60 1.88 7.46 2.36 6.73 0.88 2.95 3.46 0.20 6.78 7.91 9.80 6.73 8.44 2.28 3.16 6.57 3.84 9.15 3.82 2.79 5.05 3.17 7.22 0.89 9.34 5.06 8.04 2.05 2.71 3.38 8.18 3.36 5.94 0.47 7.29 0.20 4.03 2.41 0.75 9.51 1.29 1.21 5.27 0.10 1.93 2.96 8.52 2.08 3.93 3.31 8.24 7.78 7.46 8.99 9.51 1.21 1.75 2.92 0.51 6.09 3.99 6.91 1.90 6.77 9.93 7.81 4.99 1.85 4.48 7.68 6.64
6.82 0.69 5.17 0.62 5.00 9.13 7.89 1.96 5.74 1.98 4.64 4.33 9.28 6.86 6.47 6.34 3.15 2.24 2.26 5.21 3.39 2.63 6.65 9.34 3.04 7.57 7.35 1.88 6.88 0.78 3.88 0.39 4.55 5.50 4.65 5.62 1.94 0.07 1.21 0.67 9.39 6.23 7.32 1.27 4.33 0.77 1.88 3.03 6.48 7.74 1.78 2.82 2.27 2.83 8.44 3.38 5.86 6.92 1.10 5.38 9.26 2.09 3.90 5.58 6.81 5.62 7.13 6.96 1.32 7.49 9.79 6.84 2.29 7.57 4.98 8.70 0.88 4.35 9.57 6.76 8.85 3.62 1.62 7.91 7.16 2.12 7.02 6.06 1.66 0.74 2.57 4.59 1.32 4.72 0.30 7.57 6.91 5.46 8.50 3.30 9.90 9.19 7.05 1.48 6.88 1.45 0.59 9.95 6.15 3.59 5.01 8.38 8.14 3.82 3.79 1.57 1.62 9.79 1.25 2.90 8.37 3.61 7.30 3.78 9.21 7.39 0.44 6.22 4.89 8.12 6.30 5.49 1.80 1.78 3.26 0.86 1.55 3.45 9.35 9.37 1.92 1.91 9.92 4.75 2.62 9.30 9.00 2.29 4.28 1.15 8.39 9.45 4.32 0.22 0.27 3.90 8.31 7.93 4.33 0.03 0.33 4.24 8.80 9.90 7.82 8.97 5.98 2.83 3.55 2.63 4.81 1.32 9.14 1.18 2.73 3.12 7.97 5.39 9.17 1.91 1.30 8.44 6.21 3.62 9.29 10.00 4.62 1.22 3.81 7.80 0.42 9.17 0.01 4.48 3.10 7.49 8.92 1.37 7.59 0.21
0.56 9.29 6.54 8.29 5.55 6.61 3.01 7.47 0.98 4.08 7.77 1.13 3.14 6.88 8.88 9.83 7.33 6.37 2.03 3.53 3.35 2.40 7.95 0.89 1.59 3.01 3.95 8.56 6.12 8.99 2.26 1.55 6.46 0.93 6.70 5.86 0.14 3.17 0.43 3.38 4.32 9.41 5.56 6.27 8.47 9.12 5.37 5.90 1.34 8.36 9.91 8.52 5.08 8.24 8.25 1.85 4.23 1.75 6.01 0.43 0.79 7.13 5.76 1.16 0.61 4.13 2.95 5.34 8.00 7.59 8.21 9.02 8.92 9.10 5.67 8.23 6.23 8.40 8.52 1.29 2.14 9.00 8.89 9.96 9.28 7.36 4.28 1.72 2.19 4.45 9.73 4.17 9.24 0.79 8.30 9.78 9.99 9.15 6.89 4.58 4.47 7.39 5.00 4.81 8.61 8.53 6.96 3.48 9.20 4.23 6.39 1.10 1.08 6.14 2.43 8.66 5.17 6.42 7.91 7.41 7.97 7.98 8.24 6.98 2.67 5.11 1.57 6.45 1.50 9.87 8.78 6.44 9.19 9.62 1.57 6.99 0.63 3.29 3.30 0.87 6.44 2.90 4.23 1.15 8.47 1.88 8.36 4.43 1.89 6.44 4.37 1.75 5.82 4.07 6.92 0.03 9.27 2.69 8.66 6.90 7.20 2.62 2.69 4.18 1.00 5.02 2.50 1.88 0.61 6.71 4.91 3.22 2.54 1.09 1.48 3.62 1.47 3.44 5.75 2.44 8.65 8.07 1.18 8.80 2.03 8.62 4.40 8.17 2.31 4.50 0.11 7.72 6.56 8.24 5.91 1.25 0.78 6.89 8.02 1.79
0.92 3.86 2.66 0.06 4.17 7.66 0.16 7.88 8.62 0.33 0.48 6.13 3.91 3.45 4.63 1.47 5.48 0.88 5.17 6.85 6.30 2.42 9.43 9.63 9.86 8.54 0.42 8.61 8.04 9.68 8.77 7.99 3.76 4.54 0.57 7.52 7.32 1.27 8.51 3.43 7.93 2.58 9.37 3.88 3.18 9.01 4.02 2.12 4.65 6.05 1.58 3.95 8.90 0.64 7.50 3.59 6.24 6.06 2.94 9.20 2.18 3.25 9.57 6.15 0.79 8.62 6.95 2.58 9.12 6.44 0.71 5.92 5.38 6.67 6.28 9.27 1.79 6.96 6.13 6.84 7.73 3.54 4.53 1.41 8.81 9.89 9.64 5.52 2.51 7.53 6.36 8.90 3.62 0.23 3.39 1.81 7.59 5.49 0.93 2.52 9.93 1.41 9.78 8.45 6.72 7.77 8.59 0.79 0.23 5.42 1.59 2.06 1.20 3.09 5.23 8.71 0.10 2.84 6.66 5.03 5.62 3.50 3.58 9.60 9.02 0.50 1.22 3.67 3.79 3.53 0.12 2.89 0.62 1.53 1.75 0.58 3.11 1.81 4.78 7.60 6.87 3.89 4.42 1.79 7.78 8.05 8.55 5.29 0.74 1.30 7.49 3.32 4.74 8.11 1.78 6.20 2.84 5.34 8.59 6.70 4.22 1.82 7.28 7.57 5.03 2.71 6.47 4.11 0.20 4.47 6.05 9.30 6.67 7.10 7.16 0.76 0.33 2.95 3.58 1.48 6.30 5.08 9.02 8.18 5.20 6.40 7.85 9.75 0.63 4.92 2.91 0.47 2.14 7.89 8.14 5.85 5.99 0.14 7.78 9.33
8.95 6.57 1.96 6.85 8.58 6.17 9.27 9.56 4.21 4.99 2.79 6.07 8.39 4.39 8.21 2.65 2.72 0.22 9.98 3.53 6.79 2.67 3.18 3.08 1.78 4.29 8.96 9.74 8.12 3.51 4.63 3.90 0.30 6.28 1.49 3.56 2.70 7.49 2.36 9.78 6.64 3.01 8.87 1.10 6.70 1.41 9.60 7.17 7.04 9.37 0.13 4.31 4.32 0.66 6.95 9.39 7.28 3.92 7.07 1.39 2.63 1.62 3.24 3.66 4.62 9.32 1.72 9.25 4.77 3.88 3.17 2.07 7.49 9.03 5.16 8.92 7.42 1.67 7.74 3.78 2.46 7.95 5.12 6.47 0.46 6.44 7.35 3.94 4.92 6.63 3.23 8.65 8.59 8.65 6.00 7.02 9.14 1.40 4.76 0.74 1.88 1.70 8.16 1.78 7.24 9.79 3.55 5.84 6.83 9.26 4.50 8.69 5.94 2.01 8.95 4.09 3.76 9.36 1.01 3.88 1.22 1.27 3.72 8.20 9.94 7.83 1.30 4.28 0.04 9.03 6.58 1.11 2.43 8.80 3.13 2.24 9.68 6.15 8.25 9.33 3.26 6.18 2.63 3.03 2.58 2.01 3.67 3.00 7.39 8.96 1.71 2.76 8.90 9.26 5.66 4.13 1.56 8.67 1.84 1.72 9.55 1.24 3.25 6.97 2.83 4.38 3.94 5.23 1.06 9.25 8.92 1.49 8.18 8.47 5.83 0.18 7.83 8.78 5.32 0.31 4.01 3.14 0.41 6.38 6.88 7.60 3.02 1.97 6.78 0.06 3.13 3.57 2.90 9.37 6.58 1.58 5.63 8.26 5.16 8.60
4.14 4.44 9.48 8.67 7.50 3.67 5.63 4.68 5.76 7.69 3.65 0.72 7.72 3.64 3.54 0.50 3.38 3.94 1.95 6.97 9.04 1.58 8.61 4.00 8.36 7.74 0.80 9.05 7.90 9.26 7.99 8.59 4.91 3.17 9.53 0.85 4.68 6.44 0.84 2.37 4.55 6.23 1.46 4.55 2.25 9.47 5.49 9.37 7.37 4.09 4.67 7.42 5.58 5.39 3.15 4.82 6.37 6.98 0.24 1.10 7.40 8.11 0.19 6.71 6.33 3.16 1.10 8.15 0.30 1.65 5.46 4.51 1.21 6.90 5.68 4.26 8.43 5.75 3.99 8.62 2.77 9.51 7.83 3.49 8.28 0.18 3.42 4.05 8.66 8.52 1.41 4.92 3.94 1.41 1.68 0.82 5.36 8.69 5.50 1.46 6.24 5.19 4.28 4.25 2.90 7.94 4.12 3.00 9.12 5.82 3.27 5.23 3.24 0.27 9.97 9.59 8.10 8.00 9.88 4.10 4.85 1.91 4.46 8.35 8.10 4.02 9.46 1.10 8.47 7.17 0.02 0.35 5.59 6.76 5.65 8.06 5.55 4.57 0.18 0.95 9.56 2.02 1.99 7.36 0.12 4.01 5.26 8.87 5.77 9.30 4.44 4.84 3.98 6.78 8.13 0.29 8.46 3.59 0.02 5.04 8.11 9.12 9.58 6.44 7.68 3.88 0.36 3.25 9.02 1.65 8.35 3.41 2.35 4.57 0.30 5.07 7.26 0.75 5.29 3.34 1.84 4.10 7.48 7.39 5.39 0.31 2.77 9.04 8.86 8.36 4.45 0.95 0.02 2.17 6.66 7.90 5.01 7.11 6.45 8.89
5.64 4.12 6.76 2.81 2.35 1.41 9.33 3.33 8.91 2.71 3.93 3.31 9.98 4.80 1.56 9.55 1.40 9.39 3.92 6.97 6.50 7.01 2.17 4.07 8.17 3.57 2.79 1.35 5.20 1.50 8.03 9.46 6.09 4.41 1.84 9.70 4.08 3.90 7.57 3.92 1.59 1.85 6.56 0.03 3.70 9.37 6.72 6.21 0.99 5.07 8.37 7.72 6.70 0.78 4.89 8.35 3.73 9.85 1.22 8.70 4.73 2.52 3.96 2.40 8.82 4.45 2.40 6.15 4.73 2.52 8.41 6.76 8.03 5.17 9.19 9.64 8.11 4.92 2.93 3.54 8.54 4.14 9.55 1.36 7.88 2.33 3.87 4.69 6.20 7.55 2.77 0.07 3.49 8.69 0.25 9.42 9.45 5.88 7.63 3.34 3.60 9.89 2.16 9.14 5.74 3.27 8.88 8.76 6.86 8.72 8.27 0.59 8.82 5.48 6.08 8.42 4.74 4.42 1.63 6.25 4.66 4.94 4.69 6.23 3.59 2.83 7.87 4.63 2.90 5.23 2.08 9.85 2.76 6.35 1.97 3.49 9.60 8.26 3.47 5.53 8.41 3.10 5.48 9.99 2.54 8.43 5.24 5.15 3.07 5.37 4.62 9.14 7.17 6.72 2.28 4.09 9.18 3.89 8.18 9.93 0.70 5.28 3.07 9.71 3.23 8.44 3.11 8.39 9.76 1.38 1.43 9.87 5.06 5.17 4.74 7.80 5.77 1.25 7.92 7.22 7.56 5.17 0.13 6.24 5.75 1.95 0.51 5.50 5.78 3.29 8.63 7.35 6.27 0.80 4.02 1.45 8.31 5.46 1.33 6.06
6.23 2.80 3.93 9.27 9.08 2.61 2.45 5.13 1.42 5.95 2.16 5.10 4.90 3.18 3.47 2.72 2.47 3.01 8.41 5.99 9.75 4.01 4.28 2.12 5.07 1.16 5.36 7.46 3.49 8.16 2.59 3.74 4.86 6.59 5.30 5.91 0.31 7.89 6.05 1.78 6.40 9.60 9.45 4.16 5.75 1.29 8.43 8.51 8.07 3.47 6.60 6.56 1.51 4.83 3.34 7.13 6.89 6.44 5.21 1.59 9.78 2.28 1.68 4.67 4.35 4.34 5.58 9.90 7.88 5.67 3.87 5.48 4.27 0.26 7.43 8.95 6.51 6.21 6.35 6.54 3.77 2.95 8.58 2.58 8.55 1.50 5.17 5.60 9.44 6.76 9.67 1.49 6.11 2.92 5.06 2.88 7.50 3.24 0.25 0.01 0.83 9.02 9.54 3.56 3.82 9.33 6.51 6.67 9.78 6.35 5.11 5.42 0.09 8.44 2.22 9.03 2.07 9.45 5.49 1.08 2.63 6.13 5.72 8.26 8.04 9.26 7.30 1.56 6.12 2.41 3.19 8.12 9.44 6.22 9.04 1.45 1.74 4.69 1.97 3.55 9.02 7.93 7.91 5.11 0.97 1.20 9.49 9.51 5.10 6.58 5.07 4.56 5.41 5.90 0.90 4.43 1.12 1.71 2.40 9.28 1.82 1.27 4.46 2.98 6.58 8.75 1.68 9.86 6.22 5.79 2.41 1.12 4.75 5.68 6.55 4.21 7.27 3.57 5.47 4.10 3.49 0.55 9.00 7.58 0.08 6.95 2.61 5.76 9.58 5.32 4.51 1.79 2.28 7.51 4.89 8.75 5.49 4.95 4.08 0.10
7.82 5.66 2.39 7.22 1.45 5.31 7.43 6.38 9.82 6.95 8.73 8.32 1.52 6.57 0.36 0.68 8.44 0.68 0.45 8.51 9.35 4.97 5.50 1.82 5.57 7.57 8.89 6.04 0.02 1.63 6.39 8.40 6.92 4.28 3.09 6.70 4.52 2.94 4.92 1.96 3.25 4.54 2.53 7.62 3.78 9.71 7.02 6.49 5.96 7.72 8.95 9.55 3.40 0.31 9.36 8.68 3.99 0.93 3.04 4.98 3.51 4.74 9.22 4.56 6.34 4.27 9.78 6.41 9.02 8.89 2.68 6.94 1.02 9.49 6.92 2.34 1.19 1.83 6.57 9.74 9.54 9.28 2.97 9.01 9.38 8.43 7.25 5.99 0.76 1.73 6.30 5.89 6.09 9.52 4.69 0.75 0.99 4.88 0.06 0.83 0.66 5.83 8.92 7.08 2.47 6.00 7.37 6.78 1.69 9.66 1.59 5.48 0.82 4.09 3.58 1.93 9.64 0.86 7.81 4.84 3.56 5.87 5.90 4.86 6.97 0.97 2.16 5.58 2.41 2.71 0.50 8.54 0.39 2.55 0.22 8.19 4.61 4.21 1.11 3.68 8.71 2.19 7.65 4.10 6.79 7.84 6.91 7.05 0.72 4.08 4.74 5.55 2.16 8.82 0.83 7.28 7.45 9.69 3.09 8.13 7.33 0.02 4.92 8.99 2.70 6.28 7.44 9.01 3.58 8.48 4.99 2.02 7.84 8.10 8.44 3.38 7.73 0.60 4.47 0.67 0.56 9.34 7.22 3.36 3.79 9.20 3.68 8.38 3.02 8.24 5.22 7.38 5.62 7.45 2.67 3.55 8.91 1.56 9.97 7.45
3.26 2.95 1.06 2.85 7.43 8.12 7.06 1.05 1.51 4.63 0.36 9.31 0.51 0.92 0.04 3.64 7.20 0.02 0.83 8.14 5.69 5.37 7.69 4.11 4.99 5.44 1.09 3.15 4.24 0.61 7.51 3.33 1.48 0.60 7.54 7.63 0.20 7.22 6.76 5.57 7.47 4.88 1.47 9.21 1.71 6.89 1.29 6.92 9.47 7.27 9.04 6.04 1.82 7.18 2.98 5.61 0.11 3.88 9.32 8.07 5.67 4.28 7.23 1.75 3.79 0.81 0.38 9.24 5.50 7.73 4.01 4.15 5.41 2.76 7.12 2.35 1.73 7.46 0.31 6.24 2.67 6.90 3.81 5.40 1.84 2.88 2.54 0.60 7.57 5.49 5.05 9.30 7.83 1.90 3.75 7.95 0.55 8.37 8.83 9.08 6.30 3.47 0.42 6.60 8.56 1.23 9.17 2.57 9.52 4.13 4.79 2.49 3.34 1.80 9.27 4.20 2.70 6.29 5.51 5.15 7.04 0.74 1.32 9.35 0.52 0.87 7.46 7.02 1.21 7.21 9.94 3.62 0.66 1.02 3.31 6.49 6.07 6.58 5.93 0.32 0.42 3.37 9.09 5.67 5.74 2.87 3.42 0.04 1.91 0.74 7.33 2.73 1.65 2.43 5.81 7.40 0.06 9.00 2.65 1.89 5.06 6.40 0.06 2.86 2.55 4.06 9.93 7.37 0.44 6.42 1.39 0.94 5.62 8.10 9.34 6.24 1.21 1.04 8.25 2.93 2.62 0.32 2.48 2.38 4.42 0.89 9.03 1.48 7.80 1.85 1.99 2.38 7.99 7.30 4.92 2.83 6.32 8.71 9.34 8.37
4.32 2.38 4.55 1.75 1.18 1.16 1.55 0.58 3.71 3.57 0.74 7.81 6.54 5.00 6.44 2.98 5.77 0.15 0.76 7.73 6.89 2.69 8.57 4.64 5.33 4.27 9.45 3.24 5.29 2.20 8.87 6.59 1.60 8.45 0.91 2.94 8.45 8.28 0.43 8.04 2.96 8.13 7.12 0.87 4.41 9.03 9.98 4.87 3.41 7.78 6.10 1.16 6.89 5.49 1.35 2.54 6.75 8.29 9.46 1.74 0.79 2.36 3.09 6.32 4.08 7.87 4.03 4.06 4.93 3.16 6.30 1.84 5.45 0.01 4.49 5.31 5.02 4.65 5.67 2.25 8.04 3.70 8.23 2.31 2.46 5.14 8.98 4.61 0.64 5.67 5.55 6.79 4.11 4.49 4.68 4.71 6.90 9.54 8.20 7.55 7.32 6.76 0.27 7.47 0.89 0.49 2.30 9.86 5.84 8.34 6.68 3.94 6.51 9.98 8.68 3.94 7.99 6.48 2.18 4.46 0.18 7.37 8.29 0.42 0.63 0.89 3.80 1.24 6.22 0.98 7.80 6.11 2.85 2.60 0.19 6.14 9.34 0.10 0.45 9.53 4.56 6.13 0.54 3.53 6.08 7.83 5.00 1.49 3.30 3.72 6.54 1.89 3.21 5.59 9.15 0.26 4.12 8.84 4.30 3.29 3.48 2.43 0.59 2.52 2.26 2.19 7.08 3.21 3.77 1.11 0.87 3.04 1.72 9.27 9.25 2.04 8.65 1.72 8.73 4.48 0.93 7.77 9.02 9.56 3.61 4.19 8.98 9.25 6.98 8.91 8.85 8.91 5.57 4.11 0.99 7.17 4.44 9.91 1.74 1.64
3.20 8.91 3.95 3.98 4.43 3.54 4.75 1.28 1.68 1.94 1.80 8.08 1.47 3.92 7.74 4.96 4.98 7.03 0.24 8.18 0.19 8.27 0.75 1.74 2.63 5.76 7.09 5.57 1.90 1.31 2.96 7.00 7.10 6.20 6.65 9.10 3.02 6.57 1.69 1.16 5.64 9.49 3.93 6.91 4.16 8.30 8.21 2.98 1.97 4.60 2.59 6.43 8.82 6.16 3.66 3.00 7.74 2.65 2.46 6.69 4.95 5.51 1.10 7.71 9.47 5.06 9.13 9.62 4.55 0.98 0.43 6.10 0.02 6.62 5.36 4.98 7.03 3.25 3.82 3.34 7.05 9.13 3.19 1.89 8.42 1.86 9.96 2.15 4.51 5.48 6.75 6.51 4.81 2.35 5.37 2.81 3.69 8.54 4.41 8.17 7.32 1.68 7.68 0.45 5.47 5.34 5.53 8.58 9.84 2.06 3.46 4.72 2.25 8.73 0.93 5.16 4.59 9.53 8.01 7.25 2.88 0.29 6.17 1.83 2.69 8.69 5.15 8.86 3.01 6.65 7.64 2.23 2.31 8.17 0.35 7.66 8.20 2.66 9.72 7.11 5.56 1.11 2.04 9.18 2.38 1.35 9.04 4.61 5.19 4.43 5.01 5.52 9.36 8.31 6.21 7.81 6.32 7.72 4.90 6.34 2.49 0.52 9.96 7.15 7.44 1.86 0.82 7.13 7.17 6.09 2.91 1.37 5.09 3.79 1.11 6.08 7.21 9.66 7.12 9.04 4.47 7.22 5.33 5.99 4.13 4.24 3.40 7.06 3.47 8.79 4.75 3.48 4.04 3.12 8.71 9.37 1.15 6.96 5.49 1.82
2.15 5.52 1.35 5.22 5.24 8.44 4.10 1.99 1.50 1.18 8.42 5.18 5.64 9.96 4.03 8.02 5.21 6.11 1.54 4.54 4.44 7.65 0.76 8.22 3.04 0.50 7.06 0.99 0.40 9.17 4.76 6.44 9.04 4.31 2.85 1.11 7.81 6.52 0.88 1.23 7.44 6.99 4.80 0.87 0.31 0.41 5.67 9.37 9.79 8.06 7.14 0.96 3.17 0.93 8.87 2.59 5.07 8.51 5.52 9.15 7.54 5.87 7.45 0.37 8.27 3.79 4.36 0.68 5.70 3.88 6.73 8.85 1.85 8.50 6.87 1.74 2.31 7.33 1.32 9.25 8.36 8.37 9.03 5.50 8.87 9.53 9.76 2.75 3.23 4.55 0.22 2.95 2.11 5.48 6.20 4.47 9.87 8.38 9.02 4.98 2.70 0.84 9.85 2.92 7.12 8.20 7.86 4.34 8.71 1.19 0.63 7.17 2.69 0.96 1.37 2.98 7.35 8.73 7.25 5.48 1.64 5.47 4.21 4.11 7.21 7.92 5.11 3.72 0.61 4.51 5.27 4.79 9.06 8.31 0.46 0.30 9.01 9.41 5.27 6.55 4.51 4.53 2.67 8.68 1.21 9.51 8.20 9.35 7.30 6.72 0.42 3.51 4.11 9.93 2.05 3.75 7.72 7.73 6.29 8.40 1.41 4.98 8.44 5.87 5.77 5.60 6.64 9.39 2.33 5.59 9.09 1.02 5.78 8.60 3.83 5.97 0.45 5.17 7.84 1.87 3.61 4.76 6.55 1.92 1.49 8.31 6.37 1.51 6.63 1.04 5.09 1.21 2.83 7.02 5.64 7.31 7.70 6.08 6.60 7.16
8.26 1.73 9.89 3.99 3.99 4.61 3.06 3.30 8.45 1.27 7.36 1.94 1.48 7.06 3.07 8.73 9.23 7.40 9.55 8.87 3.78 5.33 5.79 0.90 6.10 4.34 1.14 2.18 6.24 1.65 8.42 2.21 1.83 0.51 6.05 0.45 5.88 3.17 6.74 8.26 0.27 5.15 0.92 8.42 3.08 2.97 2.23 7.47 7.90 8.26 6.75 2.32 0.38 4.04 3.59 3.38 0.92 7.99 7.65 4.91 2.98 6.05 4.90 5.95 6.50 8.32 7.03 5.81 3.67 9.38 9.33 7.51 1.00 2.75 1.56 5.23 5.70 5.84 4.91 2.05 0.38 2.82 1.98 5.21 9.13 3.32 3.31 5.70 6.50 5.27 9.92 0.99 2.48 5.64 8.26 6.95 3.04 2.85 8.97 3.13 2.18 2.22 2.60 9.76 6.09 0.59 8.49 7.35 6.25 1.66 2.47 1.08 3.68 0.77 9.72 8.31 7.47 7.86 9.12 5.11 9.30 9.76 6.66 5.51 6.94 9.88 4.40 3.26 2.38 1.57 5.01 2.61 0.49 5.64 6.36 6.25 6.07 7.71 3.67 2.12 3.25 3.81 3.80 3.25 2.79 1.56 4.49 3.46 4.87 5.57 5.23 2.84 3.00 1.79 3.24 4.97 9.86 5.27 3.48 3.85 9.70 8.09 5.95 3.10 1.60 0.73 8.46 5.70 9.31 6.32 8.33 9.36 4.48 0.31 9.84 8.91 2.45 1.21 8.49 9.18 6.92 8.49 8.68 3.30 5.69 5.82 0.64 3.03 5.95 7.85 6.36 9.32 9.23 5.50 3.78 1.07 3.55 1.31 7.36 2.08
1.75 4.73 0.61 0.13 0.09 6.95 4.13 9.26 8.91 5.40 7.03 2.46 5.28 2.25 1.59 2.54 6.73 3.62 3.19 4.02 9.63 5.07 5.76 0.46 8.57 0.51 3.64 7.26 7.98 6.20 1.74 0.72 8.14 5.81 5.33 1.53 1.47 1.08 5.34 3.00 8.28 1.94 3.78 4.00 8.72 1.73 6.34 4.39 6.05 0.37 8.67 4.04 5.40 1.17 3.27 2.06 2.25 3.40 9.33 8.55 0.56 2.70 8.86 8.36 4.66 5.34 6.06 1.62 4.77 9.65 2.49 6.32 6.27 0.21 9.00 0.74 4.12 4.71 7.90 5.30 7.59 8.12 1.37 5.98 3.64 0.55 6.52 0.57 4.72 5.44 2.50 9.45 6.70 5.16 9.04 3.62 1.16 2.33 2.27 2.71 0.34 2.68 5.00 3.71 7.43 4.16 6.24 1.75 3.84 4.03 5.02 7.10 0.66 2.83 2.18 4.70 7.02 5.56 3.71 1.15 7.16 1.88 2.71 9.51 9.19 8.76 7.54 3.55 5.51 7.24 5.50 4.76 3.48 8.03 6.98 5.62 9.15 9.16 7.79 4.76 5.45 0.65 4.88 9.93 2.33 0.63 8.11 2.16 9.63 0.21 4.59 8.64 8.30 2.59 4.69 6.74 9.37 2.20 7.56 2.15 5.43 8.86 8.55 8.43 5.03 3.12 1.55 3.27 1.57 6.94 9.20 6.96 3.53 5.05 8.07 6.57 5.60 4.94 6.12 6.34 0.52 9.82 4.67 4.47 7.08 9.30 8.17 4.30 8.30 2.62 2.89 2.05 5.40 7.32 7.94 5.66 2.61 8.70 7.84 5.52
0.38 4.42 6.64 5.76 6.02 5.03 0.47 8.84 0.97 7.83 1.18 6.25 9.35 4.52 6.70 9.14 1.35 5.15 8.15 3.05 1.70 3.68 2.76 5.71 1.57 2.95 0.44 7.71 6.20 3.95 8.43 9.44 4.44 4.06 6.80 0.77 1.47 0.80 2.15 3.67 9.86 3.01 6.23 0.73 8.74 8.05 9.57 7.40 8.08 6.63 3.93 0.46 9.41 7.86 0.16 9.09 2.18 4.54 1.01 9.79 8.75 5.53 2.11 6.97 4.35 8.97 4.27 8.67 6.14 4.28 4.80 4.10 0.49 9.12 5.92 0.12 8.80 9.95 7.45 3.59 9.91 0.45 3.97 0.11 5.53 1.46 9.41 3.59 3.67 6.36 1.46 3.04 1.78 1.07 9.72 2.07 9.19 6.41 1.58 9.04 1.12 8.32 7.02 7.31 6.38 7.69 0.13 2.10 6.73 5.25 8.55 3.13 8.25 6.40 5.92 6.34 1.82 4.40 6.92 6.25 5.49 0.04 2.85 6.87 5.21 6.00 3.43 9.74 3.39 8.20 3.16 4.29 1.12 3.56 2.88 0.38 5.37 3.04 1.74 3.70 9.22 2.21 4.28 8.12 6.28 9.19 6.92 0.68 0.47 9.37 6.10 0.46 1.63 1.33 8.53 9.02 6.72 8.68 2.84 6.36 5.02 3.48 0.85 0.67 6.05 1.05 4.81 4.36 1.09 6.94 7.06 4.95 3.34 1.58 3.95 3.30 2.40 6.37 2.42 0.20 9.83 9.00 2.70 9.58 1.90 2.06 1.94 3.49 1.86 1.32 2.85 0.29 8.37 2.78 5.58 6.82 3.85 7.45 4.06 8.49
2.60 6.38 7.99 9.53 3.89 1.73 7.80 0.95 0.31 0.38 7.18 3.54 3.53 5.07 0.13 6.27 1.90 2.76 6.57 8.88 2.50 7.80 3.49 7.11 4.85 9.55 8.34 9.53 9.75 9.80 2.99 7.93 7.11 8.93 7.58 3.59 1.28 4.97 3.04 4.01 7.63 3.21 0.28 4.29 1.09 4.91 7.13 8.99 4.59 5.42 3.19 5.01 9.03 9.95 3.29 7.52 0.23 3.07 3.65 7.64 7.65 2.80 3.35 3.47 9.19 7.62 9.21 8.16 9.01 0.99 0.83 2.62 9.18 2.39 4.08 5.17 4.26 7.08 1.29 1.26 0.52 9.84 4.87 6.95 0.43 9.15 2.39 5.86 2.62 4.31 0.55 3.80 0.16 4.53 9.05 5.30 0.45 5.10 2.84 8.76 3.66 8.96 9.55 9.20 5.95 6.89 9.63 9.36 4.20 9.33 4.07 5.39 5.63 1.59 4.18 7.66 8.69 3.99 6.63 1.91 0.60 8.35 4.15 9.36 9.07 4.55 4.45 3.24 2.28 4.47 9.15 2.37 1.42 7.35 7.87 2.05 3.42 3.58 1.30 5.58 6.36 9.72 0.88 1.40 5.94 8.15 3.88 5.27 1.98 5.96 0.70 5.88 4.70 0.14 4.92 0.01 2.23 6.79 2.67 1.63 5.56 5.80 8.12 9.38 3.83 5.22 9.09 4.44 9.31 9.42 9.56 7.23 0.76 0.21 7.36 4.43 2.65 1.44 6.01 8.58 9.07 9.76 3.13 5.13 8.11 1.85 4.33 4.07 6.32 0.96 4.93 8.11 4.32 2.32 7.06 8.15 7.52 3.98 4.42 3.84
6.60 4.64 9.69 4.45 8.42 3.89 2.99 6.40 7.61 4.52 0.36 3.52 5.12 5.31 3.75 5.15 6.66 8.80 4.31 5.49 6.34 6.75 2.90 1.40 6.55 5.74 2.88 1.51 4.88 4.92 8.98 5.55 2.61 3.41 2.33 9.15 5.32 7.20 0.70 1.42 0.18 3.31 5.83 1.18 0.26 0.05 6.92 9.88 2.97 9.53 6.80 6.85 0.37 2.29 5.77 2.62 2.36 5.87 8.65 1.44 8.26 9.15 9.92 8.38 3.87 4.55 6.61 2.57 4.23 7.88 6.14 7.65 7.48 9.75 6.51 8.33 5.96 0.08 8.98 7.04 7.15 6.27 6.28 9.93 9.14 3.16 3.88 2.41 6.77 9.32 8.66 0.78 0.44 4.41 9.81 4.32 5.24 9.78 8.06 1.86 2.50 3.86 2.64 9.68 7.32 3.73 0.32 7.06 3.49 7.94 4.65 8.13 4.86 6.58 9.00 6.37 5.93 4.56 5.10 9.06 9.00 5.19 4.73 6.04 0.89 4.83 1.72 3.77 7.17 2.05 9.28 5.20 5.12 4.86 1.16 4.63 3.60 3.03 8.97 8.03 3.79 7.74 1.91 0.79 0.51 3.15 7.27 7.30 5.90 6.35 8.15 1.21 5.55 1.02 1.73 3.00 1.20 8.34 4.93 6.52 2.05 4.35 7.16 9.75 2.36 7.30 1.18 2.08 6.33 7.58 6.36 8.95 4.24 3.46 3.14 5.20 9.65 8.33 4.55 5.70 9.06 3.43 0.52 2.14 8.51 8.53 6.47 7.41 0.36 0.03 2.35 0.15 6.69 0.64 9.01 4.48 0.51 3.49 9.97 9.97
6.95 9.55 7.03 2.51 3.52 3.16 4.67 9.93 4.20 5.49 1.46 0.15 8.26 7.27 4.01 0.47 0.54 6.64 9.44 8.63 3.12 8.91 7.49 6.58 5.73 7.85 4.75 8.37 0.53 9.42 2.07 8.98 8.09 1.03 9.47 5.90 1.01 1.54 8.54 1.43 1.07 0.70 6.11 5.63 9.76 8.75 8.54 9.73 8.87 8.20 5.34 6.04 5.41 4.00 2.93 4.06 4.73 6.43 2.10 9.39 9.44 9.23 2.27 1.13 9.80 7.06 1.86 1.05 1.82 3.62 0.40 4.72 6.65 8.64 9.69 2.95 5.14 3.62 9.23 5.62 7.60 2.06 3.89 6.90 9.26 2.13 5.24 9.94 1.67 4.20 0.37 8.32 4.34 9.20 1.43 6.00 5.15 8.51 0.40 1.95 0.98 6.20 3.93 3.07 7.28 3.67 7.81 5.73 8.37 4.57 3.72 4.65 8.88 8.86 3.98 0.82 5.79 6.34 6.41 2.94 2.55 4.62 2.31 7.19 6.67 5.92 9.29 7.18 5.11 2.01 6.98 9.09 7.04 5.83 6.28 1.59 8.54 8.13 9.19 6.05 8.77 0.81 1.82 4.15 9.97 8.58 4.21 6.31 8.68 2.00 0.29 3.70 7.12 6.08 1.93 6.38 7.50 9.53 3.41 8.00 0.43 6.40 3.92 6.00 1.19 5.01 5.98 2.98 3.39 4.37 6.91 5.86 4.22 8.53 8.53 6.38 2.52 6.63 4.83 5.06 6.68 9.93 4.92 1.56 0.36 5.50 3.95 0.03 5.39 4.63 0.55 0.74 7.42 1.53 1.42 4.27 5.98 1.98 3.00 0.24
8.96 3.09 3.34 2.59 9.17 7.06 2.13 1.42 9.91 2.98 6.46 6.70 6.88 7.77 6.38 4.29 9.45 4.16 2.73 9.29 7.72 8.49 3.70 9.95 7.65 3.26 0.79 3.25 8.27 1.98 1.47 2.03 4.60 2.14 4.21 3.06 0.78 7.65 1.08 3.82 3.00 7.81 4.13 8.41 4.45 8.34 2.16 2.37 7.57 7.43 5.73 7.72 1.95 1.72 8.48 5.36 9.71 0.30 8.85 5.16 6.24 3.30 0.76 6.67 7.91 0.39 2.81 8.64 4.58 8.81 6.91 3.03 3.01 2.01 1.47 1.49 0.01 9.89 1.28 0.15 0.07 6.08 0.41 4.17 4.80 7.78 7.59 9.98 5.49 2.99 7.05 3.67 7.74 8.11 2.03 3.28 8.14 1.74 0.10 3.13 7.28 8.77 6.59 5.36 2.59 0.25 7.94 4.25 3.07 2.50 5.58 9.47 0.90 9.38 1.74 8.26 0.48 5.53 1.87 0.33 2.77 9.82 6.65 5.33 3.47 4.64 0.62 7.09 8.12 4.05 6.36 7.46 3.01 8.91 9.18 5.03 1.60 8.38 2.19 3.38 5.54 4.42 7.08 1.57 7.10 6.26 3.29 2.95 3.36 4.40 0.01 7.35 6.67 1.00 5.17 1.33 6.13 9.19 8.81 9.02 1.33 5.46 9.56 8.49 7.35 4.09 7.87 8.56 3.45 9.09 5.10 3.58 7.26 0.54 9.38 3.98 5.80 6.47 6.94 7.09 2.02 5.31 7.84 6.93 6.13 7.48 7.27 5.22 7.40 5.03 3.32 4.45 8.55 4.81 0.26 5.63 9.54 7.62 6.84 7.43
0.78 4.47 2.25 3.53 0.51 0.24 3.93 8.32 0.47 2.19 7.50 0.30 0.59 5.26 7.40 7.85 6.89 1.70 8.24 3.64 5.16 9.87 8.17 1.77 2.68 2.39 0.65 5.53 0.52 0.61 9.31 8.04 7.51 6.31 1.24 7.41 1.89 3.86 5.87 4.65 0.64 6.31 1.64 3.46 4.88 5.85 7.79 6.32 2.89 8.19 3.60 4.80 0.76 7.97 9.96 5.26 0.77 0.92 4.79 9.27 7.20 1.00 7.69 4.46 0.09 9.17 3.89 9.88 1.44 7.29 1.73 8.12 3.53 7.91 1.98 0.25 1.99 0.61 1.05 7.22 2.56 4.43 7.00 3.30 5.82 2.13 4.76 4.41 0.24 2.98 6.46 5.79 0.98 4.02 2.49 6.74 5.70 8.64 0.62 2.10 3.28 1.68 1.06 8.89 5.50 7.29 4.87 3.69 2.05 0.37 7.90 4.60 2.48 6.89 9.20 5.48 8.46 1.58 1.60 7.80 9.87 5.23 5.42 2.15 9.20 3.11 6.60 8.02 9.13 4.96 5.76 8.44 9.24 7.89 5.01 4.02 6.84 8.74 9.82 1.28 2.92 1.16 5.44 8.75 6.86 0.54 0.10 6.36 6.64 2.48 6.52 5.05 1.67 2.35 5.70 3.30 3.11 8.57 0.96 5.81 0.95 6.88 3.82 0.76 6.04 8.75 9.17 9.51 5.99 7.60 6.86 0.88 8.40 1.63 7.01 8.79 6.31 7.24 6.80 3.36 1.11 1.40 0.39 8.07 9.23 0.56 2.59 8.72 0.97 1.02 5.46 8.68 2.63 0.64 0.93 4.82 7.37 9.71 9.40 3.02
9.70 0.07 5.90 7.79 5.17 5.03 0.67 5.38 1.37 6.50 7.25 9.46 4.11 7.92 5.75 5.50 7.45 4.08 5.91 0.33 4.71 9.69 8.12 8.93 4.13 7.32 1.27 5.88 8.95 2.99 9.41 8.64 5.05 1.38 4.39 1.73 9.10 4.73 4.34 1.69 4.35 1.03 8.42 4.65 0.58 6.51 3.18 9.48 6.94 0.55 9.02 7.13 5.19 8.18 5.00 4.38 8.29 4.33 0.32 8.74 8.94 9.99 7.67 7.96 1.71 0.37 3.89 5.99 5.61 3.59 4.80 9.11 8.20 7.40 1.59 1.56 3.62 4.21 4.02 1.86 3.51 2.78 2.68 8.83 4.34 1.82 8.36 5.65 5.70 8.20 1.22 7.40 5.06 4.35 5.43 4.90 8.44 6.76 6.84 6.32 7.55 9.13 8.26 7.32 0.56 6.88 5.91 9.20 7.14 3.92 4.09 8.93 0.94 2.96 0.53 1.96 5.92 1.34 6.45 2.20 4.33 3.29 1.28 2.43 7.26 0.51 4.72 7.54 2.97 8.40 4.20 1.59 2.33 7.49 7.77 9.16 6.40 5.22 8.58 9.94 7.53 2.81 0.49 3.41 2.05 8.05 3.58 7.71 1.02 9.67 7.93 6.72 2.09 0.90 4.50 4.68 8.91 7.74 0.25 4.85 4.85 9.71 4.72 6.27 2.47 7.05 7.64 7.40 9.23 8.23 6.43 7.61 1.63 3.84 8.19 8.32 2.53 6.80 8.81 9.17 3.54 5.78 9.60 1.38 4.96 6.87 7.15 6.10 0.98 0.48 8.70 7.79 8.31 0.57 0.63 9.94 8.84 0.03 4.55 7.78
1.90 0.77 1.11 4.00 6.40 2.95 3.03 2.01 3.99 4.10 9.18 0.63 9.66 8.59 0.53 6.77 2.24 3.11 6.71 5.83 7.26 1.14 3.20 8.31 9.37 7.68 7.25 4.64 6.73 9.59 9.24 8.90 4.44 4.38 0.65 3.93 0.28 8.21 2.82 2.57 8.53 2.36 1.24 2.81 3.75 4.58 1.72 2.49 1.83 8.14 0.70 7.20 3.07 8.36 4.87 4.87 0.93 7.84 6.93 0.41 9.54 3.90 4.79 7.75 5.23 9.87 8.88 2.21 6.79 3.57 8.85 0.59 6.77 1.24 9.75 7.38 8.82 0.88 6.72 3.83 7.19 3.72 5.35 9.04 0.25 4.85 1.80 7.73 4.14 2.95 7.14 7.66 7.82 1.11 9.06 9.60 4.59 6.18 8.82 2.79 6.16 5.06 9.38 1.35 1.39 3.06 5.56 3.99 0.80 7.22 9.50 5.32 1.32 7.96 9.33 7.38 5.45 2.86 1.75 2.07 6.21 1.53 6.22 8.05 1.96 9.43 6.75 2.62 1.85 6.91 4.60 6.48 6.55 4.54 6.30 9.23 8.70 2.61 3.26 3.63 9.54 2.62 6.26 0.80 5.52 4.58 0.65 2.66 9.30 0.11 0.74 3.16 8.08 6.41 6.72 1.17 2.80 0.90 7.67 5.38 4.63 0.97 7.34 5.90 5.53 5.98 3.67 9.37 1.22 3.50 3.04 1.05 3.31 5.37 3.69 2.86 8.96 0.52 7.60 6.80 2.96 1.16 2.06 4.09 3.23 3.32 1.07 1.07 7.21 8.93 3.34 5.12 2.91 1.21 3.94 5.14 3.89 7.20 9.06 8.87
0.22 0.22 5.02 8.42 9.35 2.78 6.25 5.51 7.86 1.71 0.02 6.34 4.03 8.76 2.03 9.09 8.57 9.07 2.31 0.43 7.79 2.99 3.29 9.92 9.78 2.09 5.66 3.13 6.12 4.37 9.27 1.50 7.13 9.44 3.18 0.28 2.80 4.54 1.05 7.27 9.46 1.30 5.88 7.26 2.70 9.22 5.91 0.65 6.41 0.80 6.39 3.78 9.78 0.44 2.21 7.62 0.02 0.40 3.06 1.03 8.34 3.14 7.66 5.52 0.73 2.63 8.55 2.73 5.48 9.20 4.47 1.13 5.54 7.84 3.50 4.19 5.05 4.88 6.75 6.87 1.97 2.00 0.05 6.61 5.86 5.71 1.40 6.27 6.49 1.22 3.88 0.26 6.46 0.71 4.37 0.45 7.31 1.76 7.74 4.64 1.62 0.38 7.01 7.08 9.21 0.59 0.53 1.38 1.07 7.85 5.70 5.03 7.15 0.91 9.30 0.78 4.24 0.59 0.81 3.74 7.46 3.31 2.34 7.41 0.18 3.41 2.59 6.19 5.65 1.88 7.00 5.28 1.91 9.05 6.74 3.74 3.88 7.82 1.98 6.16 9.20 5.67 2.14 9.92 2.07 6.69 7.12 1.61 8.01 5.68 9.48 6.69 7.07 9.22 0.38 4.96 2.71 9.32 9.26 0.44 4.22 7.70 5.33 2.08 6.17 3.58 6.98 0.82 8.02 1.51 4.82 1.72 3.11 3.56 0.98 4.04 2.30 6.16 1.05 2.83 5.35 9.83 5.46 6.12 9.70 2.35 3.60 5.94 9.39 3.14 2.01 6.93 4.94 4.83 9.24 7.86 3.07 4.95 8.80 5.00
5.80 4.18 4.18 7.63 6.72 7.54 2.02 2.49 4.31 5.25 6.71 0.87 1.82 5.67 8.67 5.22 7.22 6.04 7.17 8.64 1.71 2.15 3.09 2.40 1.31 7.23 4.05 4.28 7.17 6.39 5.78 0.12 7.46 4.72 1.74 5.67 6.69 4.13 2.70 5.80 9.07 1.83 1.78 0.09 9.17 2.29 4.00 8.48 2.94 0.86 5.51 0.60 9.46 5.89 8.60 2.77 6.88 1.54 9.65 0.37 9.86 5.36 5.37 4.56 4.74 3.49 8.82 4.93 0.51 0.42 4.97 1.20 4.64 8.34 9.80 5.87 1.11 5.62 0.47 2.52 3.60 5.77 0.67 3.86 8.67 5.65 7.13 9.46 4.09 2.99 2.77 8.09 2.88 4.06 6.47 3.67 0.21 1.94 4.82 0.73 0.15 4.33 5.52 1.59 2.74 5.60 2.78 6.69 6.96 8.12 6.64 4.64 1.25 6.29 9.50 4.80 5.32 5.58 4.51 6.15 0.99 6.98 2.58 9.48 6.00 5.03 6.40 8.94 8.46 1.99 0.93 5.71 3.76 1.16 3.00 2.20 3.63 8.42 2.19 3.56 5.24 9.76 5.05 2.71 2.29 4.69 7.70 0.67 8.73 4.15 5.58 0.60 9.06 5.31 8.46 6.20 6.58 5.28 2.55 6.77 7.34 8.41 8.62 8.90 4.51 3.62 1.07 6.88 5.28 6.28 0.56 7.73 9.12 9.62 1.03 5.37 2.95 7.50 7.59 5.75 6.77 2.58 1.74 6.83 0.28 5.65 6.45 1.29 5.55 2.05 0.45 1.70 0.53 5.77 9.24 1.18 1.86 3.98 7.58 0.81
1.64 0.73 6.79 0.18 2.77 7.04 5.24 8.29 3.58 7.14 7.29 7.54 9.34 4.10 9.78 2.00 4.50 8.87 7.46 1.54 3.77 8.63 6.24 7.83 3.41 3.10 3.13 2.03 8.76 4.90 8.38 7.11 1.11 5.09 8.15 9.95 6.78 1.78 9.59 5.68 8.78 1.27 0.28 0.50 0.18 7.92 5.31 0.08 2.22 2.24 4.83 1.34 9.99 7.72 1.97 5.99 0.71 9.58 2.32 6.92 7.41 4.40 1.73 6.59 2.12 7.07 3.34 0.24 6.77 4.72 9.95 6.78 2.52 9.71 5.40 9.62 2.61 4.68 5.19 9.13 0.81 1.90 1.60 5.44 3.81 2.53 5.95 6.12 9.41 4.62 1.59 2.45 1.28 9.80 7.55 1.78 8.95 5.51 2.85 2.95 5.10 3.07 4.82 0.34 8.22 2.94 1.39 3.58 2.12 1.24 0.21 3.06 7.65 1.55 9.63 6.42 8.82 6.68 9.29 1.74 7.83 3.61 5.60 1.23 8.65 1.52 2.85 8.10 0.98 3.73 7.46 9.38 9.67 2.09 9.18 9.79 6.42 7.08 6.08 1.91 0.97 3.90 4.16 8.52 8.37 7.55 9.02 7.79 5.56 8.10 4.03 7.18 1.50 6.14 9.28 0.07 6.32 3.58 2.72 2.28 7.33 3.49 9.84 4.82 7.81 2.04 5.56 4.05 4.07 3.38 0.29 5.46 0.28 1.46 4.86 1.82 7.25 7.02 7.92 2.05 2.81 5.75 6.73 1.60 5.34 7.03 7.20 3.55 5.72 7.13 9.35 9.98 4.42 4.65 2.70 9.50 4.20 0.87 2.15 7.23
0.33 7.84 7.49 0.54 9.35 7.10 4.69 8.43 4.79 1.97 4.93 1.48 6.26 4.57 0.97 6.97 3.60 0.99 7.64 4.98 2.35 9.15 2.89 4.77 0.42 5.38 5.15 7.15 6.05 0.21 5.94 7.31 3.11 7.09 4.11 0.48 9.30 1.55 7.34 0.24 7.03 8.82 8.56 3.93 3.87 2.11 7.48 3.40 1.13 5.44 9.80 3.03 8.26 4.14 3.20 7.93 8.37 2.73 6.28 1.24 8.27 5.79 0.73 3.66 4.65 9.71 9.35 2.26 2.88 8.77 1.73 2.45 5.57 6.25 3.67 8.09 9.21 5.63 3.08 8.76 3.21 3.84 2.26 4.02 4.19 7.67 7.88 7.51 9.46 4.54 3.01 5.94 5.05 8.59 8.31 8.11 8.15 7.19 1.66 2.32 6.34 5.80 5.83 1.36 0.50 1.74 7.82 2.88 6.03 7.32 7.62 6.19 9.57 9.53 3.95 2.43 3.73 5.46 4.11 8.39 7.47 8.97 5.73 7.75 5.24 9.01 6.28 2.59 0.56 3.96 1.00 3.46 2.60 6.30 5.72 1.82 9.10 6.92 6.70 7.15 7.39 7.90 3.18 4.86 6.34 5.55 2.78 2.10 9.32 1.39 5.67 5.36 1.44 9.66 0.40 6.87 6.27 4.43 1.56 8.24 0.10 1.70 2.89 5.61 4.08 3.68 1.91 3.44 9.12 4.46 1.37 7.39 7.67 5.49 5.21 8.14 8.11 1.40 1.59 5.90 0.90 0.46 6.24 5.56 0.24 2.19 8.05 0.27 5.43 4.44 4.77 4.75 3.29 0.99 9.61 2.88 1.24 3.91 5.57 7.61
0.52 1.03 6.91 9.17 9.24 0.57 7.09 9.42 6.71 1.60 1.33 5.29 4.07 5.51 0.57 6.81 7.73 2.47 6.13 5.84 8.06 1.77 9.36 3.68 1.44 5.17 5.02 1.33 9.20 9.94 8.70 0.62 5.07 9.90 0.20 1.28 8.98 5.79 5.77 9.11 1.20 6.62 3.32 1.16 5.55 9.07 5.20 8.61 1.79 7.90 0.64 0.76 7.95 7.64 3.60 6.73 2.15 1.37 0.33 0.39 4.87 4.29 3.61 0.59 7.23 6.03 2.00 9.82 1.83 0.44 1.92 7.15 8.49 3.02 5.21 7.01 5.30 6.72 8.40 6.33 5.75 7.68 6.86 4.50 6.01 4.82 1.92 1.01 1.59 1.02 1.69 4.05 5.32 8.89 8.26 3.50 4.87 5.39 6.27 8.35 3.84 5.48 9.87 4.64 1.01 3.46 4.95 6.04 8.12 9.46 4.36 0.95 9.10 3.70 1.77 9.85 4.15 0.01 3.59 4.24 2.69 8.13 6.81 4.57 1.41 1.38 1.73 8.99 3.20 9.32 6.35 8.72 2.37 3.85 8.83 8.86 5.58 4.19 5.60 4.28 2.22 7.32 2.65 6.33 3.79 8.52 1.15 6.81 8.57 1.52 3.07 9.76 9.18 1.91 5.85 4.49 0.63 7.22 0.92 4.45 4.48 4.63 6.00 1.62 1.21 2.97 6.57 9.82 5.52 5.79 4.66 9.65 2.02 9.29 4.93 0.48 8.20 5.24 5.50 0.61 1.09 4.46 0.25 2.10 0.73 2.28 0.51 0.46 7.97 3.98 9.10 6.03 3.46 8.81 5.35 6.27 3.91 9.28 0.42 9.09
2.01 9.56 3.54 3.86 8.44 5.54 4.67 2.94 5.41 0.78 6.03 6.98 1.73 2.99 1.32 6.13 9.85 4.20 1.89 4.80 1.31 5.25 10.00 7.36 4.06 9.00 7.36 8.68 2.81 2.29 9.66 2.24 2.61 5.28 5.99 1.12 2.75 5.94 4.51 9.73 0.48 1.17 9.61 6.48 1.69 4.64 5.68 6.90 5.94 1.71 0.35 2.68 9.40 2.74 8.59 4.64 0.79 6.84 7.54 5.56 2.83 5.46 2.92 1.81 5.99 1.80 5.45 7.62 5.93 3.96 2.03 7.05 5.27 3.89 8.10 4.40 8.27 4.65 0.45 8.30 5.66 0.69 3.61 8.14 5.97 6.41 2.38 6.21 6.92 3.48 1.54 6.86 3.58 4.94 7.51 6.41 7.14 0.89 7.51 1.60 8.21 1.00 8.43 2.46 2.17 5.82 6.39 3.56 3.29 6.28 0.00 8.07 3.19 6.39 7.20 7.28 3.57 0.93 9.80 9.79 7.31 4.85 6.75 1.93 8.99 0.04 0.55 0.07 5.25 6.49 4.78 1.52 8.40 0.32 3.70 6.54 6.11 1.75 6.24 7.41 4.20 5.47 3.45 5.65 5.09 0.36 2.34 5.02 0.74 0.22 1.29 7.54 2.44 5.87 2.08 3.65 7.07 5.00 6.29 2.75 5.72 5.58 2.85 8.65 6.09 1.56 1.71 4.84 3.14 8.43 9.14 3.31 7.01 6.72 4.63 3.16 5.97 0.01 6.42 6.45 7.51 5.92 7.71 7.60 7.77 1.52 4.92 8.17 1.97 1.39 7.00 1.07 4.88 4.55 0.78 3.13 1.68 8.46 5.20 4.00
6.49 2.19 9.08 3.29 0.08 4.18 3.18 8.06 1.77 5.14 4.62 1.00 0.15 1.40 1.37 5.07 3.70 4.09 0.45 0.03 9.69 9.78 0.84 8.27 8.97 0.57 7.94 9.33 7.46 5.00 6.18 7.69 6.75 9.41 1.53 9.27 2.01 9.33 6.86 6.44 5.84 0.35 5.75 7.85 8.37 5.39 9.99 1.14 2.12 2.95 3.64 4.97 0.31 6.49 5.73 4.26 1.81 5.67 1.34 9.07 1.10 7.76 3.93 7.40 8.98 0.83 5.74 5.07 4.57 0.88 6.53 9.31 5.55 6.58 7.54 5.21 5.44 6.41 5.67 0.81 9.14 1.39 7.54 4.28 3.24 2.33 9.55 0.19 7.17 5.92 9.75 1.43 0.82 5.58 9.64 4.64 8.66 4.23 5.45 3.60 6.65 5.37 8.82 2.76 6.26 2.34 1.93 7.89 9.86 4.10 3.04 4.52 9.75 0.57 7.89 5.22 8.42 0.67 1.33 4.74 4.83 8.39 8.59 3.33 0.15 3.85 2.34 0.03 8.32 6.97 3.09 4.48 9.57 8.34 7.65 8.10 1.38 9.27 8.68 7.05 3.29 4.78 6.16 3.92 8.34 8.15 9.24 5.48 2.50 4.14 5.42 0.32 4.57 3.59 0.90 5.38 8.06 8.11 0.55 2.50 0.43 7.46 3.32 1.60 3.79 6.14 6.40 2.06 5.87 5.00 0.56 5.66 7.68 1.77 0.61 0.27 4.54 9.84 1.27 8.15 1.01 0.67 8.95 8.06 4.67 6.44 5.96 2.04 6.42 3.94 4.55 5.23 8.09 9.60 8.79 9.07 3.59 1.52 3.37 0.15
0.87 9.30 2.56 1.79 8.13 1.41 3.10 7.70 3.28 8.81 6.23 6.49 9.60 8.03 7.71 4.87 0.28 3.89 8.91 1.71 8.25 0.04 5.53 4.49 6.89 3.07 2.62 7.77 3.77 1.34 1.60 9.91 9.15 6.72 6.20 3.07 2.93 5.41 3.05 6.84 9.56 7.42 3.09 1.12 3.99 8.45 3.15 5.08 5.43 7.00 2.25 8.86 7.38 6.12 6.10 2.71 5.31 1.39 7.18 9.26 4.71 3.75 9.41 1.83 8.25 6.06 9.88 9.07 9.41 4.62 1.96 9.85 4.86 1.76 2.18 0.14 0.50 4.16 4.66 4.14 6.27 7.60 0.67 9.60 9.38 4.16 0.68 8.21 2.98 4.60 4.31 9.99 3.60 1.93 2.32 7.95 2.36 9.38 4.31 5.20 4.70 4.25 6.50 4.33 1.59 7.61 6.96 2.35 0.23 0.08 8.53 4.41 1.34 7.15 8.20 9.32 5.34 8.94 7.78 2.57 1.96 8.02 9.75 5.82 1.56 9.76 1.59 8.39 0.72 1.97 5.38 9.44 1.03 3.89 5.54 4.78 5.92 0.99 9.20 3.96 4.59 8.34 0.55 9.56 6.75 4.59 5.33 9.68 7.61 9.40 4.68 1.04 5.89 5.96 3.99 0.82 2.56 7.89 7.29 4.38 1.69 2.88 4.53 8.00 8.77 2.77 6.63 6.38 0.59 0.92 7.95 4.04 4.72 3.52 6.96 7.65 3.34 2.26 6.86 2.66 3.80 1.09 7.66 3.45 8.26 7.18 4.43 6.26 7.32 1.65 7.95 6.45 6.23 0.01 5.74 4.03 7.46 7.03 8.04 6.51
3.57 6.96 5.35 9.41 5.97 6.60 9.48 5.41 4.89 6.10 1.75 7.97 8.86 3.77 4.16 7.98 2.81 0.45 8.42 8.71 3.44 6.34 4.94 8.69 3.81 6.83 0.13 4.53 2.51 0.79 0.53 0.58 8.64 0.78 0.79 4.39 0.68 3.45 4.09 8.87 5.18 0.28 3.01 7.22 3.36 3.11 6.71 0.59 7.07 2.51 6.38 0.71 7.15 8.10 8.62 7.52 4.91 1.37 2.44 8.58 2.25 7.99 2.68 2.82 6.86 7.72 5.45 3.94 0.04 7.28 1.72 7.78 1.62 9.02 6.92 5.23 0.27 0.82 5.72 6.73 0.26 5.75 1.97 5.79 0.55 5.92 7.81 8.25 3.34 9.88 0.81 9.11 3.70 3.41 3.43 3.84 5.88 3.42 3.17 5.92 0.25 9.76 1.53 4.28 1.42 0.33 7.89 3.06 6.44 6.86 9.36 0.62 5.33 7.90 7.95 5.29 4.32 8.96 0.89 5.92 5.03 1.41 0.93 0.64 8.59 1.46 7.05 0.58 4.05 1.62 2.67 4.88 9.37 9.80 5.28 8.81 3.26 7.83 8.62 9.72 9.90 2.72 2.48 6.16 2.56 9.26 1.25 6.97 9.83 3.58 4.41 9.16 8.70 0.59 3.45 9.71 2.48 3.43 4.99 1.01 8.72 6.76 2.84 4.57 8.72 9.29 5.56 7.32 5.32 1.75 6.15 7.99 5.26 2.42 4.36 2.43 1.02 8.89 1.74 6.28 4.08 1.64 3.13 5.31 3.19 7.76 4.32 9.69 1.13 0.99 1.42 5.95 7.49 4.95 4.46 9.30 9.48 3.65 2.65 1.57
2.12 6.06 4.69 1.57 8.46 8.38 6.35 7.44 7.19 5.48 5.88 7.04 9.98 2.94 3.29 2.83 8.22 3.86 1.83 9.81 7.91 8.59 2.94 4.87 1.03 1.51 2.33 3.13 4.36 9.47 9.11 9.77 4.69 0.22 2.81 7.11 6.83 3.36 5.05 4.52 3.87 6.14 4.87 7.45 7.71 4.61 7.60 3.00 0.63 3.85 5.80 7.19 1.34 2.78 3.47 3.74 4.98 3.39 6.33 1.20 3.39 2.64 4.30 6.45 4.09 0.11 2.22 6.80 0.85 1.02 5.87 8.94 6.51 9.82 3.05 6.54 5.70 1.58 4.72 0.82 3.67 5.17 2.45 5.54 2.11 8.24 2.13 5.54 9.99 4.26 9.30 8.48 4.09 9.66 2.89 4.33 7.34 2.97 8.51 0.77 9.47 2.34 8.17 9.83 5.45 1.29 0.12 2.20 1.34 4.15 8.50 6.72 5.59 7.49 3.94 3.11 9.30 0.86 3.63 1.49 0.92 0.10 2.58 0.30 0.25 6.58 6.30 8.56 7.72 6.22 8.30 6.28 7.93 3.33 5.18 6.67 5.66 3.40 0.64 6.62 6.85 9.60 2.05 0.21 7.34 3.09 3.90 4.78 8.99 5.50 3.54 0.46 6.63 5.07 6.07 0.37 6.11 1.90 4.77 0.71 5.54 3.40 4.11 7.99 8.72 0.23 3.13 5.74 3.82 3.25 2.73 8.37 6.56 4.96 8.26 3.82 5.86 7.84 4.22 9.76 1.37 6.13 7.08 9.75 9.97 3.17 4.10 2.68 2.75 6.68 5.74 2.70 5.90 5.03 6.92 4.24 4.61 1.52 5.75 6.19
4.73 7.20 2.22 6.73 8.04 7.78 8.39 2.15 5.21 5.72 2.37 2.54 3.26 4.05 5.31 6.78 4.06 6.35 4.19 7.51 9.38 1.67 0.58 0.43 5.97 3.70 9.31 1.83 8.81 8.45 7.90 8.89 3.84 2.73 2.82 1.28 2.59 7.02 4.67 1.34 3.20 0.71 1.07 2.74 8.98 4.39 6.36 8.64 6.11 7.60 0.73 4.92 0.43 2.62 2.05 3.79 0.72 2.64 1.75 0.35 8.32 4.53 3.93 6.73 2.23 8.88 0.22 0.55 6.10 7.41 2.47 0.32 7.16 9.29 4.42 2.71 3.98 9.96 4.33 2.94 6.37 1.87 6.63 9.96 1.23 3.04 8.79 9.29 9.59 1.70 2.18 9.39 0.28 6.14 4.18 3.23 8.11 4.45 9.24 3.97 6.48 3.18 6.50 1.07 6.46 6.12 2.02 5.54 8.62 5.54 6.50 2.28 3.17 9.35 2.50 9.28 9.12 1.35 5.05 4.34 2.33 1.40 9.19 2.73 0.72 6.23 6.85 6.71 3.33 1.05 3.23 5.07 8.38 3.52 1.64 5.58 3.80 8.05 8.69 4.39 3.34 3.35 3.67 5.80 6.08 4.58 1.85 1.20 7.73 5.14 6.88 7.30 6.98 4.47 9.58 3.61 5.08 4.38 9.70 6.80 6.06 2.34 0.77 3.32 3.77 1.94 0.05 7.17 0.15 1.29 6.20 9.03 2.53 7.12 5.64 6.46 3.75 0.35 6.64 4.52 5.70 3.59 9.63 9.77 9.97 1.34 4.71 6.34 4.78 4.90 8.06 9.60 2.40 1.80 3.92 0.69 4.63 4.78 1.84 1.04
2.66 9.35 7.47 9.99 5.41 7.03 2.94 5.42 4.82 8.30 8.16 9.66 9.73 2.45 6.07 0.13 4.07 5.84 5.78 5.09 2.53 8.04 4.86 0.67 7.58 7.43 0.11 1.23 7.19 4.97 8.24 4.47 6.93 5.86 3.24 2.92 3.08 5.60 3.20 7.96 6.55 5.84 6.95 3.31 5.35 1.04 8.12 1.58 6.76 9.51 2.53 7.59 8.98 5.17 8.56 2.91 9.83 9.94 8.84 0.84 0.20 5.05 9.76 6.84 5.74 3.03 2.19 6.52 7.84 8.00 9.99 6.78 5.48 6.36 1.12 4.05 5.29 2.12 8.33 5.34 5.30 5.56 7.12 7.54 0.93 0.41 7.24 0.11 0.17 2.73 0.67 9.70 5.19 5.94 4.78 3.03 5.99 9.78 5.82 0.32 6.15 9.12 7.34 9.61 9.94 1.52 7.02 6.48 2.75 6.96 2.58 4.54 0.77 5.57 0.20 5.35 3.03 5.29 3.21 4.41 0.55 4.99 8.33 7.44 5.02 4.50 6.22 1.36 4.03 3.63 0.37 8.57 5.87 9.79 8.13 9.54 1.59 7.52 8.79 0.15 9.23 9.69 9.12 5.97 0.81 5.38 4.33 4.57 1.19 7.92 9.15 5.26 3.38 5.40 3.87 5.29 3.73 2.92 8.00 9.65 9.05 5.48 2.29 7.45 2.74 4.75 5.93 8.11 2.43 4.50 9.96 3.01 4.68 5.37 5.36 7.44 4.56 3.93 6.33 2.84 4.01 1.65 8.28 6.53 1.66 0.78 6.90 1.32 8.46 8.28 6.86 7.32 4.18 1.15 1.45 9.69 7.47 1.35 6.12 1.23
8.25 8.76 6.24 6.23 8.34 9.98 6.73 2.90 5.12 2.97 8.50 3.44 3.74 7.07 0.64 3.62 4.31 7.26 2.99 5.24 5.70 5.97 2.23 1.47 4.30 7.23 7.16 8.82 5.32 9.49 0.63 0.34 1.35 9.70 1.71 3.07 1.13 1.10 3.23 4.54 1.18 8.87 3.22 4.88 7.16 6.79 5.14 4.79 8.00 0.94 0.95 3.76 2.06 3.47 2.74 8.53 7.77 8.71 0.25 0.57 3.23 0.30 2.93 0.51 3.86 2.03 3.95 9.62 3.27 2.16 1.27 6.91 6.74 2.35 0.56 8.32 7.48 7.52 2.33 8.27 2.75 0.63 7.67 1.12 9.58 5.15 0.76 5.53 3.04 1.18 0.20 7.98 0.91 0.39 7.82 7.75 8.85 9.48 8.26 0.41 2.90 6.55 4.72 1.99 7.55 3.11 8.28 5.58 2.71 7.30 6.62 4.95 1.56 2.67 9.36 8.39 8.83 0.03 6.65 0.51 8.49 3.43 2.86 7.03 7.20 3.46 2.86 7.51 1.05 4.12 0.95 3.07 3.13 2.24 1.91 4.87 7.54 6.80 7.77 3.42 2.26 9.13 1.21 2.18 5.78 2.55 1.65 4.80 3.66 2.72 1.58 3.23 7.47 7.34 3.80 3.51 4.83 0.39 8.65 5.50 0.74 8.50 5.31 0.78 9.52 2.80 9.14 8.75 8.27 5.39 1.90 0.69 5.43 4.98 4.66 1.21 0.29 0.42 3.84 0.32 3.73 0.04 1.75 0.72 0.25 2.28 3.61 9.48 3.70 7.08 8.74 8.33 2.52 4.20 0.76 5.44 1.42 0.29 9.76 4.30
5.34 8.32 2.19 9.35 9.18 5.81 6.37 4.67 3.33 7.72 6.69 4.55 7.64 8.53 2.70 5.67 6.23 0.18 8.95 3.05 5.97 6.73 5.45 5.66 6.50 6.11 0.26 5.74 8.70 7.38 6.70 2.34 4.57 6.33 0.52 3.42 3.70 5.49 8.87 9.12 5.69 5.25 8.79 8.09 5.14 4.55 9.23 5.53 7.18 1.19 0.68 9.76 9.66 2.02 8.42 7.80 2.89 6.44 7.18 0.58 9.87 8.80 2.55 5.47 1.17 7.03 5.43 7.26 2.57 8.45 1.94 6.94 6.46 2.88 2.82 2.88 5.07 7.12 8.19 6.84 5.85 2.83 9.15 5.69 1.14 3.96 0.18 8.32 1.06 9.61 9.31 6.21 5.05 2.72 5.30 5.51 4.01 5.28 5.44 6.50 4.75 0.92 9.09 3.22 2.03 1.07 4.89 7.47 3.16 5.89 7.55 1.73 4.95 6.27 5.48 2.14 7.08 6.86 3.11 5.78 3.53 9.68 9.46 9.23 7.57 7.06 0.34 3.04 6.09 6.65 3.19 2.55 6.51 3.14 6.98 3.31 4.92 1.34 2.09 9.76 1.27 2.75 1.78 8.08 0.60 5.31 2.84 6.46 7.47 8.37 6.70 3.71 8.82 9.27 7.03 1.65 1.77 7.59 4.44 1.71 4.15 9.09 7.28 6.17 5.77 8.95 8.15 4.30 1.90 9.89 3.34 4.73 5.28 9.24 3.94 6.32 5.78 3.21 0.86 2.22 4.78 8.59 4.67 8.94 9.69 1.25 6.80 7.87 2.28 4.48 2.15 7.20 8.08 3.58 0.31 0.58 3.73 6.60 9.43 3.07
1.09 6.96 4.59 6.35 6.28 2.03 5.41 0.97 8.29 5.54 8.66 1.59 2.02 7.34 0.56 0.38 8.90 0.80 5.64 4.97 0.63 7.53 7.07 4.54 5.02 9.73 3.46 5.49 1.58 3.59 9.29 7.01 6.26 6.57 7.79 3.61 7.59 3.60 8.23 0.69 1.34 2.73 6.69 9.75 4.47 1.14 9.29 8.11 7.44 5.25 3.83 8.77 1.23 9.31 5.93 9.09 4.06 1.72 3.32 5.70 9.90 7.34 2.63 2.14 1.10 1.19 4.43 3.72 9.72 8.41 2.05 2.00 9.75 8.59 1.86 8.32 2.22 9.39 5.22 8.98 0.74 9.71 8.28 1.38 1.67 1.46 7.76 2.03 5.99 6.28 2.97 2.25 0.34 2.49 6.09 1.22 3.46 0.70 0.51 9.41 4.46 9.91 3.87 7.68 1.13 5.07 7.34 6.26 0.08 8.62 0.27 4.90 4.85 9.47 7.13 8.51 8.78 3.95 7.00 9.13 9.70 1.07 2.64 6.62 3.59 9.21 2.11 4.90 1.69 1.46 8.22 2.90 5.05 6.63 6.56 1.48 4.39 2.49 5.71 1.10 4.71 9.71 4.57 2.37 8.31 7.53 8.02 3.95 8.72 5.11 4.44 7.72 9.74 3.87 8.41 9.30 0.15 0.25 1.74 9.45 0.13 6.04 0.42 1.73 8.12 8.54 8.90 9.48 6.49 7.78 7.68 0.75 1.64 1.35 4.78 8.06 1.21 5.71 1.18 7.54 6.36 0.42 2.09 3.10 6.16 7.45 4.82 6.06 8.62 6.07 7.61 2.35 6.35 2.51 7.52 7.82 3.70 0.09 1.71 2.11
4.46 6.82 4.20 9.00 7.17 3.16 6.83 4.76 5.53 4.67 6.62 7.82 6.36 0.62 7.81 8.38 2.62 2.64 3.73 3.55 4.53 8.73 6.17 4.95 2.16 7.59 1.14 7.47 4.86 8.20 8.71 0.02 0.86 5.34 5.28 5.69 5.82 8.50 7.76 6.92 0.79 7.52 6.04 3.54 0.83 4.98 9.06 9.89 4.28 0.94 5.66 8.25 1.50 5.94 8.03 1.95 4.62 3.38 6.38 3.69 3.51 7.67 4.40 8.25 2.75 7.37 8.12 8.49 3.35 9.08 3.16 3.41 3.25 8.18 2.44 9.80 8.65 5.04 2.44 8.60 3.08 8.92 5.97 9.87 6.58 6.67 2.39 0.48 3.42 4.19 0.34 7.93 9.76 4.56 5.37 1.95 4.13 0.04 1.49 3.44 2.13 1.68 1.35 1.26 9.40 6.61 4.55 0.44 0.51 0.58 7.31 1.52 4.61 8.05 4.86 1.23 3.22 6.34 7.87 5.99 8.10 3.49 7.77 3.32 0.80 3.76 4.62 0.92 4.03 8.28 0.09 0.83 6.63 5.52 5.56 2.67 7.23 2.69 6.46 3.40 7.52 3.48 2.43 4.28 0.69 1.35 0.60 5.03 6.14 5.70 6.11 2.77 4.07 7.09 6.44 2.34 5.85 4.43 7.88 3.48 3.53 4.76 7.38 2.53 1.63 2.31 6.14 8.34 8.71 0.77 8.98 2.27 0.45 6.29 2.51 6.89 4.07 9.12 9.52 3.48 1.71 3.60 4.39 1.03 9.32 2.36 3.80 1.92 6.34 8.62 4.42 6.00 2.10 5.08 2.77 7.08 7.95 9.43 3.13 9.71
7.87 3.26 4.43 5.42 2.76 4.17 4.28 9.77 1.25 9.77 0.23 3.79 9.08 0.75 3.57 2.03 8.10 0.94 2.96 0.60 6.93 8.27 1.07 6.88 5.04 2.44 6.91 2.65 4.77 1.47 4.92 2.82 0.06 0.17 8.72 2.45 5.83 1.27 9.89 0.00 1.73 0.86 6.87 9.47 3.52 9.02 2.06 6.08 6.01 9.25 0.58 4.70 8.02 0.28 6.01 9.52 1.56 2.16 8.72 5.56 0.07 8.82 9.92 9.15 6.69 2.26 4.34 4.93 0.37 9.87 3.84 1.62 3.93 8.81 9.47 6.28 3.05 9.83 4.20 4.92 8.32 0.32 2.27 6.41 5.76 6.26 7.72 9.89 3.62 4.47 1.17 1.90 1.81 1.32 2.43 3.16 5.68 6.65 7.43 2.36 1.57 7.06 0.28 0.06 4.19 2.94 2.03 6.77 8.15 0.35 6.63 5.70 3.86 6.73 2.53 1.46 2.36 1.44 0.53 8.64 3.79 0.11 4.47 4.96 7.53 1.23 4.76 1.58 2.38 4.99 1.88 8.78 6.12 6.71 0.29 7.16 3.76 6.42 8.43 9.25 4.11 5.61 5.33 1.63 9.01 5.07 2.36 5.63 0.49 9.09 3.53 9.82 9.73 5.60 1.15 3.65 6.23 2.80 0.03 3.79 2.49 3.17 7.29 4.76 0.11 7.12 6.54 0.04 7.40 7.20 1.00 4.77 1.02 10.00 2.10 8.30 9.83 1.39 4.42 0.68 2.06 8.78 4.26 0.11 5.34 3.48 0.30 7.67 3.14 3.06 8.04 3.90 7.90 2.96 7.42 8.17 8.56 8.21 6.63 1.76
5.11 7.95 9.45 1.85 4.30 0.47 1.89 2.88 1.73 8.36 2.30 5.64 7.40 4.67 5.72 6.09 9.87 4.77 5.48 2.01 2.23 2.76 2.91 5.65 6.11 9.01 5.53 0.70 7.62 0.67 1.49 2.34 9.37 4.26 5.08 3.56 7.88 2.91 4.01 5.76 9.41 6.71 3.13 2.70 6.03 5.89 1.38 6.32 2.85 8.26 4.20 0.93 0.77 4.19 1.30 5.02 3.30 3.56 6.15 5.02 3.99 1.14 4.60 9.82 5.47 9.94 3.33 0.77 4.65 1.18 4.84 3.48 7.52 9.19 0.33 1.07 6.85 6.57 7.95 7.97 5.93 0.47 2.88 4.27 4.93 8.56 1.64 5.51 2.19 6.03 3.44 2.66 8.94 9.03 0.05 9.56 3.27 0.81 2.33 1.36 9.42 3.13 3.73 3.24 1.69 1.79 0.83 9.76 8.96 2.64 3.41 4.19 2.11 5.40 0.87 4.33 4.61 6.13 5.70 5.93 9.25 0.61 8.26 4.39 0.10 3.65 2.99 8.74 0.89 0.77 8.70 2.37 2.88 1.81 2.16 7.72 5.91 5.11 0.42 4.58 4.33 5.85 3.79 3.62 1.08 9.91 9.85 7.20 0.78 6.83 5.57 6.03 0.94 6.75 5.70 8.55 1.03 7.03 8.87 8.39 3.52 1.69 2.11 8.60 8.27 8.37 9.11 8.61 3.45 3.68 4.84 6.06 2.80 1.04 9.68 6.08 3.40 8.18 6.71 0.96 0.24 7.20 5.65 5.73 2.06 6.19 5.44 7.21 9.22 0.25 5.33 3.46 6.56 6.71 4.22 6.57 0.70 4.99 6.06 6.02
2.30 2.97 0.91 9.59 4.34 1.50 8.68 0.81 7.88 6.99 0.64 7.30 8.21 8.75 6.02 0.36 1.05 9.11 4.09 9.80 8.36 0.78 4.37 5.12 5.65 2.97 6.74 8.39 6.06 5.31 4.04 5.57 7.95 7.34 2.89 0.78 2.22 6.79 3.50 2.14 9.08 2.15 9.27 3.25 2.18 7.66 3.32 2.28 8.85 2.29 1.67 8.22 9.76 3.71 3.64 3.09 1.55 2.01 2.53 3.61 0.13 0.75 3.58 9.71 1.12 7.01 7.60 3.33 2.62 0.42 4.00 1.58 8.79 0.91 6.10 4.30 5.46 8.27 2.17 9.76 2.66 3.27 1.27 4.54 3.41 7.26 7.92 0.38 0.19 2.90 6.19 9.01 1.29 8.91 2.86 6.44 8.38 5.17 2.99 1.71 7.87 9.04 3.75 4.47 9.99 7.21 4.88 7.33 5.04 1.92 7.98 4.99 4.68 3.82 9.41 9.98 8.18 3.31 9.23 0.15 7.79 6.17 3.41 2.83 3.66 1.02 9.02 4.28 1.48 5.21 4.82 4.11 3.29 8.19 7.09 6.69 4.03 0.92 8.06 6.41 6.84 7.08 1.85 8.03 2.42 8.60 1.57 9.84 7.60 3.45 7.55 8.77 0.93 7.54 2.60 8.51 9.98 4.68 9.96 9.79 1.02 1.92 7.06 7.82 1.00 4.00 9.37 2.80 8.10 2.28 2.03 6.35 6.25 1.69 9.36 8.78 3.64 3.49 0.60 3.58 7.62 3.39 2.02 4.31 0.10 0.18 9.20 1.73 8.00 7.29 3.60 2.52 0.82 7.14 0.90 7.83 2.98 4.61 4.26 3.11
8.51 5.92 9.02 5.06 5.34 8.00 0.99 1.84 1.74 7.36 7.89 3.12 3.22 7.16 6.26 6.72 8.36 2.69 6.90 4.17 6.95 4.63 2.76 6.58 8.08 0.36 1.53 3.58 6.20 5.04 0.66 6.17 4.11 4.79 8.18 7.91 5.07 9.00 0.27 2.21 6.17 7.03 7.01 1.83 8.33 4.77 5.44 2.76 6.36 3.05 8.16 2.88 2.37 5.59 5.45 3.41 8.38 0.43 7.55 0.86 8.84 4.85 2.91 1.58 7.57 0.18 0.60 7.81 5.25 1.12 8.70 9.67 8.11 1.12 2.35 8.01 1.81 4.57 7.11 6.62 3.17 3.89 6.28 5.62 0.93 6.20 6.70 9.79 3.97 1.28 0.62 0.53 3.86 0.41 5.66 4.70 3.02 9.17 2.73 6.02 7.99 9.22 0.73 4.03 1.28 1.75 8.95 7.84 7.45 3.08 1.07 6.48 3.78 2.63 0.12 1.40 6.13 4.00 1.29 0.28 6.22 9.25 4.45 7.30 8.41 0.87 0.18 6.39 5.53 4.04 9.81 8.19 7.85 1.35 7.35 3.08 0.70 7.97 4.45 5.57 6.56 5.01 5.84 9.43 9.58 9.52 0.54 6.84 1.17 9.08 8.37 3.64 3.41 8.79 5.70 1.73 1.07 8.21 9.93 9.35 0.33 1.26 9.68 4.06 7.99 4.03 4.10 8.79 2.22 0.99 2.55 7.82 9.69 1.74 5.16 8.18 6.99 5.46 3.36 8.66 3.55 1.07 0.89 7.99 5.75 8.20 8.70 3.36 9.49 1.02 1.61 5.27 3.04 6.89 4.76 4.13 2.91 1.53 6.68 6.66
9.41 8.88 7.31 5.82 5.50 1.23 3.57 2.24 5.06 8.51 9.30 4.56 7.34 9.08 2.31 8.15 3.49 6.29 1.18 9.39 7.03 5.93 8.05 7.32 0.12 9.39 3.78 5.91 4.36 2.35 5.46 4.47 5.34 2.04 5.51 9.86 0.38 10.00 9.95 8.81 5.21 9.27 7.60 7.62 9.25 3.21 7.67 5.98 0.55 10.00 8.79 5.66 0.13 7.84 3.64 6.51 1.33 6.51 1.90 2.08 4.38 2.43 5.42 5.82 2.76 8.00 6.34 1.51 1.68 4.43 3.12 7.99 9.43 5.68 4.55 9.00 4.91 3.98 1.17 4.44 0.11 4.25 2.85 0.79 6.66 4.59 0.59 0.85 3.67 4.47 3.16 6.66 8.73 2.47 6.87 9.50 2.01 9.95 4.51 3.66 2.17 4.93 1.92 2.03 8.92 5.40 7.94 4.44 4.44 9.46 2.05 0.87 3.41 3.45 8.75 4.72 5.12 0.19 6.84 0.33 8.76 8.40 7.58 3.59 8.31 8.39 1.09 2.06 6.96 0.92 8.61 6.07 2.94 1.66 1.42 9.95 7.79 4.32 1.34 5.47 0.02 3.76 7.99 3.23 6.97 9.93 4.40 2.66 3.34 6.41 8.52 1.95 4.82 4.73 6.47 7.37 8.85 2.20 0.01 6.74 7.59 8.16 2.35 3.92 1.29 2.74 3.10 4.92 8.46 3.93 2.10 8.08 9.01 1.61 9.54 0.97 4.81 7.17 8.20 0.71 3.95 9.56 9.97 4.12 3.67 5.66 4.59 5.16 6.57 4.70 2.76 9.16 4.38 0.39 7.00 4.70 7.17 5.18 1.44 5.50
0.71 5.29 3.77 8.23 1.88 6.54 0.52 5.83 3.11 9.78 2.12 8.45 1.77 6.53 2.08 5.68 6.35 6.88 0.39 9.24 4.96 9.76 5.82 8.72 3.85 6.58 1.45 0.06 3.60 8.61 9.66 0.42 8.99 7.72 5.90 2.22 1.82 3.14 3.23 1.73 5.43 7.04 0.88 3.02 4.68 2.39 7.01 9.65 8.18 2.84 9.78 8.35 7.67 1.24 6.55 0.01 0.54 0.83 0.29 6.59 7.32 3.44 9.45 2.50 4.19 3.95 8.61 6.46 5.96 3.29 8.42 4.42 4.64 6.99 5.24 4.57 2.98 3.04 0.18 9.22 3.47 8.57 3.95 0.62 3.29 4.85 8.35 7.65 4.29 4.17 1.49 5.40 7.28 7.85 5.08 7.25 3.37 8.93 6.95 9.99 5.63 8.25 3.27 0.57 8.72 0.16 7.14 7.13 4.34 8.40 0.90 3.06 0.24 6.03 6.90 5.94 9.62 5.07 7.43 2.98 6.86 6.72 2.02 8.77 1.95 2.81 8.97 0.08 9.42 0.39 9.75 3.84 5.75 6.56 1.83 3.55 4.12 6.12 1.08 0.05 2.72 8.25 1.25 7.09 2.13 5.06 1.77 1.59 8.96 2.37 2.68 1.36 2.03 7.82 3.22 9.52 2.29 6.19 7.06 1.96 7.66 6.46 5.75 8.96 4.91 7.19 4.59 9.02 8.46 6.92 5.39 6.63 1.45 3.56 9.52 0.84 6.64 9.18 4.86 6.61 6.13 5.00 7.98 4.67 8.46 2.40 5.07 2.05 6.98 2.47 2.24 7.08 3.07 4.11 7.80 2.22 6.29 4.65 9.96 7.28
4.31 4.93 0.79 3.01 6.61 2.49 5.48 6.78 1.55 7.61 9.12 4.17 3.67 1.50 8.16 7.60 2.62 8.32 4.22 0.27 4.67 3.51 9.17 0.48 9.94 0.81 3.55 9.77 8.73 1.41 2.47 0.49 6.00 3.50 4.57 9.91 8.33 8.78 0.65 8.26 0.77 8.82 3.57 4.97 8.32 4.18 10.00 0.11 4.92 8.90 1.99 0.98 4.76 8.62 8.75 9.18 6.18 3.69 8.28 2.04 1.92 2.36 2.32 1.06 2.77 6.18 5.17 2.98 4.30 1.19 2.83 8.89 7.22 3.24 1.68 8.29 6.30 0.19 7.04 1.25 0.02 3.37 2.54 2.60 8.06 2.89 4.33 2.94 1.60 1.46 6.48 2.89 7.70 4.75 9.86 6.18 8.86 1.41 4.97 6.75 1.34 1.51 5.08 0.47 8.25 2.13 5.59 5.31 6.99 6.34 8.27 5.61 6.21 8.73 7.12 7.53 3.02 4.89 7.16 4.61 1.21 1.18 0.43 6.81 6.66 4.67 2.92 5.95 4.07 2.66 6.46 3.86 8.84 8.05 3.80 7.24 5.88 7.70 0.14 1.45 1.40 1.14 2.72 7.09 8.10 1.89 6.80 6.32 2.29 6.08 2.54 8.87 6.36 5.00 8.51 2.01 8.73 8.46 6.19 5.63 0.59 2.05 6.65 8.93 8.75 6.91 5.40 4.41 7.49 4.66 8.58 6.56 3.87 4.61 9.10 9.39 8.88 9.84 8.63 6.79 8.14 0.71 3.05 4.84 9.93 7.86 8.92 9.51 6.21 3.57 9.05 7.40 0.71 6.43 2.89 2.11 6.11 9.28 4.50 7.85
2.01 2.61 3.20 4.99 1.82 8.16 1.26 4.20 4.17 8.28 4.06 3.76 5.34 8.75 5.48 4.74 1.24 1.73 8.62 1.46 3.20 2.91 6.12 6.57 0.89 2.41 0.96 2.10 3.74 0.65 2.11 0.45 9.19 2.80 3.11 7.75 5.11 8.74 7.98 4.50 0.80 4.28 3.73 8.91 0.97 2.41 4.67 7.30 7.53 2.15 9.12 3.11 8.41 9.39 8.99 1.63 5.80 8.62 0.23 6.74 4.92 4.41 4.85 9.53 4.73 0.39 8.56 3.58 9.63 1.40 4.01 5.24 2.90 6.00 0.73 9.71 9.47 9.46 4.80 3.46 0.62 4.03 2.43 3.92 3.81 7.52 9.61 1.04 6.67 9.66 2.92 8.61 3.38 0.68 8.93 1.89 2.81 0.57 7.52 0.52 7.45 0.52 8.89 3.82 3.01 9.55 9.48 1.61 8.38 9.79 5.02 2.88 6.84 1.89 4.24 8.75 7.80 8.74 6.08 6.75 9.63 9.52 6.29 1.60 4.91 3.64 0.36 3.13 9.00 4.81 6.46 9.85 0.52 2.16 0.72 4.84 1.83 9.79 8.26 3.59 5.84 7.34 6.22 2.53 2.44 5.07 6.73 2.25 5.55 4.84 8.54 3.70 3.51 7.99 5.45 5.12 7.82 9.23 8.22 1.16 5.69 9.36 5.42 7.64 3.85 8.12 6.50 5.51 9.69 0.44 6.09 7.82 2.90 1.56 4.45 2.77 6.92 7.85 2.02 3.55 0.19 7.03 3.08 8.04 9.70 2.83 4.06 1.93 7.82 9.48 0.74 3.96 5.12 0.89 7.05 2.29 4.50 5.42 5.73 8.14
9.30 9.59 2.42 6.32 1.99 1.60 6.10 5.59 0.43 9.85 3.48 1.82 1.74 5.67 8.82 6.08 0.69 9.20 4.22 1.37 9.72 7.65 3.05 3.07 5.39 3.19 3.25 7.69 9.90 8.39 2.29 7.62 2.07 8.76 9.33 2.46 7.51 6.90 6.62 6.37 6.00 9.27 1.18 3.68 6.74 9.67 0.63 5.70 2.89 7.42 8.65 6.25 6.57 6.37 1.83 4.18 8.78 1.33 6.76 5.66 8.96 2.09 0.12 0.24 3.28 1.43 9.36 7.19 8.58 7.01 4.25 0.78 9.37 5.23 3.14 6.45 8.53 5.30 7.54 5.28 3.05 3.60 1.29 3.13 5.47 5.40 4.21 4.87 3.23 3.29 8.84 0.81 3.71 1.78 2.07 3.15 9.43 5.42 9.40 1.92 2.94 4.97 2.59 1.98 5.13 3.96 6.61 4.78 9.34 5.62 5.47 6.90 7.85 2.72 4.68 7.66 2.00 0.35 9.40 0.94 9.03 1.91 4.74 0.13 2.62 0.68 0.30 7.50 7.37 2.87 8.25 8.86 4.93 6.24 2.93 7.26 5.97 3.90 0.49 5.42 1.84 3.07 3.29 4.36 4.17 1.86 4.44 1.52 3.79 0.00 8.95 6.46 7.94 6.31 7.78 4.64 2.31 5.18 3.99 5.46 3.52 0.68 7.15 4.93 0.73 2.73 3.72 9.80 1.88 5.25 7.25 5.30 8.82 9.41 0.96 3.80 9.38 9.28 5.30 7.12 0.32 9.44 4.29 8.01 2.09 2.38 1.65 3.26 1.93 9.73 6.44 9.57 1.68 4.73 6.56 7.70 9.10 9.13 8.26 0.86
6.92 8.05 7.97 6.12 4.77 2.97 6.21 5.95 4.93 2.50 3.58 5.21 9.93 5.10 8.23 7.16 1.98 3.49 0.23 8.24 0.83 1.61 5.37 9.94 9.99 0.02 1.46 6.42 0.18 7.61 0.00 0.59 8.54 4.47 5.08 2.84 1.72 6.07 7.25 6.24 7.54 3.14 3.26 6.22 5.57 7.73 2.45 0.78 1.36 2.15 3.56 3.07 5.28 2.95 8.78 4.15 6.94 7.56 2.74 5.17 4.88 0.48 4.96 2.00 9.20 3.05 4.09 2.24 8.29 7.31 1.69 7.87 4.24 5.72 8.49 6.49 5.50 0.88 1.09 0.93 7.49 5.34 0.02 3.17 3.48 3.37 0.50 8.98 7.79 2.17 8.80 6.17 9.65 0.69 1.15 6.34 8.65 9.98 2.49 1.72 7.59 8.87 0.14 0.99 6.68 4.53 8.70 4.79 1.48 7.35 2.25 8.23 4.42 0.75 8.07 5.51 3.11 6.32 7.70 0.45 3.97 6.50 3.41 0.36 5.64 0.42 6.01 4.40 8.08 8.84 4.37 0.90 0.89 2.91 4.91 2.90 9.48 9.14 6.08 5.97 9.99 8.24 4.95 7.77 3.11 4.92 0.79 7.24 9.12 1.37 7.69 7.54 9.68 1.71 5.22 5.32 0.32 3.27 7.54 4.98 5.86 0.58 2.92 9.37 3.29 5.83 5.49 1.76 4.26 9.76 1.73 9.93 3.50 2.84 4.82 5.06 5.83 2.99 9.58 0.96 5.00 0.79 5.97 8.50 9.95 5.38 0.30 4.44 2.35 5.19 5.77 4.13 6.64 1.18 4.78 0.34 9.06 8.40 8.49 7.61
4.56 6.95 7.27 4.50 6.70 8.96 2.02 7.38 5.80 7.63 5.16 4.75 6.28 2.19 6.45 2.79 6.20 6.28 6.88 5.34 1.11 1.95 6.96 5.79 8.38 3.81 8.51 0.36 9.83 8.83 2.94 7.22 6.92 7.57 4.33 8.25 3.07 0.06 9.61 4.28 0.19 0.15 7.82 0.06 5.79 4.02 4.71 7.66 8.03 5.87 0.28 6.49 1.13 4.17 6.84 6.98 5.46 2.55 8.81 3.86 7.95 4.33 0.92 4.99 6.47 0.58 7.51 0.99 5.45 6.21 0.93 4.85 4.14 2.16 9.26 3.84 6.80 5.20 1.20 1.40 8.16 2.43 0.62 2.91 1.87 1.36 4.78 3.68 9.61 8.90 4.68 7.43 1.31 5.47 2.57 2.48 6.54 0.10 2.12 3.58 3.67 9.57 8.74 5.70 0.29 2.59 7.90 2.28 6.58 5.50 0.91 6.38 5.88 6.31 1.41 9.39 2.95 7.70 5.76 4.58 4.47 8.13 6.61 6.11 6.16 1.27 2.87 7.22 1.36 2.44 7.19 1.34 0.12 7.21 5.76 4.76 1.32 5.35 1.12 5.42 9.55 2.10 7.56 6.72 1.30 2.94 7.69 8.91 3.21 0.98 5.25 4.85 9.33 0.44 3.24 2.62 6.87 1.91 1.02 8.00 3.49 5.40 8.70 7.74 9.17 6.76 6.30 6.84 0.45 3.46 7.21 0.57 9.26 4.82 8.93 7.42 6.93 3.05 5.38 2.31 2.64 6.74 8.76 2.31 1.69 0.40 0.62 1.30 3.70 4.62 8.45 6.08 9.94 1.58 6.45 7.59 0.78 2.63 5.70 6.31
4.08 0.77 6.21 4.86 2.64 7.79 0.77 5.44 1.13 6.11 2.18 9.14 5.12 8.08 5.04 4.59 4.09 2.48 5.70 7.35 1.15 8.21 2.58 5.75 5.70 6.11 1.47 4.87 1.19 6.98 5.61 5.16 8.73 9.47 1.93 5.46 1.43 3.15 7.05 0.10 1.16 7.53 1.07 8.00 1.54 7.65 0.64 2.80 0.49 1.33 1.56 4.03 7.20 6.35 4.13 0.44 2.46 1.62 4.74 2.48 8.57 8.62 1.74 5.55 7.79 5.89 6.49 1.71 3.95 5.22 0.11 7.44 4.86 5.29 2.52 8.71 7.44 0.75 1.30 7.50 7.39 9.22 6.88 0.93 0.06 2.99 3.52 4.18 9.06 8.51 1.39 1.21 9.54 2.03 7.07 1.43 2.70 7.22 5.47 4.75 0.37 7.35 7.51 7.00 6.98 2.56 6.99 7.85 7.11 6.50 1.26 6.74 3.69 3.23 6.70 5.49 4.00 3.15 9.83 7.38 1.53 7.75 9.54 7.30 1.48 9.11 1.29 7.45 9.02 0.98 8.68 3.64 0.67 4.19 0.32 2.80 1.38 5.91 6.28 3.11 2.77 4.25 6.83 2.47 6.04 5.45 6.30 3.77 5.36 3.95 1.66 8.02 0.44 0.27 7.17 5.82 7.61 1.18 0.08 9.65 0.42 3.09 6.18 7.81 0.32 0.07 0.35 3.33 3.17 0.55 0.14 8.24 6.33 8.85 0.61 3.62 0.02 1.54 8.83 8.48 5.41 7.62 9.59 2.96 4.81 0.10 1.06 5.50 6.84 6.38 9.13 4.80 6.80 3.60 4.54 6.42 3.75 9.28 3.71 1.81
8.37 6.21 3.05 9.08 9.18 4.84 0.95 9.98 6.16 9.57 0.19 2.43 9.50 8.97 8.50 4.22 7.35 6.19 3.97 9.80 1.62 0.32 0.83 2.18 5.36 7.88 7.60 7.95 2.68 4.70 7.76 2.00 4.36 5.49 1.23 9.30 0.03 5.86 4.49 6.15 4.81 5.06 5.32 9.27 8.18 6.49 9.53 0.93 6.31 1.96 6.45 0.89 6.21 8.46 4.04 5.62 1.93 4.64 6.71 8.37 9.39 5.82 4.48 0.43 5.94 4.09 3.10 2.64 5.19 8.56 6.69 8.04 9.24 0.42 2.71 7.69 7.91 2.65 4.09 6.24 8.30 6.37 7.49 4.57 8.33 3.16 6.38 0.03 0.84 4.72 1.55 2.03 7.20 7.74 5.55 4.27 9.57 0.07 1.78 7.40 1.90 4.76 7.42 6.27 5.71 6.19 6.52 7.96 5.42 0.04 9.88 0.05 4.94 0.24 4.14 7.16 1.88 3.34 5.15 7.42 8.42 5.92 4.44 7.98 7.76 3.53 6.46 6.77 0.80 0.25 8.60 9.32 0.89 4.76 8.06 2.49 0.99 5.39 7.51 0.30 8.41 6.76 4.19 5.93 7.67 3.22 6.16 9.46 9.29 7.45 0.03 2.46 0.29 0.87 7.50 6.70 6.07 2.57 8.62 0.01 3.49 2.78 1.46 4.44 4.45 2.70 2.93 9.72 7.68 5.99 0.42 2.78 6.71 2.47 0.95 1.82 4.50 4.34 0.39 1.80 5.89 9.28 2.60 8.63 5.78 6.25 7.66 1.50 7.68 0.43 5.96 2.12 5.99 7.77 8.13 0.05 7.89 9.47 4.00 9.32
5.06 8.13 5.60 3.86 9.57 0.07 6.02 9.93 2.62 2.84 7.76 1.54 4.10 2.37 2.36 7.87 6.17 3.01 8.74 2.76 7.84 5.21 6.60 4.13 6.87 9.29 5.89 2.59 4.97 0.32 6.54 0.67 4.41 3.70 8.81 6.57 3.50 9.01 0.53 4.90 2.46 5.67 2.03 0.57 4.09 1.77 1.43 9.32 3.18 6.68 4.09 2.03 1.34 2.28 3.61 1.85 9.66 5.38 0.06 6.24 1.48 5.64 3.53 4.92 2.17 4.17 8.74 3.96 0.48 7.53 2.16 4.31 9.45 7.93 6.93 3.93 4.44 2.85 9.47 8.57 3.69 0.78 0.37 9.85 1.54 4.46 7.30 6.87 6.11 2.02 6.88 1.19 3.79 8.53 9.36 3.48 0.71 8.79 2.71 8.01 9.71 6.96 6.34 3.75 1.09 5.52 2.25 5.42 0.84 7.04 4.27 9.93 3.38 6.72 1.51 9.44 4.28 0.34 6.55 7.67 8.15 3.29 4.59 7.89 9.53 8.88 4.06 1.33 8.24 8.24 8.40 4.72 1.58 3.95 6.09 6.90 5.48 9.84 0.89 9.21 6.07 2.61 8.50 6.80 3.83 8.99 0.75 7.42 7.50 7.75 7.17 3.72 0.09 2.89 1.49 4.26 1.58 5.22 9.70 5.02 7.63 0.41 5.06 3.38 5.15 1.76 1.38 1.65 6.17 4.91 3.63 6.02 6.20 8.01 9.40 4.43 1.37 8.05 4.33 4.88 0.58 2.26 1.22 0.42 1.29 8.63 2.68 8.50 8.80 2.48 9.20 9.91 9.14 7.97 7.37 7.93 0.82 9.44 8.45 7.27
9.37 4.37 1.24 2.88 9.18 1.82 3.46 7.60 7.76 1.08 9.33 0.57 8.76 4.75 6.51 2.55 4.97 7.53 7.55 2.81 4.21 5.31 6.71 6.01 5.26 6.57 4.52 8.69 8.83 5.36 2.83 8.90 8.96 2.62 7.42 9.14 3.37 0.01 0.56 3.72 7.69 7.17 1.10 7.49 7.85 2.69 5.84 0.67 0.18 5.05 6.45 8.82 6.41 4.14 3.30 4.18 9.44 0.33 6.50 0.16 8.60 5.54 8.64 0.48 8.15 5.29 4.94 2.14 4.18 9.48 8.42 7.78 4.26 5.48 5.18 7.28 1.25 7.98 0.10 5.52 5.24 1.74 2.61 2.78 7.95 9.72 0.68 4.66 8.08 7.65 6.37 4.23 4.30 3.79 4.98 8.74 6.44 9.05 6.72 8.97 2.94 5.15 4.02 0.45 0.74 3.01 3.01 8.32 7.86 1.24 7.36 2.14 4.00 6.28 0.07 5.68 9.61 9.89 1.47 3.88 3.72 3.73 0.18 2.67 1.23 8.89 3.73 3.93 6.29 6.54 2.36 1.08 7.10 3.79 4.04 6.30 1.97 8.04 5.43 9.35 6.14 5.93 5.68 0.27 7.31 6.55 9.37 5.39 4.77 5.89 2.94 1.34 4.18 6.03 7.39 7.25 4.97 6.81 2.98 6.90 4.75 7.10 2.93 0.20 7.23 9.38 4.76 8.03 2.56 4.40 3.17 5.26 3.59 2.30 5.25 6.01 1.48 3.95 1.41 1.79 3.88 7.59 7.90 0.92 4.23 6.28 2.68 2.25 6.10 1.83 1.54 7.26 8.40 9.28 8.27 3.48 3.67 6.52 8.59 0.48
5.40 4.50 4.01 6.15 2.06 5.40 4.98 9.37 8.30 4.22 6.59 2.26 7.46 5.74 9.00 6.43 3.41 9.41 7.15 2.28 2.58 3.43 9.32 2.78 7.12 2.64 3.67 2.39 5.82 1.12 8.00 2.32 1.65 9.37 1.59 3.59 1.43 6.25 5.66 9.79 0.02 3.07 6.82 3.79 4.16 6.82 6.50 3.79 4.89 1.45 2.08 8.40 5.27 7.45 2.29 3.26 5.79 9.29 7.53 3.15 6.44 9.09 9.82 8.72 7.28 1.57 2.51 0.84 8.62 7.58 3.30 0.72 1.58 1.55 8.44 1.08 4.00 8.77 5.80 8.79 5.86 4.67 5.24 8.52 5.53 3.02 5.79 6.14 4.39 9.17 0.15 5.26 6.12 1.24 3.84 5.14 7.16 9.00 7.11 1.40 0.99 5.41 5.88 9.84 2.85 0.99 1.14 9.40 8.60 1.45 8.40 5.97 4.13 6.41 9.67 1.66 5.07 6.03 7.36 5.07 1.14 9.55 3.69 1.13 3.78 1.50 2.12 3.82 8.19 3.68 7.23 1.32 8.15 3.39 3.61 5.47 1.89 8.59 0.50 0.26 6.27 8.40 1.81 0.90 3.89 8.32 4.15 8.70 6.20 2.35 8.85 1.48 8.41 0.75 4.78 9.75 6.69 2.26 3.81 0.71 0.46 1.22 1.98 1.20 7.49 7.43 6.45 8.96 0.22 4.76 5.17 3.79 6.91 8.82 6.19 5.54 8.51 1.61 4.76 3.16 2.02 5.47 9.86 9.87 8.87 0.86 7.75 4.69 3.26 9.57 6.45 4.34 5.92 8.37 9.66 7.15 0.69 5.53 1.27 6.66
5.90 4.05 6.37 2.67 9.25 2.05 5.51 8.23 0.04 1.76 2.31 5.36 0.07 3.85 1.03 5.78 5.07 6.22 7.95 2.68 0.13 3.38 4.93 3.89 1.63 0.35 4.89 6.06 1.56 0.62 9.55 9.84 0.83 1.05 9.63 7.67 1.88 3.34 3.55 1.97 5.57 2.72 5.64 6.70 3.94 9.20 7.99 3.44 6.59 0.68 4.76 1.99 1.18 0.04 7.16 5.06 3.12 6.38 0.82 3.78 6.43 3.57 9.09 7.52 2.04 4.06 5.27 9.81 8.00 7.34 1.68 6.60 7.32 5.97 7.75 6.99 7.86 0.31 5.01 8.41 3.26 2.33 7.38 1.17 1.98 0.01 1.07 3.18 2.09 1.02 4.38 7.04 5.40 7.44 9.03 6.76 0.49 8.49 9.04 9.93 6.91 8.20 9.12 0.64 1.26 6.82 2.43 4.78 3.76 7.56 4.95 9.11 5.63 0.65 3.73 5.44 7.49 1.34 1.12 5.60 5.94 4.52 4.25 7.74 5.72 8.66 2.80 9.39 6.18 4.56 8.11 6.22 2.86 7.06 9.74 2.23 7.09 7.54 5.33 5.11 7.14 9.73 0.31 4.77 1.03 8.35 5.61 2.65 5.38 8.63 2.96 9.20 3.59 9.06 0.11 0.13 8.65 4.18 1.03 5.95 2.67 5.81 4.47 5.01 6.20 2.72 5.44 2.36 6.66 3.80 9.05 0.17 1.81 6.45 8.82 0.79 4.31 9.63 5.15 5.83 7.86 1.86 8.31 7.80 7.56 3.00 3.29 3.80 9.57 3.80 7.08 9.59 1.36 9.44 9.22 5.06 8.69 6.22 7.54 8.60
3.92 1.17 8.48 7.73 5.01 6.78 6.92 9.74 4.66 1.34 3.39 0.18 5.89 7.29 5.02 4.98 5.11 4.46 2.77 0.33 5.80 8.50 6.77 9.48 5.11 4.61 8.95 7.77 4.01 0.91 1.67 4.81 3.89 5.27 2.99 7.00 1.36 1.46 8.78 1.85 7.33 8.04 8.15 2.10 3.53 5.31 0.66 8.59 5.91 3.96 0.27 8.47 7.80 6.71 9.13 5.07 5.80 5.52 5.02 3.18 9.45 2.69 6.34 4.82 2.15 6.00 8.01 7.82 2.93 3.96 0.46 5.44 7.09 8.32 5.17 7.46 4.08 2.76 7.92 2.62 4.89 4.60 9.04 4.87 8.52 5.41 9.05 9.61 4.47 2.45 0.90 2.85 2.92 9.88 1.85 9.74 5.61 7.05 2.22 5.61 4.71 3.67 0.46 9.20 8.90 4.54 6.71 7.46 3.40 0.05 8.12 7.21 2.22 1.38 9.99 2.67 0.85 8.59 9.66 0.01 5.61 5.84 9.34 7.54 6.89 6.14 4.50 3.82 2.80 5.08 9.77 2.76 1.82 2.27 0.90 9.52 7.11 9.55 8.67 2.85 3.76 3.55 1.03 6.23 6.89 2.77 9.71 1.19 2.98 5.24 9.41 9.39 8.68 5.19 1.66 1.77 1.73 3.98 7.08 4.56 3.26 4.15 9.62 0.82 0.53 6.29 9.00 9.05 1.07 2.14 5.64 8.78 7.25 0.51 8.25 0.44 2.33 6.39 7.71 5.93 4.99 7.58 5.77 5.44 7.01 1.28 4.25 6.80 0.99 5.48 9.18 0.40 0.07 9.84 5.03 1.06 7.21 6.30 6.91 9.17
0.51 5.53 1.05 6.78 5.46 5.91 8.60 8.08 4.68 1.74 0.77 0.86 9.26 8.04 4.00 6.64 5.82 2.64 8.89 8.81 8.88 2.98 3.50 9.26 3.34 3.42 3.67 2.02 4.78 3.86 4.00 2.01 5.59 4.48 8.97 3.63 8.13 6.85 1.41 7.14 0.69 7.13 6.49 6.90 9.66 1.07 2.39 0.66 6.43 1.26 1.44 1.71 5.31 9.57 7.57 3.97 9.40 1.72 5.39 1.93 8.10 2.22 5.17 6.09 2.59 8.89 5.99 7.05 1.74 6.56 3.60 7.25 3.71 2.73 6.49 4.78 0.99 4.84 3.43 4.06 1.86 9.26 9.79 4.61 5.33 5.07 6.50 3.23 2.26 5.84 7.60 9.08 3.25 9.54 3.30 3.30 3.09 6.29 8.08 5.66 2.74 6.72 5.10 7.67 6.19 7.97 6.51 8.72 3.34 0.97 6.90 5.85 7.75 7.68 1.11 8.32 9.79 9.52 5.48 1.31 6.05 7.94 9.28 2.64 8.08 5.28 6.37 4.09 1.45 3.63 1.90 1.00 7.23 3.12 7.45 2.28 7.11 2.34 3.60 4.70 1.46 4.01 3.75 4.03 3.98 7.51 3.69 1.66 9.18 6.53 2.03 9.57 4.22 6.70 7.94 4.63 9.31 2.58 5.47 9.86 8.97 0.33 6.59 5.25 8.34 0.41 9.30 4.38 1.13 2.24 5.00 9.91 1.91 4.95 3.15 9.22 1.12 1.15 7.98 7.14 6.14 8.45 2.28 8.32 0.32 0.80 8.86 9.23 1.28 5.82 8.74 4.27 7.10 0.51 3.14 9.63 9.80 1.86 0.31 4.41
7.20 8.87 4.86 4.55 4.91 4.11 9.74 5.66 5.53 1.06 5.51 1.73 8.55 2.74 2.37 4.21 8.08 2.71 3.29 6.14 3.36 1.17 1.41 2.52 7.38 9.82 8.03 9.78 1.18 0.80 8.48 3.30 9.36 2.66 8.94 7.57 3.64 8.36 9.01 8.78 7.68 1.64 4.85 0.29 3.87 4.86 7.07 7.34 0.06 8.25 9.86 7.90 1.93 5.84 4.87 9.08 2.11 3.15 4.88 5.54 8.82 4.57 2.78 3.46 0.46 0.27 2.42 0.24 1.28 1.77 4.12 8.96 1.20 6.72 7.95 8.17 6.45 8.53 8.51 7.41 4.45 6.86 7.90 2.61 8.69 0.85 6.62 3.71 4.52 4.35 9.89 8.96 0.77 0.90 4.73 3.84 3.91 4.76 6.14 8.77 1.42 3.75 3.35 0.76 6.01 0.11 6.20 0.45 6.87 8.73 1.95 2.43 9.80 8.13 4.90 4.17 3.89 8.50 8.48 5.91 9.21 7.14 2.22 9.11 5.97 9.45 1.02 3.39 0.67 8.75 7.30 2.08 7.25 1.23 0.77 2.51 6.25 1.86 8.71 8.72 7.41 9.79 8.11 0.37 5.80 2.68 3.33 1.75 4.41 0.99 4.21 9.53 0.11 5.13 2.43 9.75 6.75 6.00 8.68 1.58 2.19 1.50 2.76 5.65 4.26 2.19 6.29 1.83 5.14 2.64 9.76 1.66 3.96 7.29 1.50 2.91 9.93 0.20 7.62 0.69 9.87 7.08 6.67 3.38 3.89 1.01 1.90 5.56 8.12 9.41 6.70 3.71 5.87 8.35 1.98 0.73 4.53 4.80 7.56 4.22
5.42 9.62 4.95 2.06 1.97 2.64 2.01 8.72 5.06 8.14 9.34 1.50 0.49 1.33 3.29 4.18 0.69 6.44 8.34 9.83 3.94 4.96 5.52 8.39 2.45 7.56 6.84 6.32 8.66 4.25 8.37 4.67 3.29 2.93 9.87 8.20 8.11 4.14 6.74 5.88 3.93 5.36 8.14 4.59 3.47 9.46 9.70 4.92 2.02 4.82 0.76 7.42 1.04 0.91 6.20 9.71 1.55 2.45 3.56 4.54 1.90 4.73 1.31 7.14 5.97 9.03 1.43 5.18 7.15 8.13 2.01 6.68 8.93 1.63 1.03 8.80 2.20 5.43 3.02 6.98 3.45 4.50 1.39 8.61 8.51 0.75 0.01 6.32 6.34 5.76 4.50 0.95 2.23 3.22 0.32 9.84 3.31 7.64 4.11 6.76 9.71 7.69 3.18 5.95 1.53 1.97 3.19 9.79 3.60 3.59 1.31 3.82 4.39 2.49 2.85 1.67 5.01 7.30 7.02 1.62 0.53 6.66 7.76 0.57 2.00 6.15 4.59 9.33 7.44 3.29 6.81 4.04 3.51 9.99 5.05 2.66 4.21 1.87 5.53 2.08 8.58 6.32 4.19 5.76 6.59 7.98 4.00 1.33 9.82 4.97 1.98 7.11 0.23 2.10 8.51 0.63 9.29 7.96 6.74 8.00 2.00 8.29 3.50 3.56 2.00 7.19 4.65 8.10 3.38 8.84 8.21 8.14 5.01 7.37 5.90 7.16 9.59 4.31 4.17 9.21 1.59 4.80 5.38 1.67 5.99 6.34 3.29 2.12 1.44 0.70 4.69 0.79 1.96 8.33 0.55 0.39 8.83 1.63 1.19 9.27
6.48 4.20 7.64 1.63 5.91 6.41 5.10 0.60 8.01 0.31 3.15 8.30 5.47 7.82 4.41 6.35 1.41 8.53 0.67 1.16 8.45 1.89 0.95 3.19 7.38 4.39 8.98 6.24 2.36 8.95 0.66 3.05 2.55 6.19 6.77 7.15 7.17 7.86 3.42 7.66 1.05 5.19 5.44 0.83 6.16 9.53 2.41 7.83 4.83 1.36 5.04 6.22 6.21 5.40 4.66 7.84 2.43 1.80 8.07 6.22 1.69 6.21 1.01 4.67 3.98 7.16 1.01 5.26 0.76 6.67 5.91 1.25 9.09 6.53 4.41 7.81 9.17 9.68 9.12 9.56 8.40 6.66 5.59 0.38 0.41 6.41 3.70 2.27 4.88 4.12 8.98 6.21 7.55 6.05 3.28 2.98 8.39 2.00 8.72 7.44 4.87 7.50 0.02 6.29 6.27 0.27 4.83 4.67 1.05 3.59 5.36 9.71 9.63 8.99 6.85 1.86 1.52 7.56 4.00 4.66 2.81 0.27 8.01 4.72 1.27 7.72 6.00 2.03 7.03 1.36 5.05 9.78 3.80 6.67 2.45 6.12 7.96 1.84 4.82 9.19 7.88 8.23 7.52 4.70 5.11 6.50 3.04 8.49 4.29 0.83 5.24 1.77 9.66 3.80 4.58 3.21 5.98 3.60 8.56 4.88 2.15 4.41 0.56 1.88 6.92 8.95 2.01 9.13 4.69 9.51 1.07 1.21 3.57 4.54 8.24 0.49 2.59 2.75 2.08 9.63 8.01 5.88 3.65 7.19 1.69 0.96 4.38 4.23 0.85 2.53 4.91 8.12 8.33 8.99 5.92 4.23 3.78 4.33 4.71 1.14
3.82 0.06 4.94 3.58 2.32 6.67 7.42 9.91 6.48 1.35 6.37 7.78 9.92 2.59 0.40 6.55 1.54 2.18 9.01 4.71 6.20 8.36 3.69 3.99 3.40 9.25 9.60 8.07 9.19 3.08 8.77 3.17 5.64 0.44 2.99 7.83 8.71 7.01 0.35 5.46 6.02 1.69 6.12 7.09 8.70 2.30 7.89 9.29 3.56 3.53 2.41 2.75 2.23 7.55 4.11 5.74 5.50 2.05 8.48 9.15 0.22 6.69 2.27 5.19 0.42 6.87 9.43 8.80 1.32 8.66 4.18 9.15 8.64 1.33 0.03 9.74 6.62 6.60 1.69 7.11 1.70 7.82 9.83 8.03 7.38 1.70 8.74 9.49 3.51 0.28 9.89 9.80 4.04 7.73 8.73 7.88 3.70 3.47 7.28 7.25 6.03 2.41 2.54 3.37 8.41 4.26 0.50 6.10 6.46 0.44 1.56 8.89 1.15 8.55 8.43 8.67 8.55 4.34 6.08 6.55 2.25 5.85 8.41 8.81 3.43 2.13 6.71 5.31 4.28 6.67 5.15 5.32 8.68 7.91 7.22 9.30 2.96 7.77 8.65 5.31 7.54 1.54 9.84 2.34 8.77 3.87 6.74 8.21 6.62 1.95 7.64 4.29 4.29 6.61 2.48 7.94 7.75 3.36 4.36 8.59 7.09 7.71 1.61 4.44 9.87 5.83 5.20 4.50 1.11 0.60 2.86 2.30 4.49 1.21 9.37 3.74 7.48 4.87 4.10 5.56 4.24 0.12 4.34 9.76 6.59 0.91 3.67 5.93 8.11 4.50 5.76 0.19 7.99 6.09 8.64 4.80 9.91 9.52 4.70 1.13
3.51 9.45 0.85 5.26 7.86 3.34 8.10 0.58 3.57 8.78 9.99 6.90 2.69 7.55 1.07 6.38 5.47 4.22 2.57 4.53 4.12 0.25 8.96 9.41 6.26 3.65 0.31 1.59 3.57 1.19 6.27 8.92 3.27 7.14 2.50 3.52 2.06 4.24 0.65 0.87 6.35 9.96 1.57 1.94 7.72 5.29 9.85 8.65 3.56 0.05 6.98 7.01 5.63 7.33 2.40 6.55 5.20 3.97 2.32 8.41 6.09 2.06 2.24 1.53 2.52 6.79 4.34 1.13 0.91 5.99 0.54 1.64 0.77 1.38 2.82 6.92 6.97 1.47 9.07 8.89 5.41 1.41 3.97 2.48 7.21 5.56 2.32 3.95 6.39 9.16 5.94 1.38 9.85 8.13 0.01 8.90 0.63 0.33 1.03 3.51 2.14 4.74 1.74 4.70 8.92 1.33 8.22 9.88 5.24 4.54 2.87 8.78 0.99 2.94 1.15 0.43 7.96 2.04 6.30 9.12 5.77 5.89 7.61 0.71 9.81 9.98 4.36 1.03 8.25 4.28 1.55 8.41 5.36 2.54 7.69 7.98 5.28 5.35 0.58 2.73 3.77 7.21 4.37 6.58 9.05 0.59 3.15 4.06 3.89 3.30 1.64 2.94 0.66 5.35 6.54 4.85 5.42 4.65 3.68 3.19 7.27 4.11 8.29 0.48 4.55 1.11 5.38 6.09 9.09 8.28 8.00 4.63 9.88 3.82 5.54 5.28 5.59 7.59 4.12 6.75 9.17 2.13 4.78 9.62 5.85 3.18 3.26 0.32 5.06 3.37 8.49 0.82 7.39 1.18 1.86 6.13 8.19 0.49 0.41 9.31
5.75 5.81 2.81 6.04 2.49 9.66 1.67 1.04 0.37 5.86 6.18 7.88 5.55 8.87 1.31 9.86 5.55 9.82 2.43 5.76 0.19 4.35 8.40 3.14 8.59 3.87 4.44 2.99 1.56 8.42 2.42 9.90 4.32 3.97 5.56 9.17 4.74 0.01 5.03 5.05 8.75 4.47 5.96 1.01 1.63 2.77 7.05 0.32 9.06 3.44 9.91 8.07 8.29 7.55 7.97 5.34 7.22 7.73 1.24 2.33 7.76 7.94 7.51 7.29 9.71 0.69 2.06 1.47 9.21 5.58 3.46 1.83 8.20 9.70 6.12 4.19 3.00 8.22 1.85 2.55 3.83 5.83 1.09 8.86 6.46 6.12 2.71 0.82 6.08 1.96 1.64 4.68 4.95 8.46 3.58 4.50 9.84 6.16 9.24 7.66 7.68 9.47 1.89 9.68 6.66 1.47 4.20 0.44 9.39 7.01 4.65 6.88 7.54 0.56 1.71 6.82 3.26 2.99 9.73 6.37 2.89 5.88 4.64 7.08 5.63 6.77 7.82 1.23 5.84 6.67 8.75 4.03 7.89 9.39 9.75 7.32 1.27 0.75 1.28 8.65 2.96 8.76 0.27 9.41 7.63 8.45 1.83 2.22 1.23 4.54 3.42 9.70 8.95 8.45 5.60 5.84 5.12 3.76 0.63 9.90 9.59 5.04 6.47 3.21 9.52 7.25 2.86 0.84 1.20 7.25 1.34 3.58 9.76 2.73 2.96 8.76 0.38 2.39 7.08 0.80 1.66 1.35 4.39 0.51 9.00 9.25 9.27 2.26 5.90 3.06 7.02 0.48 9.41 7.39 5.79 4.63 0.79 6.26 6.25 9.10
7.71 3.95 5.47 1.26 3.49 2.10 3.97 4.79 0.05 3.95 3.36 6.45 4.19 2.24 8.71 2.07 0.21 7.45 3.47 7.43 5.31 0.82 1.64 7.59 8.47 7.97 8.80 8.06 2.77 7.81 1.37 1.98 5.62 4.09 8.85 6.76 1.49 8.71 3.88 2.21 3.97 7.80 2.33 5.87 2.27 4.42 6.01 2.36 9.13 3.18 0.83 1.72 0.33 6.01 3.30 8.34 8.77 5.57 5.88 4.98 4.28 9.48 7.27 10.00 1.80 0.98 3.45 9.78 5.86 6.80 8.86 3.70 4.57 1.18 8.43 4.99 7.29 2.90 6.75 5.08 8.04 3.40 7.10 2.01 4.78 5.36 6.87 3.14 7.86 8.90 5.21 4.22 6.77 0.94 6.78 1.59 5.61 4.70 4.92 6.14 2.58 9.03 4.94 7.77 4.28 2.06 2.68 9.23 5.68 6.11 4.12 5.56 2.02 6.32 5.59 6.10 2.24 0.05 6.77 8.29 9.54 6.51 2.17 9.88 0.41 1.62 7.83 3.00 3.00 7.37 3.93 7.82 9.72 6.11 2.19 8.92 1.81 8.74 3.26 4.63 6.45 0.86 6.93 9.70 4.64 9.35 4.76 5.52 0.47 2.56 8.47 7.51 3.14 7.07 9.69 0.22 2.38 3.25 9.11 8.09 0.23 9.01 1.84 8.12 0.11 3.90 7.56 5.96 8.51 1.48 5.41 5.80 9.13 4.49 1.86 4.15 7.78 3.52 4.91 6.33 4.28 3.63 3.34 4.22 3.93 3.81 1.64 0.35 7.23 7.88 2.89 1.42 3.95 3.83 0.20 0.80 2.34 2.12 5.98 8.45
2.06 4.00 6.33 8.52 4.16 6.11 4.35 3.03 8.39 3.42 8.26 8.04 8.75 2.79 0.91 8.90 0.76 5.74 6.71 2.17 8.20 7.75 7.39 5.67 2.03 6.34 2.53 3.94 9.73 1.88 5.30 0.80 2.76 3.59 1.89 7.51 8.18 3.62 3.72 7.30 6.45 8.50 6.04 6.87 8.91 2.58 7.82 1.87 6.41 1.43 9.85 6.81 5.03 4.23 8.07 1.78 6.83 1.83 7.85 4.42 0.44 9.23 3.64 9.05 7.70 3.28 6.40 7.54 7.53 9.00 9.90 6.59 8.91 2.75 3.48 1.96 4.92 5.21 8.29 3.26 0.58 4.14 2.09 9.38 4.46 7.51 8.34 6.96 2.90 1.81 1.95 4.74 1.57 9.90 0.87 4.81 2.18 4.69 8.49 1.72 4.32 3.51 5.65 4.48 4.95 3.71 0.55 4.87 2.46 7.78 7.33 2.86 4.06 9.14 0.05 1.04 0.53 8.72 1.08 0.61 7.92 3.91 1.60 6.95 2.51 0.22 7.65 4.63 3.19 0.67 0.44 5.46 9.24 4.37 5.46 8.21 0.47 8.61 1.65 0.36 3.48 1.23 4.11 2.18 4.40 7.73 1.09 2.31 1.04 9.30 4.54 7.82 0.78 6.35 8.18 5.96 0.83 2.40 6.65 0.32 7.46 3.57 4.34 2.78 1.34 4.85 0.83 6.75 5.21 4.21 4.79 6.02 5.59 5.98 2.52 3.58 9.30 8.16 4.31 5.22 6.90 8.20 0.81 7.53 4.28 4.82 8.62 4.73 2.97 5.78 5.39 5.31 8.37 6.54 4.24 2.71 6.60 5.90 3.49 7.74
7.12 1.31 3.69 1.87 1.98 1.96 8.96 7.37 2.37 6.39 0.89 8.36 4.91 7.75 8.42 2.04 9.73 1.31 9.03 9.24 2.52 1.92 6.89 5.61 0.89 5.72 4.65 2.28 7.27 1.75 6.64 6.34 8.30 8.93 8.83 1.46 3.43 6.98 9.54 3.75 4.67 4.08 2.29 7.33 4.41 7.25 1.81 1.03 9.55 1.86 3.97 5.97 8.04 6.50 8.77 0.63 9.01 5.60 4.77 5.81 9.36 8.82 1.27 5.92 8.08 9.07 3.06 5.89 3.62 3.24 5.93 1.64 4.63 9.71 4.53 8.26 3.65 2.81 2.49 7.02 4.36 1.99 7.39 8.39 5.54 8.35 0.53 4.96 3.87 8.79 2.08 9.66 4.77 7.00 8.76 1.79 3.90 7.09 0.27 9.63 2.14 9.16 8.00 0.40 4.45 8.43 9.16 2.70 0.23 2.18 9.76 6.78 8.07 3.61 2.21 9.44 3.84 9.41 4.37 8.46 4.38 0.21 2.95 1.36 7.34 9.18 5.14 4.90 5.56 1.33 8.90 6.26 2.50 1.02 3.83 5.94 6.39 4.08 6.27 7.28 8.34 2.20 6.07 6.05 4.31 8.73 2.02 2.74 5.15 6.97 3.58 8.31 0.72 1.00 9.17 5.63 4.00 7.55 4.02 6.11 7.16 5.00 6.17 9.55 2.25 7.12 2.83 5.62 1.88 5.41 7.68 9.68 8.70 4.44 1.56 9.43 7.34 6.13 8.81 4.32 9.56 8.59 2.70 6.37 3.23 6.86 6.15 6.87 8.32 4.99 0.96 7.70 3.90 5.17 8.68 0.23 8.25 0.74 7.81 3.25
9.60 3.22 9.60 9.36 1.11 5.50 9.59 1.28 6.93 3.28 6.37 5.87 7.80 3.67 5.23 9.25 1.23 5.32 0.44 9.08 3.72 5.30 5.86 1.92 7.04 9.72 1.53 3.01 5.97 9.38 0.15 7.03 9.44 4.60 7.74 6.32 5.93 3.87 7.32 5.10 6.30 2.55 8.10 9.12 6.02 1.49 3.64 6.23 2.64 8.86 1.66 2.38 5.13 5.46 4.73 1.30 4.93 9.75 3.82 0.89 3.62 0.03 3.96 6.26 2.85 5.56 5.79 1.97 1.27 5.84 7.14 3.97 0.95 7.25 5.38 2.13 9.75 2.54 6.43 2.05 5.55 4.19 8.21 6.55 9.04 8.77 1.96 2.65 5.58 9.52 2.11 6.14 6.96 4.72 8.80 1.80 7.90 1.74 8.11 1.78 7.46 6.40 1.90 2.46 5.72 7.53 6.18 3.75 2.73 8.72 0.54 7.99 0.17 2.47 6.72 1.63 2.33 8.23 3.98 7.22 4.46 9.40 6.09 4.74 0.32 9.27 1.31 8.82 9.20 1.72 5.95 7.99 7.00 8.76 3.50 9.38 2.99 8.32 3.48 3.77 1.24 7.10 9.61 2.40 2.21 7.43 4.14 3.13 0.64 9.15 3.51 1.07 3.19 0.22 4.73 2.53 2.26 1.42 0.67 3.47 4.78 5.29 1.81 0.16 7.42 1.35 3.18 3.95 4.37 3.90 3.91 6.67 8.38 2.86 9.03 1.26 5.76 6.58 0.09 1.46 9.24 1.89 4.32 5.50 3.59 6.94 0.60 7.49 0.66 7.60 2.93 6.10 7.21 3.96 7.15 0.74 5.75 5.41 4.49 2.32
7.40 4.84 4.65 8.02 8.07 8.70 0.88 2.99 7.42 2.35 7.90 0.41 4.34 1.67 2.24 7.34 8.13 1.91 6.15 1.96 7.28 9.15 5.65 5.87 7.03 7.51 8.76 4.74 5.82 8.14 8.97 7.06 7.90 2.21 0.96 7.62 5.77 6.34 5.83 5.95 6.07 0.82 1.36 1.99 3.17 0.28 8.76 8.79 0.45 5.60 2.87 4.09 4.76 6.91 5.23 2.87 8.09 5.72 3.08 4.09 9.88 9.56 9.55 0.04 5.05 6.16 4.37 2.61 0.75 0.92 6.09 2.17 0.29 9.72 9.50 6.22 2.47 8.77 3.01 1.21 2.96 2.83 4.32 8.08 4.15 1.50 7.71 1.40 1.31 7.48 4.26 1.63 0.51 4.56 3.93 2.42 7.45 3.59 6.96 2.11 2.67 8.47 4.62 8.84 5.80 5.09 1.29 8.24 5.56 3.44 5.93 8.42 3.24 2.13 5.12 1.82 5.00 5.06 4.23 0.12 5.73 4.86 8.52 8.82 0.03 5.24 2.35 5.89 7.00 2.56 9.22 3.23 4.37 2.37 1.39 7.20 4.88 9.39 0.05 2.11 4.86 7.70 7.26 5.92 3.25 5.79 8.62 8.32 6.96 2.51 8.65 9.26 9.58 2.25 5.05 9.44 5.35 1.63 0.50 4.90 7.40 5.82 0.16 5.29 2.18 7.82 4.72 6.77 6.10 1.97 9.07 4.55 1.35 7.19 5.70 0.33 2.51 5.20 4.92 4.84 1.85 5.54 2.55 0.02 8.14 2.96 9.70 5.32 1.10 9.98 1.66 9.30 1.12 9.24 9.52 7.02 5.13 0.79 7.59 0.56
5.85 9.84 2.92 3.42 6.28 6.37 3.27 0.55 4.61 8.60 6.75 5.15 2.65 6.20 3.09 2.35 6.48 6.11 9.28 0.38 1.98 7.09 5.86 3.00 9.67 4.52 0.62 2.05 8.23 4.35 7.48 4.14 6.75 4.59 0.68 5.66 3.59 7.85 8.03 2.99 0.43 5.56 9.10 3.39 1.97 4.65 6.60 0.32 0.80 2.25 6.64 10.00 9.34 5.00 3.24 9.93 0.56 4.40 7.62 6.31 3.99 2.11 1.15 6.69 3.18 4.46 9.49 8.53 8.50 8.68 4.99 6.08 6.04 1.18 6.61 9.89 1.80 6.05 9.18 0.53 0.75 5.59 9.78 9.98 2.29 9.67 8.12 5.32 9.34 9.44 6.23 1.42 8.07 2.23 2.61 5.04 6.67 2.38 1.76 0.22 7.28 2.43 9.92 1.20 9.01 6.93 1.39 1.70 9.48 6.17 2.80 9.81 1.57 3.83 9.94 1.03 0.40 4.97 1.24 1.28 9.09 7.50 5.59 1.91 5.86 8.64 7.41 9.67 6.42 5.08 7.43 2.20 4.91 8.57 0.11 9.64 4.83 1.76 7.45 5.97 1.61 4.07 7.23 3.04 8.29 0.32 7.62 9.77 5.45 7.87 1.21 1.73 4.51 6.37 0.23 2.90 0.30 9.18 5.97 4.62 4.94 6.08 6.86 1.66 3.05 7.75 7.37 7.99 2.52 3.58 6.54 8.53 0.49 6.96 2.20 3.84 4.62 9.46 4.65 0.60 2.68 3.91 2.03 5.43 5.96 8.71 6.98 5.94 0.66 5.32 4.49 2.69 1.54 7.60 9.05 4.46 0.68 3.51 6.72 6.16
2.82 3.56 6.42 8.29 6.15 7.86 1.44 3.14 5.23 9.98 0.40 4.27 5.17 7.67 2.84 1.88 1.51 9.84 9.69 2.63 4.64 5.86 4.23 0.49 3.32 8.67 8.86 1.83 9.49 6.11 2.97 7.85 2.73 4.94 7.23 3.56 3.62 4.71 8.77 5.60 7.44 1.16 1.87 5.05 6.22 0.46 9.88 2.45 8.34 7.22 9.34 8.17 6.42 4.10 2.50 7.79 8.80 4.50 7.76 7.15 0.47 2.93 6.31 2.30 0.98 7.98 2.05 7.41 9.80 3.83 7.09 4.46 7.24 4.10 7.31 6.93 3.62 5.01 2.46 9.78 4.05 8.08 6.06 0.59 2.78 4.79 7.08 6.36 5.64 2.35 4.67 8.80 7.27 8.31 0.34 1.23 0.71 0.44 8.12 5.04 4.07 8.57 8.49 6.87 4.84 8.52 2.10 0.93 3.29 9.23 3.99 7.51 8.04 9.57 2.76 6.84 8.06 4.03 6.81 3.53 8.20 8.12 2.69 4.99 0.88 0.46 9.16 8.22 0.47 4.62 7.17 1.92 5.56 7.05 2.88 4.99 6.83 7.75 8.79 3.21 8.84 6.12 3.87 4.79 5.78 4.55 2.55 0.79 5.37 9.10 9.70 6.60 6.69 9.00 5.31 3.58 3.86 2.58 3.92 1.56 5.96 0.42 1.68 8.96 0.92 2.01 1.70 7.96 3.96 3.63 8.30 7.36 8.49 5.04 3.24 0.85 3.10 5.80 1.97 8.20 6.36 4.00 3.98 6.77 7.87 4.78 4.66 9.10 4.71 6.75 0.90 4.57 3.97 6.81 7.44 1.54 4.03 4.55 5.21 6.92
5.97 3.44 5.03 0.55 4.96 2.38 7.99 9.26 8.19 8.09 9.62 1.76 5.24 5.80 6.52 3.39 4.73 4.12 0.69 6.82 0.31 6.54 8.77 6.71 8.39 5.14 3.35 3.50 1.53 3.88 9.41 4.85 7.20 7.35 8.40 4.92 0.09 5.57 9.86 8.80 1.45 1.02 8.12 2.83 1.86 6.83 3.67 7.27 4.53 5.56 9.26 3.27 9.46 0.68 9.84 6.52 8.78 8.04 9.45 4.59 4.51 2.45 6.52 1.05 6.36 5.07 7.63 4.07 4.42 5.85 2.28 6.11 5.03 3.79 4.84 8.37 6.79 8.89 2.09 1.14 6.90 9.24 8.38 3.06 4.72 0.09 9.90 6.88 9.47 0.30 5.56 3.24 0.28 9.58 7.67 5.99 3.29 3.59 6.81 9.71 0.23 9.05 1.97 8.66 6.42 0.51 4.38 5.72 8.96 7.38 0.10 8.18 0.97 2.27 0.70 6.63 8.33 5.69 0.72 9.83 6.34 0.28 2.62 1.59 5.35 1.34 5.12 2.94 4.20 6.66 8.33 3.97 6.88 8.77 5.59 5.64 9.73 7.01 7.94 2.87 9.02 9.75 3.11 9.70 2.36 2.83 8.49 4.03 3.29 1.68 2.89 3.58 0.18 4.36 6.04 1.21 6.90 5.64 8.05 0.57 0.31 8.37 1.40 3.58 8.21 3.58 1.33 7.00 4.90 7.73 5.27 1.56 2.47 4.98 8.90 6.05 8.50 8.01 7.20 0.65 2.66 8.97 7.48 1.31 4.00 0.62 4.87 8.20 9.58 8.44 0.83 9.35 6.21 1.27 2.64 0.87 3.61 5.72 1.93 8.54
6.74 1.55 2.11 5.09 7.73 6.84 2.16 6.36 5.99 8.38 8.14 8.52 9.30 7.72 4.04 0.86 9.75 9.40 3.94 7.72 8.34 9.41 6.27 2.79 9.53 7.34 6.68 9.10 9.45 8.30 2.77 4.11 4.71 3.37 6.68 2.15 5.30 8.54 7.24 1.20 6.39 9.96 7.79 4.53 9.55 7.48 1.28 0.14 1.65 2.84 1.90 4.49 3.15 2.77 3.84 8.13 9.30 5.07 8.34 3.48 8.57 6.01 9.65 2.52 1.71 7.91 3.01 4.81 2.95 4.82 4.05 5.24 2.86 4.36 4.46 9.40 6.52 1.35 7.34 7.13 2.07 5.60 6.76 9.11 2.20 2.48 1.74 9.14 4.80 0.69 0.16 2.78 0.59 1.70 7.82 0.06 0.14 5.39 5.92 2.36 1.89 6.61 0.72 6.02 1.76 7.17 9.35 0.80 4.99 1.02 2.28 5.38 9.29 8.81 5.77 7.91 0.08 4.48 3.40 5.10 6.20 0.04 3.66 0.31 6.62 2.32 0.27 9.33 1.99 0.97 0.89 5.39 8.96 2.00 5.31 3.06 0.94 7.24 5.99 5.46 1.22 6.09 0.34 7.93 3.58 3.68 3.12 5.48 0.13 9.56 5.47 2.99 4.40 0.74 1.19 3.23 3.88 9.39 2.39 5.46 3.55 3.91 7.36 0.65 9.10 5.05 7.11 1.00 6.85 0.28 3.21 1.81 8.32 4.62 6.11 2.87 0.84 8.28 5.77 0.87 6.89 7.77 4.65 3.36 1.29 5.94 8.82 9.34 5.41 9.73 9.85 1.46 7.46 8.50 5.72 0.82 3.57 6.01 5.15 1.07
5.96 5.10 1.51 3.72 3.87 5.46 6.06 2.01 3.14 2.23 0.84 8.08 5.12 6.77 3.54 3.98 5.25 5.84 5.15 2.34 1.13 4.48 8.01 4.05 6.55 9.46 8.46 8.71 7.08 0.05 8.36 6.83 5.79 9.51 6.18 5.96 7.07 5.51 9.80 0.66 6.67 3.88 9.68 1.64 1.28 2.66 9.07 8.00 2.28 9.96 2.90 1.41 8.75 3.98 1.25 7.05 4.72 6.44 5.33 8.44 2.25 1.21 6.27 2.64 5.48 6.80 4.21 1.85 9.54 0.38 1.56 3.43 9.36 1.17 5.76 3.23 1.74 5.64 8.91 6.62 5.89 5.85 8.42 8.91 5.46 3.75 1.21 7.04 1.99 9.95 3.67 3.86 0.35 0.03 5.51 3.77 1.57 0.59 0.89 6.09 3.48 6.55 7.59 0.77 6.64 6.34 2.23 1.54 8.60 6.43 1.99 7.75 5.66 4.19 5.66 2.20 2.40 1.77 8.55 6.05 9.68 6.77 1.64 9.77 0.60 8.11 1.46 5.47 8.14 8.25 5.25 9.51 3.84 9.20 2.20 8.13 4.84 4.36 1.09 1.88 2.80 9.52 6.53 5.67 3.02 9.41 1.67 4.03 3.33 1.70 1.41 8.83 7.16 9.30 3.49 0.14 6.81 2.21 3.47 5.03 4.75 7.00 7.46 0.14 8.73 1.59 0.73 1.03 6.44 5.42 8.77 8.72 2.83 6.76 3.37 6.25 5.13 4.51 7.71 0.71 9.66 0.48 0.20 9.41 7.94 2.85 4.29 9.84 7.51 4.72 2.95 1.26 0.19 3.62 7.81 2.56 6.44 0.65 8.81 1.14
1.42 7.89 4.60 4.51 3.60 4.99 7.03 0.18 3.21 6.08 8.00 0.23 3.91 1.52 9.51 1.09 8.47 7.27 9.25 9.94 7.06 4.33 0.03 8.88 6.65 4.61 9.26 5.65 5.56 3.65 5.84 2.86 0.02 7.10 9.37 4.80 9.61 2.31 8.27 2.07 9.56 9.09 2.20 9.42 2.83 8.66 0.81 0.02 9.71 8.21 5.03 9.18 8.71 6.32 7.73 9.84 3.28 6.64 2.50 5.07 8.98 6.82 5.56 2.73 8.61 0.69 9.23 1.18 4.11 7.17 6.27 0.93 3.91 3.37 1.77 6.78 0.36 7.98 8.30 0.00 0.83 2.78 3.84 3.02 8.76 0.77 4.41 4.03 3.47 0.00 3.57 1.37 5.76 1.24 4.11 2.14 7.23 1.26 9.18 9.39 1.70 9.96 1.91 9.52 3.43 5.08 2.10 2.43 2.73 9.31 8.24 1.28 8.34 2.96 2.06 4.46 9.15 6.24 7.46 0.04 1.96 9.72 7.78 2.41 1.01 8.07 3.04 9.96 2.60 0.45 3.91 9.78 6.63 5.00 6.68 9.25 2.49 5.55 2.17 8.74 6.39 5.02 3.57 7.04 9.30 0.02 0.37 6.06 5.58 6.80 5.33 5.61 2.86 2.94 6.98 3.01 4.13 9.76 8.29 0.09 8.48 1.56 6.76 0.13 2.96 9.97 9.49 0.75 1.22 6.53 3.91 6.26 5.51 3.11 5.00 6.13 9.44 1.35 1.19 1.16 4.35 7.17 3.40 4.80 6.21 3.05 6.02 7.38 8.00 4.47 2.40 1.97 6.35 1.83 9.83 2.30 8.89 1.42 7.18 4.51
2.86 2.17 6.56 4.39 4.98 3.15 3.34 8.15 5.13 2.71 3.84 3.55 0.14 4.84 2.41 1.06 1.59 4.90 8.92 5.66 1.51 0.07 9.69 0.02 9.15 3.91 1.61 8.35 5.21 1.70 5.90 9.97 1.20 0.89 9.49 9.40 1.06 7.90 9.25 6.95 5.47 0.55 8.42 0.56 7.87 6.55 9.23 9.76 1.45 3.34 5.12 2.84 2.56 8.92 5.30 7.28 9.65 6.61 2.25 5.60 9.81 1.68 1.63 5.52 0.19 5.43 1.82 1.86 1.60 4.23 9.31 2.70 9.95 0.20 0.74 7.50 8.02 6.01 0.39 4.11 8.30 7.30 8.73 1.52 4.43 4.63 3.94 0.27 7.58 9.69 8.30 3.60 9.95 8.72 6.17 1.62 7.26 5.47 4.03 1.49 4.20 5.35 7.98 0.35 3.64 7.87 5.23 8.98 9.93 2.69 9.08 6.30 4.33 3.99 8.96 7.55 1.95 8.88 3.26 5.62 5.42 4.53 9.32 2.34 0.04 5.27 5.98 9.33 8.93 9.93 7.42 1.16 8.90 4.80 0.27 6.72 9.54 4.27 3.15 0.16 2.46 3.26 0.81 2.05 6.24 2.70 7.34 2.18 2.52 4.32 6.31 8.46 2.56 9.73 0.27 6.49 3.33 5.94 3.54 9.44 8.62 5.31 3.17 7.18 7.86 8.75 0.19 8.59 3.75 8.09 3.23 7.54 8.58 2.94 7.06 3.40 9.28 5.63 4.49 2.18 8.19 0.69 9.28 1.58 6.95 1.33 4.36 0.62 9.90 1.42 8.83 2.43 1.76 2.85 7.69 8.94 0.16 6.75 9.38 9.97
5.78 4.29 4.23 5.31 3.87 2.92 0.89 9.46 9.26 7.47 8.89 6.67 3.03 1.03 9.19 5.46 7.28 9.32 5.12 1.25 3.84 9.15 0.92 6.41 2.36 9.38 7.01 8.61 1.14 5.00 2.56 6.27 0.98 4.37 7.97 4.84 6.16 8.48 9.83 9.19 1.65 5.75 7.13 0.89 7.76 4.82 6.02 3.31 5.77 4.32 2.20 1.36 1.43 2.32 4.10 1.97 1.56 6.59 6.39 0.74 8.68 6.05 7.81 4.78 5.18 2.23 5.84 3.83 0.60 3.34 9.63 3.63 5.53 2.19 3.21 9.68 7.57 9.36 4.21 9.02 6.01 4.02 3.29 1.93 2.70 6.37 1.39 5.44 3.56 8.24 7.01 1.46 7.24 8.32 6.27 2.12 5.40 2.17 9.60 6.52 6.62 3.39 8.11 4.13 5.99 1.16 2.02 5.70 3.78 9.01 3.41 1.88 4.64 7.21 1.11 5.19 2.98 4.40 5.24 0.58 7.16 2.57 8.06 2.11 0.26 5.01 8.93 3.09 9.10 2.83 8.80 9.93 5.16 8.76 7.47 9.89 3.18 1.73 7.83 9.91 8.15 3.02 9.67 2.70 6.39 3.70 0.35 5.02 5.97 0.85 7.02 0.69 2.81 8.59 6.27 4.32 9.02 3.65 1.47 4.56 3.29 4.29 3.46 1.12 3.11 6.38 7.90 8.46 8.11 6.24 6.41 1.98 3.52 5.76 7.20 9.74 0.20 2.63 3.65 0.07 2.44 3.89 8.84 0.11 7.33 4.95 8.53 9.87 0.14 9.02 8.26 9.60 3.96 4.85 0.05 3.31 5.20 5.16 0.10 5.55
2.44 3.20 1.15 3.88 6.84 9.88 0.05 3.29 8.82 6.83 3.10 5.85 4.02 5.81 7.64 9.46 4.75 1.30 4.72 7.81 1.64 1.22 6.88 8.30 0.76 7.70 5.64 1.42 8.90 1.85 9.24 1.07 7.39 8.29 1.72 5.00 8.98 6.84 4.75 0.54 7.71 0.52 1.02 4.69 9.23 9.24 5.66 3.71 9.65 1.06 7.90 9.59 2.85 6.35 4.68 1.81 2.01 1.99 2.96 9.79 8.16 5.90 0.05 2.85 6.95 2.71 8.39 2.13 9.63 3.80 4.83 6.79 5.23 0.50 1.65 5.59 6.35 5.01 7.56 3.72 9.39 2.70 1.86 1.83 1.67 4.12 8.16 6.25 9.71 0.24 7.02 2.17 8.44 4.69 9.82 3.98 2.49 0.43 3.40 0.40 5.74 8.15 2.10 9.82 4.37 7.91 6.96 2.44 2.38 2.11 1.83 1.37 0.12 9.60 4.25 1.18 5.93 3.51 1.19 8.33 5.05 7.16 7.32 6.39 5.75 7.54 4.09 9.29 4.57 0.89 7.19 5.28 5.28 2.35 6.23 6.72 8.88 4.70 3.17 9.07 9.09 9.64 4.13 0.27 9.28 9.98 4.12 3.11 9.63 2.39 3.74 0.07 8.33 6.51 0.21 3.62 3.93 1.11 9.46 9.23 6.12 5.82 6.56 8.99 5.63 9.51 5.37 7.79 9.71 2.45 4.83 4.82 4.38 2.54 2.97 5.08 6.99 5.81 8.84 0.32 2.64 3.15 8.41 2.67 3.10 6.35 3.47 0.18 2.43 8.71 8.94 3.41 3.02 8.20 1.14 0.88 0.30 7.02 4.00 8.84
5.52 0.81 9.41 2.79 1.05 9.98 2.62 2.84 5.83 8.17 7.25 8.02 2.93 0.95 1.03 1.99 4.88 3.21 1.21 3.95 2.64 0.24 0.93 7.00 4.23 7.57 6.67 1.35 8.53 9.18 4.43 9.17 0.92 6.71 0.75 9.09 3.55 8.42 1.82 9.35 3.54 4.93 0.33 7.42 6.89 4.57 9.00 8.35 1.46 2.98 7.60 4.64 9.14 2.99 1.32 0.89 2.36 0.81 8.06 2.81 8.36 9.03 3.51 7.10 7.60 7.18 7.43 6.68 6.53 8.75 0.77 9.01 5.96 2.97 2.41 9.02 4.11 1.86 9.96 0.64 9.11 8.96 4.56 0.53 7.59 1.50 0.76 2.86 6.78 9.65 0.30 3.20 7.42 0.34 3.48 9.15 6.20 6.51 5.59 2.82 3.10 1.19 1.36 6.60 7.08 3.96 1.90 8.88 9.82 9.69 6.79 4.01 6.34 7.22 7.39 2.28 7.48 2.84 6.83 0.75 8.56 4.06 0.86 8.19 0.19 4.15 8.40 6.57 2.67 3.29 5.94 9.96 9.92 2.17 3.29 7.93 1.17 8.35 3.84 4.61 2.06 9.21 2.37 1.96 2.32 4.21 3.54 5.47 8.83 0.97 9.43 0.69 0.56 0.64 8.83 9.98 8.12 1.77 5.02 5.96 3.16 7.16 2.23 8.98 8.62 6.40 7.10 2.38 6.74 1.50 3.20 6.16 5.37 3.17 9.15 7.70 2.23 3.85 6.91 4.08 0.96 1.47 8.23 6.23 8.74 8.38 4.14 3.32 8.31 9.07 7.72 0.19 3.67 5.34 4.31 0.04 3.69 7.79 1.62 6.20
3.09 0.67 1.53 6.40 7.29 5.28 2.49 2.79 5.40 9.62 0.03 9.14 5.82 1.27 1.16 9.63 2.26 5.99 3.66 8.39 9.10 0.41 3.77 4.59 7.01 2.10 5.33 1.52 8.65 5.16 4.23 3.49 6.83 0.66 8.68 3.99 8.77 5.85 6.29 4.59 8.77 3.00 0.58 3.32 0.22 5.55 8.89 4.26 6.62 7.31 9.58 0.56 0.85 5.65 4.93 8.83 5.99 0.75 9.06 5.62 0.04 2.18 1.19 4.13 6.09 1.99 5.17 3.37 4.51 3.33 0.80 9.66 4.07 9.58 0.43 3.34 0.39 3.95 0.70 7.71 5.55 0.70 5.53 7.16 8.39 0.05 8.99 0.89 8.76 7.46 4.97 5.63 8.90 1.38 8.20 7.94 6.26 1.86 6.71 9.02 5.74 2.85 1.89 8.72 6.10 8.89 6.00 0.23 0.28 4.39 7.93 2.21 8.79 1.24 3.83 0.39 7.90 6.61 6.38 7.66 4.96 5.98 4.34 4.05 6.25 7.47 9.36 6.23 8.17 0.50 8.62 4.42 8.93 1.39 4.34 0.65 8.04 7.29 7.39 3.73 6.14 2.52 3.01 7.68 4.42 7.35 3.37 7.96 6.17 4.42 9.83 4.36 0.50 0.46 5.71 6.75 0.64 0.93 6.82 5.58 9.45 4.19 2.81 3.82 6.40 8.81 9.18 5.68 2.88 2.82 5.37 9.79 6.75 5.60 3.29 7.17 3.26 8.55 7.13 6.03 9.39 7.31 8.75 8.85 4.85 1.42 6.08 4.79 2.80 3.55 5.82 8.58 5.87 9.79 8.79 0.43 2.32 3.03 8.95 1.84
5.93 4.65 8.13 8.99 9.85 7.37 4.29 5.06 9.27 7.11 1.79 6.82 4.47 4.52 9.26 1.94 6.20 0.04 6.69 9.35 8.18 1.59 1.97 0.78 7.44 7.02 5.32 6.27 9.10 6.77 4.17 3.58 2.85 6.77 1.69 0.65 3.46 9.19 4.01 1.51 3.42 1.68 6.83 8.82 3.35 2.90 7.88 4.10 5.60 2.68 9.33 3.67 0.46 5.19 8.11 5.62 1.85 3.20 4.06 6.73 7.44 4.49 3.90 2.09 4.72 3.52 1.34 1.61 5.71 8.56 9.54 4.31 8.13 8.00 3.19 5.68 8.81 1.76 0.63 7.13 0.88 3.37 0.14 6.43 4.29 9.46 8.09 7.46 7.86 1.67 0.01 1.01 7.31 0.45 8.66 5.20 2.01 6.22 3.36 9.32 0.10 7.79 2.84 2.96 5.99 3.59 0.96 1.78 4.52 9.15 7.23 6.68 0.66 6.78 0.66 7.88 3.38 6.86 6.16 8.15 5.01 6.47 2.31 0.75 3.71 0.63 9.63 9.67 4.16 3.79 8.90 0.06 3.19 8.69 1.33 9.39 6.34 0.77 8.36 8.65 4.96 2.19 1.45 1.42 9.40 8.25 0.25 8.09 9.78 1.44 8.18 8.28 3.49 8.50 1.49 9.10 9.82 1.82 5.12 7.44 1.67 7.20 4.98 5.31 8.01 3.73 0.39 2.82 1.78 8.54 7.96 5.82 5.46 5.58 6.77 6.05 0.31 5.49 0.73 8.72 7.72 5.62 4.97 1.28 4.16 3.17 1.21 3.40 3.41 1.37 2.98 5.84 9.94 3.64 9.53 0.73 2.93 1.98 8.31 9.65
6.05 9.34 8.75 7.04 3.19 1.97 8.24 8.28 9.82 9.22 1.67 2.38 8.36 7.55 9.68 4.04 4.01 7.99 7.11 9.64 6.37 0.47 8.00 8.81 9.85 8.00 1.14 1.67 1.38 5.90 7.86 4.93 6.97 8.27 8.43 5.88 5.48 4.32 8.79 8.45 6.04 5.74 2.07 6.73 1.83 6.35 1.30 1.35 2.24 6.41 6.98 0.31 4.46 7.33 0.33 9.01 1.06 5.81 9.89 5.08 4.02 8.25 9.62 3.12 2.09 5.20 6.61 6.65 6.58 7.01 6.54 5.79 4.39 9.74 2.15 0.47 0.08 3.91 6.00 3.76 2.93 7.16 2.97 2.14 5.78 6.02 8.30 3.84 0.45 6.25 0.34 1.57 8.63 7.82 1.15 2.77 9.92 0.41 6.02 9.91 7.17 1.98 1.12 8.34 2.62 8.65 3.97 4.92 2.60 2.70 1.50 2.64 0.95 8.04 0.80 9.97 8.45 3.83 1.43 2.16 5.99 7.99 5.57 3.93 8.01 3.63 5.28 6.75 5.40 8.55 9.13 0.46 4.81 3.80 1.29 5.93 7.77 0.82 3.98 1.26 7.95 2.75 8.67 6.23 3.26 4.00 9.39 2.89 3.45 2.98 2.60 8.03 4.25 3.22 1.73 6.89 8.65 7.37 2.35 5.98 4.21 9.38 3.35 6.39 0.97 4.71 7.36 5.51 3.45 4.75 6.15 0.70 4.35 7.15 3.75 2.21 6.14 7.42 7.07 4.00 9.37 3.31 5.85 7.08 4.69 9.48 4.92 8.90 9.40 5.17 5.21 7.80 4.41 2.73 9.05 1.58 7.66 0.60 3.38 2.78
4.38 2.87 7.45 0.99 8.07 0.60 5.33 3.10 4.81 3.68 9.29 6.91 5.98 8.34 9.03 9.65 9.52 8.07 0.95 9.45 5.72 1.55 2.34 4.51 5.06 2.50 7.71 8.61 1.02 7.47 2.68 1.19 0.40 8.24 2.15 3.28 4.16 7.99 4.18 6.53 3.60 5.65 8.23 9.67 0.51 0.77 3.66 3.43 6.60 3.69 1.87 0.09 4.05 0.41 5.11 9.09 4.83 4.53 6.37 6.94 1.00 2.05 4.57 9.42 8.41 3.04 0.44 6.06 0.68 3.44 1.76 7.29 4.12 8.00 1.25 9.77 5.63 0.97 0.13 3.34 4.10 5.34 8.46 3.67 5.00 4.47 4.90 2.93 4.89 3.23 5.81 2.98 8.98 2.76 5.54 8.73 5.51 7.43 0.06 0.38 9.92 7.03 6.51 1.84 6.78 2.62 3.19 6.85 6.54 5.14 4.23 2.05 9.04 8.95 2.19 5.83 0.66 9.62 6.93 7.66 9.79 1.79 4.24 2.94 8.20 8.84 5.48 3.98 3.30 1.53 2.45 5.60 2.21 1.65 0.26 5.31 0.00 4.68 5.35 9.08 2.22 2.21 9.73 2.13 1.15 3.72 0.29 4.22 7.27 3.67 9.44 1.27 1.91 5.04 3.98 8.51 0.10 0.13 7.98 1.13 3.46 1.04 8.42 5.04 0.90 5.09 9.51 2.03 5.27 2.38 2.76 2.71 6.97 2.81 5.25 2.35 5.09 1.28 6.18 9.62 6.65 3.22 5.63 6.61 3.32 8.71 2.80 8.31 8.01 0.68 1.35 8.58 4.83 1.07 5.00 6.40 9.71 5.96 6.09 3.00
1.76 5.91 5.05 7.23 5.94 0.37 2.86 8.89 8.05 9.54 5.99 1.42 1.94 8.36 7.17 8.34 0.24 5.70 9.07 0.54 3.77 8.34 5.10 5.02 1.01 2.57 2.44 2.22 3.60 2.89 8.18 6.20 0.93 0.98 7.41 7.90 8.47 4.79 0.81 7.39 5.63 5.61 7.36 3.80 4.48 4.14 8.37 9.84 7.18 5.57 6.28 4.14 8.13 8.63 4.42 9.28 1.13 4.58 1.90 7.78 2.47 2.44 2.32 7.01 1.79 9.51 6.42 9.74 7.88 6.92 0.37 2.08 0.36 0.02 5.59 0.15 9.53 7.39 9.64 1.36 5.02 9.87 6.68 9.05 5.65 7.29 8.58 5.10 1.63 4.04 1.87 5.21 8.23 9.38 2.79 2.58 0.37 8.13 7.57 7.04 4.07 5.98 0.81 3.81 4.74 8.76 8.28 9.27 8.71 3.73 6.58 9.54 5.67 7.14 4.39 7.85 2.29 7.13 8.43 3.60 9.26 3.99 8.87 8.64 9.88 8.42 3.69 0.11 7.98 6.99 5.69 2.17 0.59 0.21 2.98 9.23 5.61 1.01 2.80 0.62 0.46 8.71 1.09 4.61 3.84 0.14 2.54 0.15 2.29 5.92 1.80 4.42 5.19 1.90 0.49 6.09 1.68 0.83 7.40 2.18 8.65 6.42 3.88 1.27 0.37 2.02 4.11 7.09 4.75 3.43 5.01 6.12 5.31 8.21 0.77 6.30 9.96 5.48 6.14 3.16 0.33 2.93 4.81 4.80 1.14 3.94 0.96 5.98 5.35 2.03 3.11 4.63 6.52 9.32 8.47 0.60 3.05 6.61 1.79 9.90
5.13 1.38 0.37 2.50 2.27 2.77 5.65 0.34 5.77 7.32 2.71 4.61 2.37 6.95 3.14 0.94 2.17 3.33 4.12 9.62 8.26 3.67 5.35 0.78 9.48 5.75 2.13 2.30 1.87 1.89 6.90 4.65 0.49 8.03 0.82 6.99 5.76 2.42 4.14 6.98 8.40 6.94 1.18 4.94 9.81 3.88 3.32 0.00 9.02 2.06 1.55 1.36 6.26 6.40 3.61 6.35 5.99 4.22 4.79 9.38 7.32 8.20 4.08 1.96 7.85 7.24 6.60 5.43 4.86 3.39 7.08 7.89 2.69 6.20 5.89 1.04 0.33 9.22 9.70 1.73 1.62 1.08 4.18 7.53 5.87 5.41 4.15 8.77 2.19 1.12 0.88 1.79 2.07 0.27 9.14 7.70 9.39 6.30 9.05 9.30 3.34 0.95 6.54 4.55 8.17 2.31 8.61 6.61 6.68 4.11 3.02 2.06 6.77 9.88 1.13 2.57 0.76 2.34 4.84 5.68 3.27 2.83 3.78 6.32 4.42 9.26 9.81 9.05 5.13 7.69 5.80 6.98 2.60 3.62 4.92 6.41 2.68 4.81 8.07 9.37 5.26 5.28 3.18 1.30 9.18 0.63 8.22 5.12 8.58 3.30 7.71 3.16 3.44 9.12 0.49 0.92 2.66 9.52 9.50 7.69 8.33 0.87 7.71 2.19 0.84 6.41 0.79 7.01 8.12 3.32 4.08 4.09 1.26 3.16 3.42 4.66 0.39 1.34 9.54 8.06 4.06 4.59 2.66 9.82 4.65 3.55 0.49 3.48 7.51 1.32 9.29 7.04 8.49 3.35 7.13 3.71 4.66 6.43 7.11 8.21
2.27 0.59 4.70 9.12 3.73 4.63 6.77 9.62 3.75 2.10 4.49 5.73 7.22 6.36 4.40 2.40 5.73 4.56 2.89 2.70 2.54 8.06 0.61 8.83 1.85 1.22 0.68 9.53 7.40 7.89 1.49 5.63 0.29 3.96 1.19 4.37 8.68 5.75 9.41 2.94 9.06 3.47 8.63 3.38 0.71 6.79 2.25 6.49 5.87 1.90 2.57 4.31 7.21 3.62 9.90 9.17 8.27 6.09 3.53 0.26 1.13 4.04 4.89 8.55 6.93 2.46 5.82 5.84 4.45 5.26 5.11 5.32 8.05 1.29 0.40 4.61 5.04 0.43 1.26 7.00 4.91 9.48 2.89 7.81 3.18 3.19 7.54 7.36 4.65 6.41 0.33 8.03 5.25 3.26 4.39 0.76 5.97 9.14 0.13 9.29 7.18 2.63 6.76 9.42 6.39 6.47 8.61 4.97 5.45 7.11 9.15 4.87 2.93 2.28 3.50 3.34 8.12 4.64 5.64 2.30 4.57 5.90 2.52 4.29 4.08 2.52 5.23 5.17 0.71 6.76 0.20 7.84 5.14 1.80 0.58 7.86 8.84 4.55 7.60 0.13 0.36 8.94 5.90 4.01 1.83 0.54 5.76 5.36 7.01 8.78 8.28 7.67 4.51 4.43 6.07 0.08 8.67 5.85 2.60 8.97 4.31 6.18 6.17 5.58 2.27 3.99 6.50 2.91 4.49 2.09 9.74 7.88 4.35 3.87 6.46 5.63 1.22 2.22 4.76 7.13 4.34 3.04 8.49 9.44 5.73 9.35 7.91 2.76 6.52 6.05 4.10 1.54 3.45 7.45 3.58 9.35 7.19 0.71 9.16 2.39
4.09 8.23 8.04 0.97 2.92 1.13 1.05 0.54 5.91 8.63 8.04 3.21 3.91 2.98 8.08 1.32 8.32 0.08 9.96 7.47 8.16 1.05 8.44 2.64 0.92 6.77 6.83 4.27 7.69 3.22 8.74 9.01 3.69 5.97 9.91 5.66 1.43 7.64 8.73 1.11 1.11 4.28 7.10 4.05 2.14 5.57 7.17 0.29 9.71 0.70 3.92 8.84 9.46 8.20 7.67 4.44 6.22 1.73 4.70 7.15 2.20 6.00 9.60 6.94 1.78 0.54 2.38 3.93 3.73 2.35 8.44 9.98 6.53 0.20 0.22 8.97 6.03 3.67 5.10 9.72 9.66 1.47 8.48 6.77 9.13 0.94 5.67 2.74 2.89 2.06 2.73 3.94 2.94 3.40 4.94 4.26 5.99 1.15 9.15 3.04 5.44 2.47 1.45 9.25 2.91 1.05 9.38 5.57 3.65 3.89 5.45 1.10 6.31 1.05 2.61 9.40 5.64 5.92 9.60 0.87 1.27 7.44 1.00 1.09 9.94 3.06 8.48 6.64 4.53 1.02 0.49 7.01 8.76 4.19 0.21 4.12 5.22 0.66 9.97 3.01 2.63 8.85 2.80 2.99 7.46 4.68 1.62 9.70 4.43 8.75 6.49 6.18 5.02 1.55 0.04 6.07 6.52 6.67 2.28 6.34 9.85 6.50 5.41 3.99 9.45 8.70 9.17 5.53 3.85 8.13 3.08 9.88 1.35 8.09 4.54 6.26 3.90 9.21 0.87 8.28 3.36 4.77 3.25 4.51 5.67 3.98 8.33 3.41 4.62 6.45 9.38 0.61 1.03 4.19 1.16 8.88 0.64 3.91 9.44 2.21
5.06 2.93 7.11 9.93 2.08 9.34 5.44 2.20 5.90 9.08 6.91 4.88 9.38 6.44 4.00 2.03 2.82 5.06 4.28 3.00 9.67 3.09 4.51 3.57 8.49 4.02 9.59 3.29 1.97 5.68 0.73 8.77 9.26 4.75 9.13 7.94 9.04 9.90 3.51 3.02 4.10 7.13 9.18 1.64 0.78 4.11 6.03 0.63 0.97 8.70 1.07 2.98 3.32 3.46 2.39 9.48 6.26 7.59 2.00 1.13 4.94 4.29 7.62 0.55 6.82 9.53 9.51 6.61 8.07 5.36 9.97 8.44 1.55 4.70 0.81 5.50 7.93 3.33 2.51 6.38 4.57 1.16 4.14 7.20 4.64 1.42 7.43 6.36 8.32 9.74 8.60 9.43 9.27 5.28 2.66 8.42 7.78 9.41 3.51 7.56 9.73 4.18 1.51 5.50 7.67 1.17 7.72 6.51 2.71 7.84 2.51 3.07 1.97 3.83 3.52 8.19 6.05 3.40 5.69 7.87 8.39 1.36 7.73 9.23 5.16 1.84 2.05 0.84 5.11 7.98 4.03 7.10 8.47 9.64 4.69 9.91 4.86 3.71 5.03 5.70 7.67 4.28 5.25 5.74 2.89 5.91 2.80 8.94 9.98 7.56 7.86 6.64 8.11 8.46 7.23 1.88 7.08 3.93 5.08 7.02 4.80 2.64 1.52 5.74 2.45 3.60 3.21 3.70 7.97 3.23 1.67 5.04 2.12 8.49 7.30 4.63 3.30 3.14 3.97 5.46 5.32 7.13 1.14 4.91 9.43 1.34 8.57 0.09 7.74 0.47 6.13 6.39 4.00 9.25 9.61 0.03 6.99 5.48 0.25 9.16
8.77 5.18 5.38 1.56 7.81 5.22 0.54 5.93 9.08 6.09 2.67 6.66 1.44 8.64 9.80 3.88 2.26 5.42 6.40 6.70 9.51 5.75 0.61 7.86 8.45 8.85 4.21 9.77 7.03 8.32 1.12 3.93 2.98 8.64 3.89 4.04 0.77 2.69 7.46 8.40 9.82 5.99 5.09 6.45 0.81 1.91 6.41 8.88 2.24 8.44 4.16 2.89 2.77 3.51 9.33 2.91 5.83 6.55 2.83 8.86 5.04 6.37 9.64 0.26 4.16 6.85 1.90 9.78 0.50 0.80 9.91 1.19 4.11 7.36 8.42 2.26 3.56 0.59 5.80 6.93 9.42 1.44 0.31 6.24 1.88 0.62 7.47 4.17 3.93 7.63 6.34 9.62 8.31 7.24 9.23 1.77 4.11 7.29 4.90 5.12 9.43 7.08 4.93 1.65 3.25 3.76 4.09 5.50 2.60 8.59 9.61 0.85 0.20 0.81 8.65 7.44 7.45 8.37 7.06 3.87 1.64 7.42 7.05 5.27 5.53 4.19 2.63 3.07 5.76 4.60 1.78 2.24 8.55 5.63 6.24 6.48 4.87 8.79 6.20 2.91 5.32 6.31 7.78 2.96 2.23 4.86 2.14 8.04 5.07 1.63 4.58 9.11 6.73 1.23 8.10 4.29 3.12 5.92 9.58 4.75 5.97 8.81 2.06 9.74 1.84 3.28 4.11 5.44 8.10 3.17 3.72 6.32 2.50 7.43 1.33 4.37 6.13 6.66 5.74 2.66 7.04 2.61 2.27 8.18 1.29 6.05 1.65 6.45 0.58 0.71 3.69 7.50 6.63 4.31 3.38 1.81 5.97 2.32 3.41 3.85
2.41 2.55 8.40 7.50 9.77 9.32 8.91 9.69 4.65 7.52 6.23 6.85 4.21 0.48 5.77 9.67 6.78 1.23 7.71 6.92 2.69 8.18 4.64 1.18 1.38 7.63 3.77 8.50 6.73 4.87 3.21 3.32 0.98 9.36 0.37 8.81 6.10 5.83 1.52 9.10 9.96 5.12 2.83 9.44 0.24 8.73 2.21 3.09 8.42 2.45 3.96 1.68 2.70 5.83 0.98 0.69 8.60 4.42 2.60 1.50 9.56 6.67 5.78 4.57 2.81 7.87 4.09 6.37 5.19 3.79 9.29 3.31 1.33 0.01 7.48 5.39 6.65 7.75 2.12 9.58 8.63 4.46 3.97 1.63 1.86 4.11 9.97 10.00 9.51 9.95 5.89 5.07 0.38 7.24 6.73 6.48 5.42 2.98 9.52 1.69 0.55 9.54 0.89 8.16 1.64 9.80 3.98 3.39 4.86 0.21 2.55 0.50 7.42 6.62 1.32 5.34 5.41 4.07 5.52 8.60 9.31 3.28 0.95 8.17 0.11 9.94 7.15 4.82 1.57 3.36 6.00 5.59 5.85 3.57 5.90 8.52 2.52 8.52 2.88 6.86 1.37 0.31 5.63 7.88 5.40 7.00 3.63 8.09 2.94 0.00 7.12 6.14 8.73 9.78 8.03 8.21 9.59 7.12 0.82 5.42 3.05 2.68 5.40 0.77 8.39 9.33 3.34 7.73 1.67 0.69 4.24 1.73 3.10 2.07 3.77 2.32 0.24 1.04 0.40 4.93 3.87 3.18 4.99 4.90 0.90 6.78 6.23 0.22 1.78 5.87 9.33 2.64 1.97 7.99 1.26 4.36 2.13 6.42 5.03 6.51
5.04 7.59 1.00 8.14 3.90 9.19 1.82 2.04 5.59 2.10 9.80 9.03 0.89 4.35 4.52 6.89 1.80 2.62 7.45 1.88 3.88 1.92 5.46 9.53 9.44 1.97 9.45 1.17 5.94 0.63 2.49 9.33 0.52 6.16 9.57 7.47 7.66 0.32 2.81 1.08 2.54 4.52 0.95 1.26 4.00 4.81 4.31 9.74 0.81 9.07 5.60 1.07 9.93 5.99 1.14 2.42 1.64 3.25 4.42 1.98 4.92 9.06 5.03 7.24 4.70 0.42 9.27 3.84 0.78 6.31 0.18 5.71 5.82 2.80 5.53 3.59 4.49 5.04 8.52 3.46 9.39 3.74 1.68 0.04 7.87 5.39 2.47 3.15 1.11 0.17 6.59 6.23 1.45 1.33 5.95 6.51 6.74 4.27 0.32 9.45 9.96 8.15 0.09 6.16 9.79 8.00 8.83 5.67 6.17 3.73 9.79 0.91 0.15 7.06 7.08 3.70 1.47 5.57 9.51 6.80 5.51 1.04 6.97 9.91 5.97 6.20 0.43 1.89 6.73 7.88 2.83 0.98 9.08 1.18 3.39 9.73 2.84 6.15 3.94 3.94 1.62 1.13 3.47 9.48 7.97 3.84 0.84 8.12 5.71 5.87 8.98 0.36 1.87 9.87 0.98 8.78 8.48 9.15 8.01 9.39 0.22 1.97 7.40 8.84 5.94 9.93 8.73 2.70 0.17 2.35 8.71 5.13 8.66 3.49 3.78 0.86 4.12 1.63 3.47 1.01 9.12 0.12 2.08 8.71 1.14 3.75 3.69 9.44 0.75 7.73 9.73 5.02 6.36 9.35 7.15 4.23 3.78 7.82 3.48 8.29
9.61 0.33 4.65 2.37 9.69 3.82 3.20 9.95 0.94 4.65 1.75 0.20 6.32 4.87 6.42 5.70 0.03 7.84 4.48 0.74 0.64 0.35 1.74 3.04 3.88 7.23 6.10 3.20 1.12 1.10 0.01 1.55 2.59 0.54 7.51 3.73 0.51 7.04 4.75 3.98 6.64 2.44 6.38 6.09 6.44 2.75 7.93 1.78 1.01 2.01 3.63 4.97 7.90 1.74 3.49 4.85 3.30 9.55 7.33 7.51 5.76 4.92 1.42 7.94 2.03 5.60 0.05 7.11 6.78 9.52 5.25 4.62 0.91 5.85 1.42 0.15 7.17 2.61 6.95 7.98 7.04 7.98 5.20 0.08 5.61 7.25 7.92 3.93 0.19 3.39 5.91 2.47 8.20 2.61 4.89 6.25 5.81 6.51 9.07 6.72 7.30 8.95 8.28 7.75 5.06 8.30 7.05 6.40 2.07 0.82 7.73 4.73 8.52 2.86 4.65 1.34 2.45 8.39 1.54 1.86 6.83 6.39 6.96 4.78 4.34 1.46 4.09 8.16 3.36 1.74 0.27 0.86 9.65 4.52 6.05 8.83 2.52 4.96 6.73 7.97 9.48 4.90 5.34 6.22 3.13 3.17 2.05 2.34 2.40 3.12 1.96 5.62 3.66 4.08 1.79 2.99 6.71 6.66 3.06 3.94 5.32 0.97 9.82 7.85 0.56 2.88 3.64 4.15 1.30 8.42 4.30 7.91 4.40 5.95 4.14 7.88 5.19 7.08 9.89 1.76 1.29 7.92 5.11 9.92 5.78 2.84 8.77 4.29 4.57 5.22 8.10 2.37 4.65 7.29 3.58 3.64 1.16 9.81 1.84 4.74
4.44 3.65 1.81 3.22 3.22 8.82 1.71 4.72 6.83 0.65 7.99 8.63 6.78 5.89 2.97 0.74 3.45 6.84 8.32 7.41 4.01 4.56 6.02 0.27 4.43 6.34 5.27 0.41 8.52 3.52 9.70 2.14 9.92 3.07 8.67 4.11 1.76 0.03 1.29 9.96 8.59 0.58 6.13 3.08 5.87 0.13 7.65 8.00 8.14 3.17 3.98 2.30 6.16 5.14 6.10 7.58 8.72 1.81 9.27 0.39 3.59 8.76 0.55 1.84 7.66 5.24 3.62 9.28 1.31 7.71 9.44 3.29 9.60 5.67 2.72 9.47 5.95 9.81 7.93 9.30 2.33 4.53 2.15 8.66 7.90 2.72 0.99 1.14 4.25 8.79 9.32 2.26 9.17 6.19 6.38 4.15 3.14 7.05 4.10 7.20 3.92 9.25 9.08 4.36 4.78 7.40 9.80 6.18 2.08 4.08 1.50 2.15 5.39 8.74 0.51 4.54 4.71 4.38 1.45 6.35 8.81 8.03 1.16 6.74 0.85 8.74 2.95 2.19 9.24 0.60 9.57 0.11 8.71 2.47 8.70 6.97 6.83 7.73 3.26 5.72 2.45 8.97 7.05 9.76 5.41 8.47 4.62 4.90 3.25 8.69 5.31 5.23 5.55 0.14 2.95 3.20 1.71 4.56 8.54 4.15 5.11 8.24 6.51 0.81 6.97 3.45 8.31 0.37 5.45 2.25 9.54 2.01 4.53 6.95 6.90 7.21 1.70 4.52 7.64 2.31 3.88 1.42 4.78 4.46 1.08 9.72 7.21 5.28 9.39 1.10 2.54 7.11 1.09 6.49 3.98 0.52 7.84 8.64 5.67 9.09
9.96 9.87 2.72 9.91 2.31 5.96 6.86 9.92 0.44 9.85 0.30 8.26 8.19 3.84 0.79 6.88 6.74 4.01 8.38 2.03 5.33 6.36 1.49 5.89 0.74 2.48 3.57 1.83 7.41 9.70 8.27 6.23 2.51 3.43 7.42 4.11 3.06 8.59 7.87 0.09 8.92 3.36 8.59 2.36 8.53 7.64 5.08 6.90 0.05 6.89 7.01 6.77 0.32 0.43 4.15 9.31 0.78 1.08 1.80 1.32 5.70 6.65 4.77 9.56 9.73 8.65 7.26 3.08 9.21 1.17 7.90 2.28 3.30 7.44 6.06 1.98 9.63 5.04 6.16 1.90 0.65 7.85 3.72 0.20 5.87 6.22 5.55 3.69 3.41 9.80 8.67 9.98 1.67 1.28 0.46 8.54 8.66 8.89 4.34 2.46 3.87 6.80 3.91 3.60 2.46 8.75 8.70 2.40 7.48 5.21 4.68 6.01 5.20 4.17 2.97 1.76 3.69 3.21 0.90 7.17 0.26 4.07 7.46 0.48 5.43 6.69 2.03 5.57 8.91 0.97 8.68 9.00 9.90 3.57 3.90 8.05 9.27 1.05 1.96 9.78 9.29 5.40 4.74 0.18 8.41 3.84 4.74 3.59 1.23 9.35 2.39 1.30 2.58 3.72 3.14 0.84 6.76 9.43 0.35 1.47 9.36 8.53 5.80 8.96 8.56 7.74 2.16 8.03 6.99 8.98 8.10 7.84 9.64 6.17 4.40 5.07 2.83 9.35 7.37 2.23 6.65 4.93 7.24 5.14 4.06 7.62 5.71 2.81 6.43 9.92 6.47 2.88 3.35 5.48 8.32 0.50 6.39 5.16 9.53 1.42
2.69 9.19 0.40 9.28 5.30 7.87 2.83 2.94 9.80 6.33 3.74 9.77 1.52 0.27 9.17 8.98 1.53 3.66 7.24 3.67 7.93 9.97 7.32 5.41 9.67 9.54 6.87 5.11 8.05 0.16 9.91 5.24 8.44 0.69 7.88 7.88 8.98 7.23 3.35 9.00 7.73 9.13 0.49 7.54 7.70 9.80 4.18 7.54 8.04 1.51 3.09 6.44 3.15 0.83 6.87 9.39 7.02 6.23 8.45 8.61 1.62 7.17 2.97 2.28 2.48 0.10 4.78 6.48 8.70 4.13 0.07 1.58 6.60 1.05 9.25 0.50 7.35 9.02 0.64 7.79 9.74 4.31 6.39 3.20 9.04 8.66 0.07 5.32 2.22 7.83 2.84 7.30 5.08 3.37 5.92 6.52 2.59 3.48 7.86 5.98 7.01 8.81 0.62 6.77 2.50 5.54 3.35 0.52 2.70 0.20 8.84 5.35 6.41 2.13 9.81 4.84 3.96 8.42 8.57 0.78 2.80 9.88 6.63 1.69 0.77 1.21 4.05 3.56 0.24 0.39 9.34 0.72 2.25 3.54 8.76 8.62 6.80 0.35 3.62 1.02 6.56 1.12 0.30 3.92 4.94 0.58 1.33 8.89 4.73 2.63 2.31 3.95 0.88 9.41 3.99 0.96 6.37 0.57 4.53 6.88 7.37 4.75 3.03 2.19 3.55 9.75 2.57 1.86 7.55 8.52 6.59 7.57 2.24 2.39 6.67 9.23 4.38 6.64 8.82 7.92 5.51 1.23 6.09 8.70 1.44 8.72 0.81 4.47 4.66 5.22 6.23 8.44 3.97 6.76 8.42 4.84 8.51 2.00 3.76 8.30
9.61 1.45 2.40 0.98 0.69 2.11 8.37 8.95 4.70 1.49 4.40 6.22 3.31 9.20 0.35 8.26 7.10 9.16 1.99 0.61 5.27 0.80 4.44 4.36 0.55 8.54 5.55 6.72 8.93 3.55 1.51 5.61 1.56 0.89 6.67 8.59 5.26 3.09 6.31 3.84 0.35 0.52 4.35 9.83 3.96 6.02 4.90 9.05 2.86 0.58 8.46 5.16 9.28 4.32 3.47 0.74 9.43 2.53 5.80 3.78 3.26 0.65 6.61 0.01 5.57 8.99 2.11 6.81 7.63 8.07 5.56 3.06 1.90 4.19 8.52 8.42 3.22 8.23 8.17 9.62 2.13 3.89 8.38 2.48 8.44 1.87 1.84 1.29 4.98 4.40 6.03 2.54 4.38 1.20 7.88 9.38 7.47 6.51 5.90 8.47 0.94 4.38 6.75 6.97 0.56 9.77 6.65 8.95 6.61 0.05 8.31 0.06 8.89 9.92 8.56 2.99 8.24 7.59 1.12 0.07 5.75 3.93 2.32 8.96 4.64 6.19 3.97 1.75 3.56 2.61 0.05 2.86 1.89 8.51 5.45 1.25 5.85 7.96 3.76 5.96 6.58 4.03 1.82 1.69 8.65 5.77 2.54 4.63 2.92 6.88 7.43 2.94 7.21 2.24 7.70 6.61 6.11 7.35 2.00 4.69 3.98 2.46 9.14 7.75 9.41 0.37 7.18 9.54 7.35 8.54 7.11 5.00 8.55 3.63 9.07 0.22 4.05 2.60 6.78 8.23 3.40 6.22 2.88 0.64 5.48 0.87 5.84 7.79 1.61 3.10 3.82 1.98 6.39 9.46 6.51 4.35 4.74 5.69 8.68 0.67
3.91 6.78 7.34 9.43 2.58 6.62 0.37 4.30 3.39 2.32 0.92 0.37 7.04 7.39 7.83 7.53 6.06 0.10 5.31 7.52 9.52 4.39 0.54 4.23 3.84 5.91 4.09 2.81 7.37 4.37 3.69 1.74 0.20 7.91 9.57 0.71 9.91 3.03 1.34 9.72 2.27 1.85 1.72 7.06 7.41 8.74 2.15 0.86 8.13 2.75 5.53 9.99 8.32 9.90 8.23 5.81 7.07 4.95 4.80 3.58 3.09 6.32 0.54 0.86 5.93 0.88 0.62 8.78 6.63 4.53 1.21 4.47 6.71 8.88 7.38 6.67 3.56 7.62 9.77 3.53 8.01 8.29 1.79 5.53 4.31 4.79 3.70 5.77 5.71 6.65 6.13 9.14 1.61 2.78 6.53 1.40 7.48 1.34 6.71 7.58 9.75 9.49 6.75 5.40 7.53 9.62 5.95 1.30 7.80 4.46 6.09 2.99 2.62 7.52 1.78 3.68 5.61 3.26 4.87 2.33 7.19 1.88 4.43 5.75 0.42 6.04 0.11 1.01 5.70 0.86 0.28 1.11 3.95 9.97 4.89 8.49 0.20 7.39 5.03 1.25 1.59 4.39 9.05 8.79 4.80 7.05 9.18 6.80 7.51 6.64 5.44 3.94 8.96 3.40 1.42 2.79 3.82 3.20 6.71 5.30 1.69 9.42 5.42 9.97 1.39 9.27 1.12 5.88 0.80 9.92 1.62 4.71 0.08 8.01 5.43 6.70 1.30 1.95 7.74 6.86 8.74 2.68 4.30 5.76 1.32 5.50 2.71 9.96 6.95 3.28 9.44 9.93 9.52 3.24 9.54 5.66 2.16 0.80 6.49 9.48
6.50 3.28 5.05 8.62 5.53 5.69 2.71 3.74 7.04 6.24 7.91 7.22 5.99 5.79 6.31 0.72 6.54 2.73 9.42 8.10 7.41 1.67 9.89 9.68 9.00 3.38 8.22 5.64 5.14 6.61 9.21 6.99 3.98 3.49 9.92 2.75 3.36 5.12 3.43 8.98 3.43 6.10 3.32 2.20 0.56 3.70 0.66 9.27 8.33 5.22 7.38 9.57 7.52 1.58 1.44 2.06 8.77 0.79 2.27 1.10 1.70 0.84 8.96 9.57 4.08 7.75 9.78 4.99 2.72 6.73 5.33 2.71 2.76 9.35 6.53 9.63 2.68 3.11 7.65 6.74 5.64 0.74 1.68 4.63 8.69 9.94 0.58 2.37 5.24 8.30 4.77 4.52 0.53 6.66 8.78 1.67 8.21 9.11 7.77 2.46 5.25 3.18 1.03 4.74 9.15 6.47 0.14 4.53 7.78 4.91 1.59 8.27 9.16 5.68 6.60 0.46 6.66 9.68 0.03 3.73 3.03 9.82 9.36 1.25 5.14 5.49 1.83 6.58 1.23 4.34 8.58 6.67 9.77 1.80 9.79 6.72 7.05 9.98 7.89 8.10 9.48 0.11 7.09 3.94 3.12 6.35 5.16 8.23 7.05 8.99 7.67 8.32 1.32 1.99 1.79 8.19 5.71 6.71 8.07 5.35 4.48 8.52 5.24 2.07 1.57 5.88 9.29 7.11 6.97 9.55 1.45 4.80 3.49 8.97 7.41 2.77 6.73 1.44 7.39 5.61 9.42 6.25 8.93 3.83 7.12 1.00 4.59 5.97 5.55 1.40 1.13 2.87 2.79 4.20 2.32 5.96 3.61 4.15 1.12 7.51
5.01 0.54 0.82 0.45 3.40 2.09 1.36 2.85 3.79 8.74 4.24 2.82 4.32 5.72 5.80 5.08 3.76 5.47 0.08 9.56 6.34 6.50 2.40 6.20 9.77 9.55 3.46 5.54 8.61 0.57 8.18 6.88 6.50 7.25 2.01 0.10 5.12 8.46 6.14 3.87 0.56 4.64 4.11 7.60 5.12 8.39 2.09 2.71 5.54 9.75 5.65 7.33 9.21 2.59 0.06 3.84 8.75 0.60 0.04 7.76 3.03 0.74 6.72 8.98 9.37 3.26 4.18 4.46 1.16 5.99 7.99 4.39 6.11 1.25 5.11 1.09 5.06 2.15 2.96 2.92 6.02 8.08 0.62 1.72 3.39 2.44 9.48 1.42 6.75 9.60 1.28 7.78 2.30 2.12 3.61 1.48 0.22 9.09 5.42 5.70 3.36 8.56 8.88 8.53 0.58 1.54 1.84 4.47 0.68 7.41 3.33 7.42 9.45 0.01 0.09 0.81 6.64 4.56 6.09 4.07 9.77 0.43 0.54 3.43 2.03 2.69 0.46 1.55 6.40 6.19 2.36 5.16 4.89 8.85 9.59 9.16 2.59 5.74 4.95 8.29 8.08 7.79 5.28 2.05 3.47 2.39 5.19 1.59 0.38 9.94 9.11 0.90 5.37 0.47 2.82 0.20 7.88 2.11 0.42 7.53 6.89 5.00 8.18 4.69 8.06 5.83 8.87 2.55 9.42 0.42 3.07 7.97 3.54 1.38 1.76 7.70 9.26 8.92 6.73 2.32 7.88 6.09 0.00 8.97 1.61 4.93 1.88 9.24 0.49 6.71 1.83 7.03 6.67 3.82 1.72 0.29 5.32 2.53 0.78 9.77
1.20 9.79 0.55 4.44 6.43 1.05 2.50 7.58 7.64 8.88 6.93 2.18 7.81 9.48 6.99 6.39 7.99 3.55 4.77 0.91 4.29 6.55 7.30 0.07 4.20 1.01 6.94 8.99 9.23 0.75 5.24 9.76 0.49 4.92 9.22 5.57 1.69 6.70 6.62 2.63 2.31 1.17 3.27 6.95 1.87 7.18 0.66 8.20 3.11 1.32 6.34 9.38 2.24 7.19 4.87 3.81 6.67 1.90 6.86 7.87 2.20 4.46 7.36 5.81 6.45 9.44 3.29 6.20 7.85 5.11 7.40 9.96 1.73 2.40 0.93 5.52 5.54 7.70 2.42 9.79 0.57 1.74 5.06 4.95 2.98 4.55 7.99 1.87 5.86 2.63 7.96 2.33 3.75 1.12 1.66 7.61 2.77 9.28 4.73 8.74 0.08 3.75 5.24 1.48 7.85 7.47 1.06 4.09 0.50 6.01 2.13 5.16 4.57 6.62 6.35 1.20 3.78 6.13 2.32 5.38 6.70 9.71 8.30 7.93 1.78 6.43 9.26 6.48 6.44 7.77 2.59 8.40 5.56 0.12 7.76 6.36 2.60 9.96 9.30 6.23 8.18 1.88 3.77 3.83 7.73 3.27 1.83 7.89 4.12 9.84 6.03 7.99 8.13 0.74 6.65 4.08 5.14 3.03 6.39 9.81 9.98 5.85 3.07 6.92 5.15 2.06 1.53 4.93 0.94 3.66 3.74 7.07 3.51 2.80 9.47 1.87 0.10 5.84 7.60 4.59 7.48 1.93 7.08 9.78 7.80 6.31 3.83 5.26 2.64 5.94 5.84 2.50 6.25 9.69 8.94 7.87 4.64 0.70 8.42 1.85
9.73 1.13 4.62 0.58 9.88 7.80 8.32 9.11 7.43 2.59 5.26 6.59 6.34 4.86 9.28 2.94 7.53 1.37 6.18 9.68 8.75 3.01 8.41 6.41 7.24 1.02 8.87 7.37 1.42 8.00 4.93 0.99 9.57 8.77 9.99 6.58 5.03 1.54 1.85 0.90 7.64 3.25 2.91 5.85 8.93 1.93 0.40 4.41 2.92 8.48 7.72 7.96 8.62 5.36 7.53 0.90 8.92 0.51 0.55 5.73 4.65 4.24 6.47 4.40 5.56 2.84 2.68 1.46 9.82 3.84 4.89 2.19 2.81 7.25 3.64 6.66 0.22 9.86 1.67 4.45 1.91 1.30 0.57 9.05 8.29 7.39 2.62 9.33 3.63 7.65 5.95 2.20 5.43 9.91 6.22 4.59 1.25 4.38 2.57 8.10 5.78 5.17 3.89 6.16 7.85 4.02 6.14 1.81 3.30 9.45 9.15 5.45 0.18 3.19 1.19 4.69 9.98 3.38 2.14 1.49 0.13 2.73 6.95 5.50 1.66 3.73 1.57 9.45 1.15 6.76 5.76 5.51 9.93 3.44 2.06 1.27 4.25 0.61 9.73 9.40 8.08 9.09 8.88 3.92 0.84 7.12 6.90 3.97 0.28 7.05 6.60 3.59 3.71 9.75 4.99 2.51 0.64 9.93 8.65 9.44 9.16 1.51 5.48 6.06 0.41 6.31 5.19 0.08 9.64 1.98 3.85 7.12 6.79 9.32 3.16 5.10 2.06 7.94 8.97 4.39 3.49 9.12 2.64 7.90 7.32 2.42 5.53 5.73 9.45 6.94 1.18 0.05 8.19 1.27 2.45 2.22 9.11 0.36 6.27 7.24
7.84 4.76 5.88 6.75 3.01 9.23 9.46 8.59 8.92 3.41 6.29 6.10 2.78 1.54 8.72 0.18 6.92 4.53 0.90 1.15 0.32 6.37 4.86 8.40 7.14 0.65 3.15 4.21 4.50 0.50 3.57 2.10 3.47 4.25 3.33 6.60 2.51 7.84 4.85 8.96 7.63 7.96 5.95 1.74 8.62 2.77 5.17 9.63 7.46 1.13 2.01 8.16 1.38 4.99 3.39 2.87 5.19 5.81 9.55 9.82 9.55 4.70 0.60 1.27 5.38 3.75 1.12 9.35 1.21 6.15 4.16 5.62 1.49 4.62 3.01 3.43 6.25 5.56 1.78 5.35 5.39 2.22 2.28 8.86 8.96 4.30 3.85 8.36 0.23 5.42 2.84 3.12 3.13 5.48 5.42 8.92 8.68 7.63 1.92 2.64 3.40 4.93 5.14 5.44 7.04 0.80 1.80 9.80 3.72 3.41 6.10 2.17 9.25 7.79 5.68 6.24 4.07 9.66 7.34 0.82 1.88 7.44 8.36 1.97 6.49 2.87 3.00 4.10 8.30 1.69 4.34 4.00 4.70 2.14 2.03 9.93 9.34 8.34 9.88 7.73 0.97 8.59 3.70 5.01 8.25 3.17 8.75 5.74 2.93 7.76 1.81 5.94 1.77 9.07 2.04 3.66 9.36 1.21 0.81 4.55 6.51 3.49 8.55 2.94 0.75 4.94 3.10 5.89 1.28 8.48 7.72 1.72 8.81 0.62 1.23 3.56 0.92 5.36 3.75 4.61 6.01 7.39 6.65 2.75 8.33 7.02 0.87 2.38 0.61 4.58 5.33 0.20 4.12 2.53 5.22 6.67 9.93 7.87 0.20 4.93
9.14 0.70 3.07 2.65 5.05 4.25 4.40 2.25 8.70 5.44 0.32 3.04 3.69 0.69 9.41 0.07 0.97 5.77 7.50 9.04 4.63 4.36 8.13 2.39 6.33 3.58 5.30 5.24 9.35 5.10 2.11 5.84 9.22 2.45 1.40 1.83 9.26 2.09 1.21 5.06 8.76 4.41 2.08 4.64 1.76 5.57 5.43 3.64 3.22 7.23 4.28 6.75 8.84 8.78 0.61 9.15 0.47 1.65 8.60 9.42 3.79 3.25 7.06 1.13 4.84 1.67 4.99 7.49 5.89 6.45 2.62 4.07 4.74 2.40 9.93 2.49 7.99 4.95 4.35 4.34 2.97 4.45 0.38 7.90 6.12 5.73 7.42 6.62 1.09 7.03 6.32 7.09 1.46 6.64 5.55 5.22 5.12 1.42 0.89 1.98 3.06 3.65 2.72 0.54 7.22 2.17 7.50 9.97 5.65 4.09 2.42 3.29 8.98 0.06 9.68 0.16 3.26 0.49 8.96 9.87 4.49 9.16 7.72 1.48 5.74 7.06 4.49 5.03 8.30 9.82 6.16 2.35 4.70 7.28 5.13 8.66 3.94 8.03 6.35 5.65 8.29 0.25 6.59 1.47 2.81 1.59 6.68 9.08 8.96 5.03 3.28 0.71 8.43 4.88 6.79 1.02 0.57 1.47 9.07 1.47 0.08 3.39 6.26 2.57 2.55 7.54 5.81 7.19 2.49 3.61 5.57 9.59 4.07 4.59 1.95 5.58 5.62 0.05 9.87 5.90 7.88 0.24 3.92 1.82 1.50 9.46 5.12 5.14 0.25 3.89 7.18 3.99 3.92 7.44 8.42 2.21 3.54 0.69 9.49 1.41
5.93 8.49 5.07 3.48 1.06 4.91 9.63 0.86 8.00 4.55 5.24 5.59 6.93 0.94 4.28 5.61 3.25 5.51 1.50 4.58 3.44 7.50 1.15 1.04 6.98 1.85 6.59 8.88 5.10 8.03 9.04 2.64 1.70 6.55 0.68 1.05 1.45 5.96 7.12 8.87 2.33 8.12 2.07 1.26 0.49 1.42 9.46 7.58 1.85 7.22 1.22 7.02 9.76 0.41 5.04 1.67 7.06 8.53 7.15 6.82 5.86 5.78 6.34 4.69 1.80 0.60 8.51 4.70 5.58 6.34 3.41 5.16 2.39 5.27 7.63 5.83 9.91 5.76 3.99 5.53 0.46 5.69 8.01 2.72 5.49 2.07 6.20 6.18 6.47 2.00 3.12 0.71 8.37 7.25 1.73 7.17 1.28 4.24 0.54 0.04 3.63 2.16 1.04 9.65 7.03 7.35 5.95 5.34 6.34 6.41 3.13 3.08 4.68 3.56 4.03 1.96 5.65 4.37 1.09 5.40 7.55 9.94 1.32 3.16 3.86 4.79 2.55 7.38 1.24 3.37 2.96 6.60 1.55 7.84 9.18 6.22 7.21 6.05 9.62 3.90 6.45 0.53 0.54 1.61 8.50 8.58 6.92 3.95 6.00 6.98 6.87 7.25 6.24 0.97 5.00 9.48 1.44 8.88 7.58 6.53 6.51 0.79 4.43 9.43 9.78 2.76 8.73 7.49 1.70 0.17 0.90 8.02 3.11 1.51 8.20 4.45 6.34 4.96 5.08 5.44 3.29 8.18 0.69 7.17 4.01 9.39 4.18 0.51 8.93 1.58 5.84 0.63 5.34 7.46 0.15 0.15 2.05 1.89 1.09 5.44
2.40 3.25 9.07 0.66 8.44 3.59 6.50 6.52 7.26 2.07 9.80 0.96 2.31 3.89 2.97 7.06 1.96 5.41 9.33 8.65 9.48 1.62 7.14 1.91 0.51 4.71 8.19 4.28 1.88 7.25 8.12 1.60 5.40 0.10 7.75 0.08 4.55 5.95 0.35 2.57 6.50 3.11 8.60 8.90 6.36 3.23 7.58 10.00 4.37 2.80 7.44 3.62 9.36 0.46 0.30 0.33 5.22 8.87 9.99 4.27 1.88 8.31 6.70 7.01 8.78 9.38 2.88 2.71 3.76 5.69 8.87 3.81 3.01 2.76 3.14 2.14 6.82 9.80 3.73 2.34 7.46 3.79 5.23 2.25 6.50 2.24 9.02 8.93 0.95 5.48 8.76 8.46 8.20 6.44 4.25 6.78 8.52 2.85 2.22 3.79 2.05 5.60 6.32 9.92 7.87 2.06 3.77 9.80 9.06 6.11 0.48 3.82 2.78 7.52 0.53 8.95 9.48 0.96 9.21 5.85 7.20 9.12 9.07 5.47 0.53 5.44 6.96 4.67 7.99 7.99 2.52 8.64 6.50 2.47 9.26 5.88 8.66 1.63 8.86 4.37 0.36 4.85 7.39 4.66 8.77 6.75 4.23 5.21 1.72 3.94 2.45 9.01 7.90 4.64 5.74 1.82 9.10 7.42 9.32 0.50 1.06 5.17 4.56 8.09 5.01 3.47 4.04 6.87 9.13 8.02 7.03 0.76 9.15 0.35 3.46 8.90 6.76 2.46 6.38 3.93 3.77 6.11 9.63 8.37 1.21 5.96 6.51 2.25 5.34 5.99 2.74 5.44 2.54 9.93 2.85 9.75 1.30 4.90 0.01 6.24
8.37 9.49 5.65 0.48 5.65 4.19 6.19 3.23 8.41 3.51 6.05 6.71 3.12 7.96 1.66 4.17 5.15 4.55 4.25 7.97 7.49 5.89 7.01 9.81 7.72 7.17 0.19 0.54 4.67 9.43 3.08 9.46 3.56 9.27 1.15 1.72 7.32 6.56 3.88 2.14 2.94 5.16 9.18 2.73 4.49 2.65 0.71 6.34 2.76 1.32 2.54 9.47 7.86 4.85 9.14 5.50 8.47 2.12 3.55 7.37 7.46 0.88 6.08 5.20 5.75 1.81 8.22 0.17 1.73 0.96 9.78 7.44 4.23 3.29 0.95 1.87 5.81 1.18 5.70 5.20 5.17 3.84 9.78 3.90 6.05 7.46 1.93 9.65 2.46 4.42 9.06 9.63 1.11 8.59 6.97 7.03 3.32 7.65 3.12 8.48 3.42 7.94 6.11 4.55 1.74 1.59 6.98 0.33 7.04 1.59 2.23 3.73 1.62 8.20 6.74 2.21 7.56 2.24 6.15 4.88 6.60 9.94 0.46 9.18 7.53 3.68 7.37 8.73 4.32 3.08 8.40 7.73 3.46 1.63 9.70 3.99 8.29 1.25 4.77 8.19 7.54 7.95 5.92 3.50 8.98 2.49 5.90 1.83 7.36 2.34 4.72 1.95 6.17 3.87 5.25 0.12 5.00 7.15 4.71 2.32 0.93 2.03 1.73 8.20 8.71 8.05 6.21 1.05 8.87 5.20 3.58 9.43 3.10 5.56 2.18 8.86 1.35 4.93 4.88 0.43 1.49 6.02 1.50 1.41 4.32 3.73 1.52 7.11 5.80 6.19 9.57 2.80 9.30 5.78 1.20 8.18 9.59 9.85 4.17 5.91
1.16 6.45 9.42 7.75 3.83 0.76 2.62 8.27 2.22 2.23 2.39 6.99 3.52 4.01 0.81 5.78 5.47 2.43 8.12 5.30 1.84 9.42 4.87 1.58 7.36 3.42 2.21 3.04 1.42 0.62 3.46 1.16 1.68 2.52 1.89 2.41 2.04 0.01 4.66 4.55 1.10 8.45 9.82 1.60 0.88 7.32 6.73 7.76 6.29 4.82 4.09 2.17 7.25 8.30 8.03 0.30 3.22 7.51 6.65 5.76 4.32 7.31 3.47 8.19 2.84 7.92 4.44 1.72 1.40 9.44 6.78 4.10 5.30 1.69 8.42 4.78 7.69 0.55 3.00 3.11 5.46 9.98 1.12 3.81 8.27 1.14 9.50 3.58 1.92 9.41 6.13 8.49 5.61 5.71 6.80 9.32 8.72 1.18 5.53 7.33 7.57 5.84 9.92 8.84 1.45 3.31 1.24 9.49 8.07 0.53 1.36 5.17 0.16 7.52 0.24 0.88 6.73 0.86 1.25 2.85 9.27 8.97 4.32 4.56 8.36 2.99 3.36 1.60 0.35 4.45 0.11 0.17 1.04 1.98 4.64 8.28 0.69 3.90 0.62 5.13 0.68 2.15 8.68 0.52 0.36 9.04 2.57 4.56 3.01 4.65 9.84 1.69 5.34 3.70 6.88 8.16 9.26 2.62 2.57 4.69 9.77 8.77 2.01 9.29 6.10 4.49 9.75 1.69 8.01 3.89 5.35 1.07 8.04 7.67 0.49 2.09 4.83 1.17 5.77 0.62 4.52 0.64 4.25 7.56 7.36 5.66 9.61 0.37 9.48 5.46 3.64 5.60 2.52 2.10 3.97 7.41 3.02 9.10 5.50 9.02
7.79 0.35 3.26 6.56 8.09 1.18 5.32 8.15 5.73 8.43 7.61 5.74 0.42 1.36 4.81 9.85 2.41 1.58 4.78 5.21 6.88 6.99 5.97 0.08 3.88 6.21 5.87 0.83 1.68 4.52 0.11 3.41 6.75 1.19 6.14 1.66 7.37 9.97 0.78 4.06 0.88 9.85 1.57 9.23 3.64 6.40 3.41 9.34 4.52 4.65 1.84 5.72 5.23 3.73 7.81 4.52 1.24 3.31 2.52 8.73 9.08 3.50 1.19 4.90 5.05 4.63 3.92 8.71 3.01 8.90 9.87 7.65 9.26 7.83 3.93 6.68 1.82 0.26 3.56 6.34 1.68 3.49 5.59 7.48 0.56 2.65 1.06 5.13 0.13 3.55 2.70 7.68 9.40 9.48 7.70 3.58 0.61 4.72 5.52 7.86 0.30 2.14 6.69 8.71 2.50 7.76 4.25 1.10 9.33 0.10 5.12 9.41 6.12 9.87 9.79 7.43 7.10 4.72 5.69 3.16 9.24 0.60 5.83 4.14 8.90 6.96 7.35 0.38 5.07 4.97 6.73 3.10 6.95 0.14 2.86 3.20 0.62 1.55 8.41 2.63 7.66 4.72 6.27 3.52 6.67 6.04 4.88 6.86 4.31 7.95 3.72 3.75 1.01 3.10 2.41 0.70 3.08 5.92 7.31 9.29 6.47 2.41 6.15 1.91 9.70 0.93 5.56 1.00 0.78 7.07 0.47 7.98 0.33 1.23 5.90 5.08 2.62 8.93 4.07 2.57 8.11 5.66 0.30 6.19 0.37 7.37 5.16 2.24 1.80 9.96 5.86 8.11 4.44 7.66 3.35 0.63 8.74 3.31 5.30 5.34
5.34 0.75 8.82 4.08 1.30 4.82 1.24 1.07 2.99 7.03 7.31 9.15 1.77 3.71 1.18 6.69 3.50 7.64 8.74 0.41 8.47 7.50 0.09 2.94 4.90 7.48 6.26 6.43 6.50 9.99 8.12 7.34 5.13 0.09 2.09 5.16 5.41 7.22 9.54 9.58 5.43 4.14 8.69 2.21 9.62 8.40 7.79 1.83 1.75 8.50 4.51 3.31 7.64 6.65 2.77 2.39 9.87 4.23 4.80 7.13 6.44 4.66 8.01 1.33 2.24 1.54 7.57 9.07 8.24 5.10 1.66 9.56 0.29 6.46 4.44 5.72 0.45 7.19 8.41 3.92 1.08 8.17 3.88 6.63 1.43 0.07 2.44 2.27 3.08 5.43 4.92 7.32 6.43 5.63 6.60 9.91 9.16 7.93 5.77 6.29 1.16 6.12 0.24 0.51 9.39 2.20 9.37 2.26 6.24 2.26 3.30 4.49 3.35 1.14 0.72 5.64 3.96 2.24 6.18 3.20 8.78 5.26 6.01 1.56 4.56 3.56 5.82 5.13 7.78 6.76 9.65 4.42 2.95 5.62 4.42 1.08 2.34 5.77 4.47 8.52 0.89 1.85 1.85 4.64 1.95 8.03 0.65 7.13 8.46 8.04 7.12 2.56 4.02 7.38 1.39 9.69 8.23 0.30 7.99 0.17 4.56 0.93 3.15 9.95 5.36 5.67 2.01 9.58 8.72 8.81 7.81 1.22 6.66 4.74 2.39 8.31 0.79 9.24 9.85 4.26 9.96 7.10 6.09 0.68 5.60 6.40 5.02 7.96 8.39 5.75 1.25 3.15 9.55 1.70 9.95 7.16 4.45 0.52 0.29 4.11
8.12 9.85 4.27 1.09 8.59 4.23 7.39 7.02 8.45 7.37 2.06 2.19 6.91 8.68 9.78 4.54 6.64 3.87 8.08 9.98 5.31 1.38 4.10 0.04 9.03 6.15 1.02 8.25 4.54 9.87 6.35 2.37 0.59 6.98 4.39 2.45 3.20 0.67 3.77 9.97 7.21 5.70 5.08 7.28 9.34 4.68 7.13 2.29 4.27 7.53 9.08 1.71 0.15 6.79 5.96 1.81 4.96 6.56 0.12 8.74 6.21 4.19 4.63 4.71 1.92 8.47 9.92 6.74 6.10 0.26 4.78 1.79 5.36 6.30 3.27 9.67 6.50 0.12 3.34 3.53 0.97 4.04 8.49 8.47 9.94 7.87 2.42 4.85 9.07 1.83 7.15 6.88 6.38 8.09 3.95 0.89 9.89 0.28 1.59 2.04 4.95 3.17 4.52 1.49 7.44 0.72 3.91 3.59 2.15 8.26 7.95 9.58 7.71 6.83 3.44 1.01 7.44 2.16 0.17 8.06 0.47 6.78 6.07 5.98 4.70 7.72 5.26 9.24 2.38 1.60 0.87 7.56 4.06 8.07 1.07 7.96 3.81 5.95 2.73 0.00 5.18 6.61 3.50 3.43 6.80 4.12 9.04 7.74 0.49 0.02 0.08 4.64 1.83 9.38 0.05 6.80 1.81 5.66 7.78 9.60 7.44 6.96 4.39 8.37 1.16 3.93 7.69 8.19 6.82 2.32 5.92 4.43 4.56 2.38 7.85 9.91 7.61 4.93 5.40 5.35 0.03 3.77 2.27 4.31 2.00 1.76 4.55 3.65 0.09 2.91 8.14 6.41 6.90 6.43 5.70 9.98 5.59 1.26 1.01 7.88
9.66 4.09 0.36 5.67 1.22 9.90 6.40 6.55 0.37 5.23 8.14 2.62 5.94 1.76 9.97 4.31 2.48 4.18 2.32 7.17 6.92 6.52 9.45 6.46 4.92 1.92 6.77 2.78 6.10 1.73 5.46 4.16 9.55 1.53 2.05 4.86 0.78 8.78 2.80 8.25 7.56 1.45 6.95 1.60 3.34 0.88 5.87 6.00 1.20 1.82 1.29 4.51 3.17 9.58 7.39 6.69 5.10 3.57 4.61 6.24 1.36 5.88 5.79 6.62 0.03 8.74 7.76 3.48 5.62 2.47 8.98 8.71 5.45 8.32 5.40 0.52 8.20 5.45 8.93 4.70 9.23 0.53 8.88 4.87 6.72 5.10 4.36 9.07 3.03 8.41 3.75 4.78 7.57 4.34 7.05 0.75 5.89 2.70 0.24 0.57 1.53 0.56 5.62 8.36 3.93 0.90 7.69 5.92 6.82 9.02 8.85 3.10 8.68 2.84 8.08 1.45 9.52 5.32 2.77 9.20 5.16 4.66 4.01 2.64 4.83 7.75 6.50 5.62 1.73 8.38 9.69 6.17 0.62 3.09 9.22 7.15 7.95 3.59 9.65 3.38 0.83 9.84 5.96 8.95 9.59 5.56 7.62 7.19 0.19 0.61 5.51 4.07 2.42 0.14 1.01 7.08 7.68 3.92 5.12 6.36 9.33 7.32 2.98 6.68 8.85 6.10 9.55 7.59 8.59 1.55 9.96 4.12 5.68 0.11 8.71 1.61 4.23 3.17 4.11 8.20 8.99 0.36 7.99 3.36 8.86 4.50 4.78 9.28 9.59 0.47 3.56 9.79 8.95 9.96 0.58 9.18 0.96 8.99 7.17 7.94
5.87 9.59 6.42 1.45 7.77 7.30 5.05 4.08 1.92 9.94 5.06 3.06 2.62 5.25 1.99 7.20 9.33 9.53 8.34 5.86 3.67 9.68 8.37 3.38 9.62 5.33 9.28 8.34 2.47 5.38 5.99 2.28 6.11 8.13 8.46 7.04 0.12 1.02 6.68 2.22 3.17 9.81 8.39 6.53 3.95 8.99 3.72 1.64 2.07 3.69 8.81 1.23 3.88 3.75 3.83 6.50 0.15 3.72 5.05 8.78 8.39 5.17 0.11 3.59 6.48 8.92 7.16 1.25 9.83 1.03 4.56 1.79 8.05 2.23 6.69 4.07 8.97 4.54 7.33 6.19 9.24 8.46 7.45 3.10 1.28 0.64 1.48 9.07 6.95 7.25 5.29 5.08 7.97 9.17 9.46 9.62 4.57 5.54 8.39 9.53 3.45 3.38 9.35 4.53 7.66 6.43 2.55 3.31 7.60 4.27 9.27 6.87 5.86 5.80 7.65 8.99 1.33 6.97 3.78 1.82 1.59 9.89 1.26 1.49 4.31 4.24 9.45 9.71 4.23 1.25 0.36 8.93 1.58 9.37 0.27 5.51 0.77 3.49 3.85 2.22 8.98 6.91 4.97 1.85 9.86 4.74 0.18 7.36 5.08 8.48 4.49 3.40 2.17 4.84 0.32 7.82 0.08 1.06 2.06 2.94 4.71 7.67 4.56 4.78 7.89 1.72 5.65 0.42 0.51 5.91 7.69 4.70 3.09 3.84 4.92 7.08 2.18 8.70 6.88 2.80 5.28 8.17 2.52 8.88 0.93 6.04 9.03 8.55 9.72 9.36 8.08 3.11 5.02 0.69 7.75 1.94 6.93 9.89 9.99 9.80
0.29 6.93 2.84 9.34 1.83 3.36 9.64 4.05 1.48 6.23 3.89 1.34 8.61 7.23 8.73 4.19 7.44 5.64 4.99 3.82 4.20 2.73 3.10 2.55 5.02 0.75 5.95 9.96 9.69 8.52 7.83 7.47 7.96 6.09 9.28 3.54 4.35 6.21 2.14 6.98 8.06 4.24 0.73 4.51 8.75 4.00 7.55 6.88 6.00 5.78 5.40 9.92 5.36 6.83 4.34 4.96 3.63 8.39 6.56 8.78 9.47 6.98 2.25 8.19 0.93 6.39 3.35 8.31 5.00 3.70 9.89 3.59 8.36 8.23 0.51 8.01 0.41 0.22 4.96 7.61 3.34 5.40 0.63 3.03 8.04 5.09 1.36 3.29 5.25 7.12 0.57 8.39 1.69 1.39 7.58 0.30 0.05 6.24 5.12 3.72 6.44 6.74 4.12 7.68 6.92 4.96 7.91 8.59 3.95 1.33 0.82 4.05 3.11 6.65 7.92 8.96 8.11 8.59 6.00 8.83 5.62 1.96 7.04 2.42 8.84 4.91 5.29 2.75 1.00 7.33 9.19 6.11 4.61 2.07 3.68 0.57 9.08 0.71 5.99 8.19 0.17 3.98 0.91 5.21 7.30 4.01 5.78 8.21 8.43 6.51 6.19 5.75 6.09 8.40 2.60 3.31 2.08 7.72 2.25 8.74 2.93 5.93 1.50 3.00 9.81 3.84 5.75 3.41 6.69 1.18 7.37 5.38 0.98 1.02 4.98 4.41 3.01 3.47 0.42 5.69 3.99 9.85 7.51 0.21 9.41 9.34 1.41 3.52 7.55 6.68 8.70 6.33 6.73 7.43 1.43 7.19 3.08 7.85 5.25 3.84
3.58 8.79 3.97 6.63 7.31 3.09 2.37 3.44 5.04 7.63 7.13 0.41 2.38 1.22 0.75 8.62 2.06 1.88 5.54 0.30 5.70 8.68 8.92 1.43 0.75 4.20 6.12 8.15 5.09 3.94 2.51 0.26 5.47 1.95 6.51 7.32 8.44 2.01 1.98 4.76 4.43 8.94 7.54 5.20 7.49 8.86 4.63 8.97 9.73 4.70 5.87 1.91 5.61 3.40 5.73 7.62 2.44 3.91 6.88 7.89 5.32 6.59 4.61 2.28 5.47 3.07 8.12 3.44 3.57 0.10 0.71 7.86 5.53 2.58 6.62 2.33 2.15 8.18 9.22 5.40 3.88 4.91 1.48 6.55 1.04 1.08 4.14 2.61 1.04 8.85 3.35 1.60 6.22 0.08 2.65 1.63 5.22 8.76 0.72 7.54 8.49 9.52 9.19 2.86 3.73 7.15 4.74 8.30 3.34 3.60 7.99 5.75 2.89 4.70 2.93 5.17 9.38 8.87 9.55 5.46 3.45 1.32 8.39 3.43 3.87 4.21 0.32 3.42 3.23 8.36 8.14 6.29 1.81 6.07 8.76 4.77 7.47 3.24 1.05 0.33 7.16 6.86 0.13 0.90 7.03 3.95 4.05 2.10 0.77 4.93 6.78 6.98 1.23 3.63 4.58 5.67 0.54 5.69 6.88 0.15 0.99 3.03 0.39 0.19 1.07 6.80 8.91 5.20 0.70 9.91 1.99 9.78 6.61 7.17 4.74 5.70 2.74 2.32 5.35 0.60 2.06 2.48 0.57 3.97 9.10 9.08 9.34 9.13 3.10 6.95 6.26 6.55 9.14 9.09 6.75 1.39 1.56 6.91 3.02 0.00
6.84 9.14 5.69 4.05 1.63 6.83 7.14 7.25 6.10 6.95 8.67 3.21 3.99 8.17 7.36 1.37 4.23 0.89 2.74 2.31 2.74 9.70 7.05 3.88 8.73 0.69 0.25 2.34 0.78 9.17 1.06 1.11 0.18 6.38 9.97 0.12 4.19 1.40 2.93 4.43 3.17 0.76 7.92 5.01 3.59 5.23 4.53 2.84 7.43 7.46 3.50 9.36 4.82 5.43 3.02 3.97 7.75 6.72 9.73 3.70 1.34 5.42 5.83 7.84 3.46 9.08 3.22 2.06 5.32 6.81 7.81 6.82 1.55 2.86 4.01 4.13 1.17 8.72 0.43 9.95 1.40 8.56 5.94 6.80 3.80 9.03 8.22 6.41 0.38 7.99 4.97 2.60 3.91 3.73 0.34 3.28 6.89 6.24 7.42 1.24 6.94 4.50 9.84 3.11 9.08 4.34 5.31 8.22 6.99 7.35 5.11 8.91 3.14 5.58 9.57 2.75 6.55 3.68 7.52 8.77 0.54 7.07 6.75 6.95 7.54 7.25 5.81 6.91 5.24 6.18 3.26 0.78 2.62 3.97 7.19 9.31 5.67 1.31 0.71 2.16 2.20 9.62 2.97 1.20 6.14 8.00 9.45 6.13 3.16 9.28 4.04 0.07 4.78 6.81 3.88 1.24 4.92 0.52 7.90 0.21 5.75 7.67 5.11 8.11 6.96 7.61 9.61 2.90 7.71 3.37 1.19 8.40 0.22 2.72 6.48 9.96 4.39 0.11 4.77 2.35 1.76 6.97 5.67 6.81 8.81 7.15 4.74 1.27 2.49 9.21 4.04 6.03 6.08 5.65 4.03 4.65 0.42 8.35 4.42 8.28
6.93 6.58 4.77 3.53 9.55 6.70 4.02 9.55 3.51 5.17 6.89 4.78 2.47 0.29 8.17 3.28 8.23 7.28 1.36 2.13 9.77 0.56 5.16 1.12 7.31 2.81 0.66 4.25 6.00 8.77 8.85 5.04 3.01 4.13 7.52 0.02 2.08 0.51 1.45 5.00 4.35 8.07 2.25 3.87 3.48 4.89 7.92 7.93 2.24 0.27 2.02 5.87 7.04 9.78 8.26 1.59 6.24 5.80 3.48 5.50 7.49 8.28 1.67 8.19 8.98 6.76 9.79 5.53 8.81 3.01 2.06 5.29 5.53 5.82 9.17 8.03 3.28 5.30 2.57 8.41 5.80 9.42 6.89 3.26 4.14 9.55 2.44 4.87 3.04 9.99 7.02 9.91 6.10 5.90 7.34 4.96 8.86 9.49 6.28 9.77 8.37 9.42 3.37 6.72 7.98 7.17 5.26 3.08 6.84 7.42 7.80 5.80 8.10 8.39 7.81 8.67 1.25 2.84 7.92 1.78 2.27 1.91 2.04 7.46 8.60 7.45 9.66 2.53 0.97 7.53 3.76 2.56 1.56 3.72 5.49 2.47 7.27 8.48 6.09 9.95 0.26 1.69 3.54 6.80 4.34 8.08 6.11 9.69 6.29 8.08 1.72 5.84 1.35 9.13 2.75 0.55 4.04 4.87 7.45 9.26 4.24 7.98 9.80 3.61 5.94 1.47 5.37 9.87 7.79 6.71 5.62 8.06 7.57 0.10 6.75 3.24 1.95 2.42 3.01 9.11 8.92 5.14 5.19 0.39 3.37 8.34 7.82 0.21 1.64 0.31 6.57 1.28 9.24 8.98 5.24 1.79 0.63 6.17 4.20 6.40
4.83 7.69 5.13 1.34 5.41 8.53 5.55 2.38 4.28 8.37 5.65 2.26 8.12 4.31 4.00 9.46 0.74 8.61 9.63 2.96 5.09 9.12 4.42 0.51 5.95 1.55 6.11 4.05 9.13 7.02 0.15 4.36 7.96 9.16 7.50 9.14 6.89 4.50 2.35 5.74 4.70 5.66 4.09 5.21 4.07 1.33 9.63 9.71 5.96 6.37 3.79 7.40 6.00 8.45 4.04 6.21 6.00 5.52 2.78 5.03 6.52 4.08 2.76 1.13 7.73 7.53 8.56 3.91 6.86 4.04 7.15 9.16 0.99 1.06 0.88 9.45 5.01 5.20 7.30 8.04 7.19 4.51 2.67 2.04 9.84 1.43 9.78 2.99 1.14 9.65 1.38 8.33 8.00 3.12 2.93 7.39 6.37 2.20 0.87 3.85 6.89 8.92 0.17 9.87 7.21 0.51 6.40 1.39 8.58 2.53 9.70 7.04 1.19 4.83 0.83 6.48 8.45 8.82 6.91 4.89 6.73 8.38 0.48 0.09 8.90 2.63 2.80 8.41 9.14 7.44 6.51 1.55 0.82 1.82 5.70 4.24 0.65 5.18 9.55 0.03 9.86 5.66 8.28 0.29 2.26 7.10 4.88 4.09 1.17 7.40 2.53 7.23 9.87 1.16 1.48 9.47 3.84 9.24 6.98 7.88 8.31 0.46 2.91 2.88 8.64 1.33 1.84 9.67 7.17 4.54 6.06 5.02 1.49 8.45 9.21 8.27 3.06 7.44 7.92 9.13 9.96 9.54 9.92 4.94 2.82 1.28 8.49 4.29 5.30 7.26 5.08 6.78 2.32 1.79 7.35 9.48 2.69 3.34 7.34 4.98
1.07 6.12 3.33 9.00 1.09 7.62 0.99 0.98 0.91 6.30 9.15 2.94 8.26 3.75 0.70 5.27 3.57 7.45 3.30 9.80 8.64 3.29 7.09 7.39 7.05 7.64 9.99 7.74 7.80 5.49 2.91 3.81 6.38 9.40 2.71 0.45 0.97 8.45 6.86 9.21 6.55 0.64 1.03 8.12 6.99 3.22 8.76 0.54 3.20 1.01 1.33 1.06 2.36 5.57 9.78 9.42 9.03 3.91 2.99 9.53 7.11 8.47 1.54 0.13 7.80 5.66 3.74 8.72 8.59 0.57 9.85 4.62 9.31 8.57 3.56 5.41 9.29 3.71 0.83 2.13 2.82 2.38 3.76 6.58 9.55 9.16 8.86 8.49 1.13 1.42 5.74 1.28 0.82 6.98 4.65 7.55 3.47 6.08 6.16 0.59 5.42 6.81 7.48 5.46 3.00 2.32 3.06 5.23 4.44 5.59 9.08 3.51 4.55 8.22 8.15 7.01 4.58 8.95 5.46 4.91 2.44 5.71 2.20 6.10 2.85 0.86 4.83 7.28 2.40 5.12 8.26 6.98 2.01 7.89 1.15 2.84 4.77 1.02 7.91 2.27 0.55 8.67 6.80 1.63 1.87 3.97 9.96 1.57 1.94 3.74 0.51 8.96 7.70 5.01 7.50 4.81 2.14 7.29 7.26 1.57 9.09 7.67 2.08 1.25 5.03 4.39 8.26 5.91 1.09 1.05 2.11 7.94 2.06 2.52 9.27 9.10 8.24 5.54 4.29 4.95 2.84 9.91 3.88 8.10 6.34 9.30 2.92 6.96 1.89 7.61 2.27 5.10 6.53 9.31 5.51 7.05 1.58 2.01 4.42 7.26
8.68 5.40 0.28 8.40 0.69 4.89 5.06 4.24 2.78 2.97 2.38 4.06 1.47 0.67 2.29 1.21 7.05 5.00 9.50 5.74 5.43 8.88 3.72 8.21 7.98 0.10 5.35 0.09 1.91 3.25 0.98 7.54 1.47 7.82 1.29 1.20 0.46 8.69 7.94 5.55 0.03 6.97 5.74 4.82 6.85 8.74 4.89 9.78 2.94 8.64 3.81 7.04 5.21 7.68 8.20 3.65 9.58 5.63 5.60 7.85 7.02 6.79 2.14 8.98 6.73 0.91 1.86 0.71 9.83 1.36 5.87 8.51 1.43 1.29 9.69 2.34 7.49 4.31 9.59 9.31 5.57 5.92 6.59 5.11 0.14 9.64 2.42 1.88 9.96 8.73 6.53 0.72 5.17 0.42 4.95 4.95 3.53 8.72 0.38 0.81 8.15 0.57 3.34 6.70 8.21 6.10 2.65 5.76 3.70 8.51 9.22 8.61 3.82 9.85 9.66 9.89 2.21 8.27 1.34 3.57 0.37 9.10 2.76 9.75 9.10 6.34 4.39 3.20 3.14 6.51 0.30 4.93 6.03 1.07 3.45 8.84 2.36 1.76 3.55 8.60 0.43 1.34 3.02 9.17 8.07 6.99 8.89 6.99 9.06 5.93 8.20 0.48 0.01 8.29 0.39 0.16 6.92 3.08 1.53 4.83 1.40 3.36 6.90 7.86 9.11 7.80 8.97 0.38 8.27 7.20 9.21 4.35 1.21 4.02 5.09 9.90 0.83 7.82 9.90 4.91 7.30 9.70 7.39 6.89 1.54 0.76 0.78 4.55 2.58 5.95 1.94 3.13 1.93 3.15 3.66 8.92 3.04 6.95 4.00 6.62
0.77 9.14 9.20 8.27 4.54 5.26 1.22 9.84 3.53 7.51 2.50 6.39 8.20 6.16 1.73 3.44 9.71 9.67 7.09 0.16 0.29 1.74 4.73 6.14 4.24 7.69 0.40 5.38 0.40 1.62 7.38 6.22 6.43 6.47 1.42 9.21 6.63 2.71 3.74 4.91 4.12 6.28 9.93 6.52 6.43 3.96 3.00 2.62 7.15 4.47 7.55 3.28 7.23 2.14 3.42 1.78 6.72 5.94 3.38 7.48 2.62 4.14 5.28 7.54 1.62 0.79 4.80 6.93 4.38 7.66 4.70 9.82 9.84 8.14 7.37 1.05 7.32 8.01 6.60 6.57 0.42 0.32 0.73 9.18 0.69 7.49 4.40 6.77 8.18 2.97 6.81 4.03 0.74 6.07 0.93 8.78 5.69 8.91 9.53 3.06 5.85 5.93 8.54 8.10 1.53 1.12 1.82 6.26 0.44 6.21 0.82 4.28 6.37 0.73 3.05 7.41 4.61 7.73 6.73 3.59 2.72 5.04 1.98 0.91 0.43 3.47 2.12 9.83 3.27 0.35 9.27 5.48 8.01 6.39 9.56 8.08 0.41 3.15 0.43 0.27 8.42 5.39 8.16 8.12 9.72 4.31 3.12 5.27 9.19 5.70 7.38 6.80 8.89 7.11 5.85 1.83 6.76 1.24 9.05 3.91 7.41 1.87 8.11 3.64 6.14 8.35 3.29 3.19 4.48 5.04 1.34 2.90 2.00 9.98 6.41 9.00 3.31 2.97 2.11 7.54 5.13 3.40 7.42 2.24 7.26 1.94 2.35 3.61 3.57 4.93 0.34 7.78 1.71 7.80 2.03 6.65 5.67 0.31 9.84 3.08
8.34 3.84 0.78 5.81 9.51 0.91 2.67 9.93 8.64 9.74 8.42 8.59 5.96 7.93 6.27 8.24 2.19 4.74 8.96 8.88 0.37 1.43 0.60 7.70 2.34 1.63 3.62 2.54 1.05 3.23 0.28 8.69 0.55 3.10 5.15 8.45 2.04 2.62 7.16 0.04 6.35 7.45 0.92 6.55 4.65 1.99 1.44 7.26 5.19 1.56 9.72 9.94 7.53 9.82 9.13 9.62 3.98 3.43 6.32 1.92 8.93 7.65 2.55 4.28 3.46 7.00 4.23 1.97 3.00 0.48 1.51 1.79 5.45 1.50 0.12 2.85 7.97 4.24 9.40 4.48 7.17 2.42 2.79 5.54 4.34 6.31 8.68 0.01 2.06 6.39 8.88 2.11 8.20 3.10 8.89 3.04 3.99 0.74 9.99 0.43 2.63 3.78 8.46 5.72 3.99 2.22 7.87 3.79 6.56 4.09 4.07 5.69 0.87 1.39 2.38 5.19 3.99 0.11 7.94 3.91 4.86 5.86 9.56 9.28 7.66 4.62 5.05 0.71 6.82 1.21 9.06 0.24 0.53 0.91 7.37 9.15 6.64 3.99 8.79 5.17 9.14 3.37 1.82 6.29 4.33 8.47 2.61 9.83 8.27 7.79 2.98 6.11 0.52 3.07 4.34 5.57 2.61 8.23 2.57 9.25 6.71 5.57 9.66 7.50 2.65 8.20 0.61 6.28 4.10 2.08 9.40 0.09 5.93 5.48 7.04 2.08 7.35 9.91 6.63 9.61 2.91 8.04 6.56 1.41 4.51 0.43 5.79 0.03 0.35 2.66 8.51 6.23 9.66 6.66 5.91 1.85 6.14 9.35 9.06 6.98
8.42 9.83 4.38 8.60 8.11 8.09 5.96 7.72 2.71 8.29 6.01 9.35 3.98 5.92 0.38 4.29 7.71 8.03 0.08 1.22 7.83 5.82 8.48 5.75 1.69 2.89 2.86 7.07 9.74 3.38 9.91 5.82 5.88 7.91 0.82 8.41 5.26 7.13 9.71 7.92 6.13 0.32 6.84 9.69 4.94 9.36 6.51 5.73 2.29 8.86 6.21 1.49 1.08 3.84 7.86 8.10 3.98 4.57 9.78 2.20 3.48 2.63 2.09 1.69 6.51 9.99 9.56 2.77 1.17 8.75 4.19 4.83 4.76 3.35 9.45 8.82 1.32 4.22 4.78 5.25 8.08 3.64 7.45 4.25 0.24 8.01 9.57 6.66 6.98 3.57 9.50 8.51 7.47 4.35 3.99 7.07 0.26 7.92 3.32 5.35 7.85 9.39 3.07 1.75 0.61 3.99 1.73 2.25 1.45 1.75 9.78 7.21 4.43 5.04 0.93 2.16 5.93 2.61 1.57 4.18 1.50 7.27 1.81 2.23 4.23 3.86 9.14 8.98 5.29 6.01 2.40 6.45 5.36 2.06 1.95 4.52 8.64 8.17 6.84 0.25 2.99 9.29 9.97 7.79 3.93 6.78 3.73 0.34 5.87 6.92 7.55 4.98 8.93 2.42 3.15 6.75 8.26 8.54 4.35 4.30 5.90 1.27 2.30 3.45 6.21 3.05 0.23 9.84 2.60 7.59 4.57 4.65 2.61 5.22 3.82 9.44 0.37 0.84 5.81 4.82 3.98 8.41 8.36 0.80 5.76 0.71 1.77 3.25 8.95 6.76 3.66 4.02 1.39 1.95 2.14 3.36 8.28 7.17 1.86 4.48
6.04 6.13 8.11 8.53 0.24 0.70 5.54 1.82 3.31 5.41 3.46 3.41 8.56 0.27 0.95 3.82 1.33 7.08 0.66 7.29 2.67 3.67 5.06 8.14 6.56 7.43 5.29 9.11 3.26 9.92 1.12 2.13 5.22 4.13 9.01 2.46 2.86 2.20 0.82 5.94 9.15 2.66 6.06 1.67 6.77 2.17 2.68 2.55 0.94 5.12 5.36 2.18 7.27 4.01 8.21 1.68 8.42 4.42 1.58 0.95 1.94 1.60 7.00 2.58 7.96 7.00 5.09 6.02 7.34 1.35 6.56 0.96 1.87 6.02 5.77 4.38 1.96 0.90 3.40 9.47 9.05 4.68 0.26 0.99 0.16 3.38 2.22 6.56 1.44 5.92 4.62 5.44 6.03 8.26 1.02 1.90 6.13 0.80 1.12 7.20 1.42 5.26 1.32 4.54 5.38 6.67 7.28 8.89 7.61 2.78 7.94 2.36 2.96 3.88 2.26 2.39 6.55 4.92 3.69 8.32 8.46 3.79 9.29 3.30 4.83 1.22 2.52 1.10 3.64 1.68 5.40 2.61 9.73 8.94 9.68 2.85 3.74 8.03 7.60 0.04 7.11 7.65 0.96 7.25 3.60 6.97 9.28 2.97 0.97 9.75 5.91 8.56 3.32 6.98 2.78 6.29 9.39 0.38 7.33 7.22 6.98 9.19 3.69 5.95 2.10 1.68 9.93 7.47 9.94 9.55 9.59 4.57 8.72 6.99 7.59 4.76 8.33 3.36 1.58 2.22 8.56 7.70 3.56 6.34 2.66 6.43 2.87 9.47 7.21 5.67 8.79 8.03 1.08 5.90 3.51 9.83 3.51 7.55 3.09 2.94
2.81 9.68 5.97 6.65 5.33 0.03 3.50 4.08 2.46 2.84 9.17 7.18 3.07 9.29 1.39 3.50 5.68 6.68 2.49 2.01 5.53 9.37 5.68 7.21 4.49 5.02 1.64 0.87 2.22 8.76 7.19 5.19 8.38 8.15 7.95 4.64 7.65 7.68 5.34 5.45 1.73 3.52 8.15 2.69 5.66 8.80 6.88 7.04 0.33 1.41 9.68 1.55 5.50 9.85 9.69 8.21 6.17 8.77 2.59 2.52 3.67 6.28 0.96 0.36 2.38 5.24 4.60 2.29 5.36 9.12 6.78 4.09 7.86 1.44 3.29 9.00 4.12 7.97 3.31 7.22 9.61 5.28 2.10 4.77 4.94 4.56 1.68 4.37 4.94 6.33 4.78 6.27 4.48 2.59 1.86 4.98 1.27 1.09 4.31 1.70 7.43 8.08 4.03 3.03 3.13 6.39 2.59 3.77 2.38 0.62 1.27 7.11 2.68 9.63 7.46 5.73 8.40 6.90 5.93 1.13 4.60 6.80 7.30 8.97 6.74 5.11 1.83 7.07 4.64 6.59 4.08 5.42 9.33 0.01 1.16 8.97 0.03 6.37 1.88 1.51 9.36 5.95 4.47 5.21 8.16 8.97 2.57 8.84 0.67 0.65 0.56 0.07 4.13 5.03 4.41 8.80 8.24 8.89 8.44 4.56 2.64 4.25 3.44 1.15 9.25 4.92 2.97 0.09 7.36 7.12 1.17 5.54 0.14 0.28 9.46 9.74 0.73 8.84 8.84 3.17 5.31 1.50 6.85 6.86 3.82 3.76 9.41 3.14 0.21 7.93 4.85 3.66 4.18 2.43 1.32 1.30 6.01 9.32 7.15 0.63
5.39 4.10 2.29 5.70 2.66 4.87 4.95 1.65 7.04 1.37 5.30 6.74 5.06 8.39 6.69 6.48 9.77 0.92 1.75 5.57 2.29 4.87 7.18 4.97 7.90 2.52 7.89 2.15 5.01 7.20 8.68 0.37 2.26 6.01 5.66 4.96 9.55 6.91 5.73 5.25 5.42 3.36 0.84 1.12 5.14 9.89 5.07 7.32 4.09 3.78 0.24 1.72 4.32 0.32 5.04 5.52 6.10 5.20 4.18 5.86 5.11 0.22 2.81 9.83 7.44 5.16 5.83 0.51 8.68 2.70 1.35 6.69 8.50 7.17 8.58 9.31 5.13 1.99 1.71 0.96 7.29 2.78 2.81 5.37 8.96 4.40 0.16 9.69 8.75 5.29 7.93 4.52 1.77 4.47 9.76 0.53 8.07 2.53 5.14 1.81 6.39 1.65 2.35 4.38 0.92 5.00 5.02 2.90 8.83 9.67 9.75 0.15 7.73 6.68 1.99 4.14 4.66 0.16 7.67 5.76 9.96 9.55 4.07 1.91 3.21 6.38 2.51 7.86 7.18 4.30 3.83 5.22 4.56 6.93 1.07 9.95 1.25 5.79 8.48 9.06 9.75 5.11 7.65 0.01 9.96 4.11 6.18 7.59 8.52 9.72 5.72 8.19 6.37 8.77 1.55 7.57 3.21 2.03 4.71 7.09 7.66 1.76 1.96 1.63 4.07 9.80 4.83 3.30 9.08 6.19 6.37 6.60 7.06 0.74 8.17 0.24 4.40 5.94 0.50 8.64 6.55 8.08 8.34 3.98 5.67 1.77 1.89 3.83 6.09 3.26 6.06 6.62 7.95 5.93 8.27 2.26 2.39 0.26 0.62 8.33
2.41 6.45 7.92 6.60 1.80 3.09 3.17 5.91 6.78 9.61 6.93 8.33 2.20 0.41 2.72 6.12 5.39 6.57 0.50 4.68 6.99 8.99 6.26 1.09 9.79 6.56 6.55 7.40 2.86 7.75 9.71 7.95 8.07 4.53 5.53 2.60 4.78 6.60 8.93 3.66 1.64 3.35 3.31 2.44 0.57 3.45 5.33 6.12 0.81 0.60 5.79 7.44 0.84 7.18 2.11 2.24 4.17 8.59 9.92 0.15 1.16 3.38 7.82 2.32 2.99 3.17 6.12 1.86 8.63 7.61 8.40 5.75 6.88 6.47 3.79 8.41 1.81 9.69 1.59 9.63 3.27 6.91 6.86 6.83 8.03 4.06 9.43 5.68 9.16 4.99 0.88 6.19 4.11 2.07 9.35 0.49 4.77 5.86 6.46 4.84 5.19 3.10 6.20 6.84 8.59 6.75 5.29 4.63 6.36 7.65 5.82 2.44 7.49 8.49 6.99 8.18 5.87 4.97 8.30 2.98 7.01 1.04 8.93 1.39 9.67 9.99 7.18 2.28 3.51 6.39 8.95 2.65 1.89 4.84 4.57 9.36 7.20 4.29 6.37 5.07 3.86 8.81 7.72 0.12 9.30 6.77 7.77 4.22 9.23 1.25 6.80 3.06 5.46 8.13 3.92 2.26 6.35 0.10 0.35 8.37 9.73 6.21 4.14 1.44 7.73 2.38 7.65 6.62 7.54 7.82 6.08 9.19 1.32 3.35 3.39 7.27 3.48 3.61 2.77 0.13 2.98 5.07 5.22 7.85 9.17 4.64 8.10 4.87 0.22 7.16 2.34 0.58 5.95 4.81 5.42 7.97 6.08 6.46 1.55 2.88
