200
5.97 5.00 2.89 6.33 3.79 6.77 5.00 9.55 6.35 4.85 9.55 6.66 9.66 7.28 7.27 1.24 9.28 8.23 9.45 3.27 3.34 9.83 6.25 6.07 3.96 9.94 1.72 6.17 3.42 8.48 5.20 6.35 2.41 6.22 3.35 0.55 9.58 9.06 8.04 7.91 3.45 4.43 9.09 1.68 4.06 8.16 8.44 2.30 3.36 1.59 9.40 6.34 4.76 7.68 3.13 0.81 8.75 9.63 7.41 0.06 5.23 4.11 2.44 0.97 6.74 2.92 8.88 1.38 8.35 7.06 3.47 0.24 0.65 6.75 8.47 1.40 3.04 7.33 3.53 5.67 2.86 3.24 6.68 2.27 7.32 3.44 9.92 5.51 0.63 4.74 0.86 9.17 0.31 8.81 7.88 6.91 5.13 9.80 1.94 6.89 2.98 9.24 5.82 8.53 0.16 0.78 3.74 1.11 9.57 7.82 0.15 4.20 1.19 7.44 0.85 1.41 8.72 9.78 4.95 2.13 5.83 4.61 5.98 4.62 4.34 1.16 9.68 1.06 9.76 0.62 3.22 1.34 0.09 2.36 1.50 8.86 7.17 8.75 2.06 9.02 9.91 1.77 7.11 2.05 8.90 9.81 4.33 2.12 0.93 8.26 7.51 1.60 9.72 0.24 9.79 6.92 2.35 0.99 6.42 7.76 7.72 9.09 4.72 4.40 7.61 9.45 5.79 7.61 7.34 4.48 4.49 9.35 5.00 0.25 1.00 7.97 6.82 0.35 1.76 0.07 4.45 5.33 6.71 4.92 0.69 0.03 0.86 8.24 2.94 2.28 6.83 8.04 1.58 5.07 3.87 2.79 6.07 2.52 6.88 0.94
0.64 9.61 6.59 8.89 0.51 9.10 8.50 6.18 0.18 6.32 4.93 0.40 7.51 3.09 5.28 3.82 3.07 6.77 9.95 7.82 7.86 7.73 4.54 2.33 8.35 5.98 8.13 2.85 0.50 6.15 0.92 5.16 3.43 9.90 7.33 0.57 3.61 5.45 7.14 6.85 4.31 2.02 3.54 4.41 3.58 1.65 8.44 3.44 6.73 9.04 6.75 6.70 3.96 4.23 1.94 3.03 3.30 3.57 4.93 6.40 8.92 9.13 8.35 2.00 2.72 5.47 6.81 3.56 0.48 8.47 0.56 7.62 6.76 3.94 9.41 2.35 0.90 3.05 8.35 5.70 8.04 6.42 4.45 8.06 1.82 1.07 4.06 0.32 7.70 0.71 7.77 6.12 9.98 7.87 9.94 7.79 0.70 4.51 0.41 2.69 4.27 3.51 9.94 0.75 5.09 4.41 0.86 7.44 0.02 8.52 4.31 3.99 7.76 8.52 4.18 3.46 4.43 3.97 2.02 4.04 0.29 9.58 5.43 4.11 3.15 8.65 7.07 0.25 1.00 2.44 4.55 8.72 1.80 7.73 3.21 6.44 1.98 7.17 4.87 7.95 9.62 1.55 3.09 4.51 1.63 6.06 7.25 7.44 1.47 3.84 8.48 7.78 1.20 2.67 0.91 3.64 3.60 1.40 8.49 8.01 1.52 4.61 3.13 0.00 3.63 3.85 3.59 2.06 6.88 0.98 9.38 9.52 4.46 2.33 3.67 0.55 8.39 8.68 8.32 5.87 0.13 7.98 5.86 9.11 6.69 8.33 4.14 4.78 5.56 5.63 5.52 1.52 0.51 7.51 6.37 6.15 1.68 2.54 1.24 5.64
8.59 4.60 8.76 4.25 1.92 7.75 8.56 3.29 3.46 4.70 3.42 8.07 2.50 4.92 7.68 9.12 9.89 2.28 8.66 0.60 3.63 0.98 2.41 9.76 9.59 4.94 9.45 5.40 0.56 6.67 5.93 7.97 4.83 7.54 8.12 6.63 0.74 9.40 5.06 3.61 8.90 0.95 5.78 3.20 6.80 4.71 9.98 5.08 0.95 8.97 5.30 9.75 7.43 1.59 8.88 8.05 6.45 2.77 5.22 1.93 5.90 5.41 1.59 7.34 0.48 8.67 8.59 1.92 9.57 2.43 2.63 4.38 8.40 9.29 0.43 0.33 5.12 1.61 5.90 3.28 7.87 2.69 5.00 3.05 9.61 3.99 3.82 8.18 8.30 0.10 0.54 9.58 4.07 7.73 3.05 7.65 1.81 7.36 1.82 7.16 6.58 4.48 7.70 3.23 8.42 0.28 3.46 7.65 5.26 2.42 8.01 7.07 7.93 5.11 2.52 3.24 5.49 2.55 7.44 5.81 0.09 1.24 6.36 8.43 6.85 1.51 6.42 7.63 7.01 5.04 6.15 8.49 7.17 8.94 5.73 3.22 6.15 6.09 6.23 0.72 4.66 5.15 6.96 7.40 4.17 3.32 3.11 3.38 3.59 5.85 7.66 6.46 7.50 1.44 9.46 3.46 7.77 5.85 1.67 2.28 8.04 4.95 5.21 0.80 9.47 6.59 5.41 9.07 3.96 4.67 4.38 2.40 2.80 5.60 2.33 7.43 2.33 7.23 9.59 3.91 8.08 0.70 7.47 5.46 4.92 2.87 0.02 1.60 4.83 4.65 4.75 6.44 8.96 3.60 9.18 7.67 7.78 9.94 7.77 6.77
4.64 0.28 5.66 2.49 5.56 9.08 6.01 9.12 8.73 4.97 0.50 0.85 6.96 2.96 4.85 5.93 5.26 2.08 9.86 2.73 1.53 2.14 4.22 6.64 1.23 8.49 0.72 6.44 7.03 8.21 9.04 2.79 6.30 3.48 9.70 6.55 4.95 3.68 9.02 0.89 6.62 0.62 6.71 6.33 2.86 8.15 7.53 3.95 8.02 0.55 9.20 3.46 3.43 6.73 2.54 6.63 1.24 4.99 3.54 4.79 7.48 0.91 5.50 9.04 3.27 4.31 8.34 4.84 9.97 4.94 2.20 2.84 4.12 1.50 7.83 1.69 9.41 7.77 5.79 6.48 8.29 9.82 0.20 1.36 4.27 7.00 8.15 3.73 0.08 6.82 0.52 2.61 6.31 3.42 3.08 8.84 9.84 4.70 6.81 0.92 9.34 0.51 0.45 2.99 5.34 8.95 0.69 3.20 6.42 3.59 7.31 2.78 0.35 2.12 1.31 9.37 8.66 5.47 9.00 4.90 8.32 2.52 3.49 6.51 4.63 4.05 7.62 6.74 4.45 5.39 4.90 2.80 2.29 3.74 2.04 4.84 6.73 2.23 8.81 1.22 8.81 3.09 9.78 4.42 1.69 4.65 3.01 1.83 6.90 9.71 5.73 3.14 8.65 6.29 0.59 2.96 6.92 0.28 3.95 8.69 6.82 0.67 0.65 4.47 5.26 2.59 7.60 9.95 9.65 4.06 4.74 2.55 1.47 4.16 3.92 9.67 3.02 3.17 6.47 4.32 9.96 3.02 4.03 5.57 4.60 8.94 3.06 6.90 2.56 3.69 6.54 1.11 2.00 4.69 4.71 2.99 5.08 0.54 7.48 4.09
4.17 5.67 8.48 9.39 2.74 8.76 7.58 8.88 7.46 3.50 6.45 5.12 0.67 5.08 0.32 0.87 6.70 5.02 3.28 2.26 0.04 4.18 5.07 0.66 2.42 2.43 2.29 7.60 3.65 8.70 7.42 9.24 0.33 5.88 5.83 4.82 2.32 9.49 4.75 3.25 9.02 4.44 9.73 3.94 1.06 3.33 3.79 3.39 6.75 4.01 7.00 8.68 0.01 1.31 4.06 8.15 6.59 7.71 4.13 6.58 6.54 8.20 5.64 9.71 6.69 7.20 6.05 4.42 6.86 7.69 3.27 9.40 9.52 4.12 8.17 8.22 2.53 2.43 6.43 5.15 9.90 5.13 2.89 8.68 7.09 4.69 2.02 9.20 6.45 2.32 0.17 9.92 3.83 5.93 5.95 2.07 5.59 0.05 4.30 0.18 2.12 8.21 6.87 0.97 5.19 6.50 1.87 5.16 5.35 7.53 8.80 6.32 6.29 2.69 1.47 6.66 2.56 4.07 8.62 5.50 7.16 7.01 8.88 5.04 0.54 6.74 1.82 9.15 7.60 9.74 1.02 0.57 6.48 0.52 5.66 3.76 6.05 2.87 4.78 0.73 0.49 9.60 9.89 0.39 5.80 2.30 2.18 9.50 9.18 1.09 5.28 9.03 2.23 9.79 2.06 8.77 4.61 9.86 8.33 1.63 1.84 2.69 4.89 3.89 5.45 5.62 7.06 0.81 5.00 5.78 1.68 9.22 0.07 5.86 2.55 0.68 4.60 7.77 3.64 1.83 3.25 4.85 1.04 8.97 1.66 7.04 3.56 1.62 3.00 7.70 2.15 1.44 9.80 9.73 4.80 6.79 4.18 2.16 1.87 8.54
4.97 6.20 4.99 2.08 9.46 7.92 2.91 5.72 7.63 3.39 1.98 1.26 5.29 2.64 8.14 1.83 8.89 3.48 3.01 7.18 4.01 5.95 9.56 0.44 6.40 9.32 3.43 5.10 9.08 0.15 2.68 1.17 5.10 2.25 2.92 7.69 4.20 5.54 7.90 0.82 5.59 8.70 8.92 9.35 4.20 8.26 7.55 9.08 0.58 2.87 5.70 3.90 1.80 0.99 2.68 8.80 4.36 8.23 5.77 3.59 7.27 1.63 5.23 4.85 8.70 1.88 1.91 7.47 9.04 4.43 0.77 9.88 3.30 2.73 7.73 0.55 5.38 3.89 8.27 7.30 7.78 7.09 0.16 6.54 3.49 0.52 7.29 8.95 8.67 6.68 2.52 2.41 9.86 5.89 6.54 6.62 6.55 0.68 8.65 0.54 9.53 5.36 4.00 5.63 1.48 8.26 9.79 8.14 5.19 9.82 8.24 7.74 5.92 4.67 5.61 0.83 8.37 5.81 5.93 6.91 1.36 2.77 2.85 1.14 5.73 0.05 1.32 1.07 9.42 5.64 1.46 1.14 1.36 8.61 8.24 2.48 0.86 4.17 3.58 5.82 1.64 6.40 7.66 6.12 3.72 0.09 1.36 1.31 1.05 1.40 1.57 6.37 3.34 3.10 0.58 1.85 5.80 8.14 3.07 4.13 0.55 6.13 6.30 7.11 0.18 0.66 8.35 1.33 2.63 7.50 0.66 7.81 2.97 9.14 6.59 7.60 8.13 8.58 1.39 7.95 9.85 4.07 3.82 2.06 5.59 6.64 0.74 2.76 2.85 5.55 8.95 1.10 2.88 5.68 7.72 1.54 6.90 2.93 4.88 1.82
9.33 6.30 2.05 7.86 4.16 3.09 9.48 0.01 6.76 5.05 6.50 2.66 9.86 6.70 0.45 3.61 9.22 0.33 6.24 2.11 3.55 7.59 1.81 3.40 8.79 0.91 5.22 5.18 3.67 0.83 8.97 0.56 6.74 3.99 3.70 0.40 4.93 7.48 2.10 5.37 8.18 8.84 8.29 5.86 8.37 7.34 8.32 7.35 7.42 2.52 3.27 3.27 6.52 9.74 0.57 4.11 4.76 8.25 3.49 0.71 4.04 9.89 9.11 6.20 6.09 6.84 3.48 8.24 2.50 0.36 7.66 7.01 5.78 8.09 4.06 3.83 6.79 4.05 6.96 2.52 3.47 9.12 0.45 4.52 7.82 6.21 1.73 6.42 6.33 0.79 7.35 7.88 1.46 0.42 6.04 3.41 4.25 5.39 6.90 6.54 9.49 5.88 2.95 6.90 7.28 5.41 2.26 0.26 3.94 5.93 8.52 8.21 6.01 0.26 3.92 1.47 8.20 1.94 1.92 4.14 2.95 5.63 9.84 3.93 1.99 3.91 6.39 9.43 0.10 4.96 8.73 8.97 2.61 6.67 6.22 2.62 5.64 3.09 7.06 1.18 5.60 9.29 4.68 2.03 2.10 8.22 5.05 8.73 4.08 7.93 8.35 5.38 6.74 8.18 1.71 6.36 2.83 4.19 4.60 3.76 3.21 2.57 8.95 5.56 6.11 9.93 8.71 2.64 6.43 2.64 9.27 5.94 7.28 3.43 8.63 0.78 6.52 4.72 5.50 2.76 0.73 3.12 5.52 9.44 6.54 7.84 2.95 7.93 3.27 2.84 2.68 9.51 5.43 7.67 9.16 8.19 3.26 6.78 7.21 7.82
9.72 0.12 6.48 9.36 0.25 0.97 2.29 3.84 1.26 9.25 8.90 6.10 5.64 5.67 6.51 8.16 4.71 2.61 2.64 5.90 5.77 9.41 1.07 8.26 1.10 3.69 4.29 5.43 0.62 6.07 4.83 2.07 1.85 6.84 7.84 2.35 6.57 0.51 8.72 1.63 6.71 6.69 0.00 5.78 4.39 7.60 2.31 5.45 0.30 9.04 6.34 7.40 0.87 2.34 4.69 2.79 2.46 7.16 9.91 2.35 9.85 5.53 4.14 5.31 4.22 5.59 8.99 3.09 8.12 4.49 5.77 2.07 6.25 9.30 1.43 6.58 6.32 8.31 8.55 8.30 4.56 6.69 1.85 6.60 4.01 9.79 6.43 0.85 2.16 1.37 1.92 7.93 5.81 4.73 9.67 2.25 7.93 4.60 2.08 5.62 4.55 9.61 2.69 5.05 5.45 6.85 9.02 7.58 8.87 8.86 8.99 8.44 2.64 1.05 2.98 6.30 6.99 6.04 9.85 6.46 2.91 6.63 1.43 3.76 5.65 3.84 2.92 5.70 6.91 2.17 6.92 8.00 7.73 5.28 1.77 2.27 4.58 5.49 6.24 1.49 2.27 7.59 2.74 1.43 3.96 2.32 7.02 4.05 0.51 1.99 7.96 7.30 8.48 7.09 0.14 4.48 4.27 9.55 2.60 3.88 9.34 5.10 0.93 3.46 6.14 7.03 4.65 8.09 7.59 1.88 2.18 0.49 7.46 3.34 0.82 9.15 2.07 1.62 7.06 1.20 9.52 2.73 0.91 9.62 0.50 5.17 7.23 4.28 2.92 4.50 2.76 5.01 9.29 0.87 4.86 4.61 4.39 2.25 6.73 1.64
2.89 0.19 2.14 7.85 5.38 9.71 3.39 3.42 7.40 1.41 8.02 9.92 8.10 8.07 8.48 7.74 8.24 6.88 1.95 2.69 9.01 7.80 7.98 3.96 3.09 2.86 7.51 4.11 5.74 2.00 8.29 9.34 5.02 0.48 5.06 5.50 1.63 8.09 0.15 3.19 8.45 7.74 5.47 6.03 6.28 0.91 2.60 8.98 1.77 2.71 9.46 9.72 7.59 9.35 0.32 6.92 7.98 2.26 7.02 2.19 5.34 3.11 3.32 9.21 5.49 7.54 7.43 1.95 3.83 7.87 6.14 6.68 3.46 4.68 6.25 7.45 3.35 7.70 3.87 4.02 0.17 5.29 0.48 3.14 9.22 7.35 7.24 4.45 3.76 0.18 4.02 6.12 3.99 5.60 2.30 9.61 1.43 5.13 9.35 1.43 7.31 7.80 9.15 5.72 8.39 8.70 3.84 5.79 9.79 7.61 1.74 9.85 0.62 8.95 4.49 2.73 3.66 5.79 7.57 5.00 7.64 6.25 6.95 7.05 0.18 1.72 8.06 4.36 9.92 7.25 6.33 7.71 3.21 9.94 3.99 2.66 5.05 4.74 6.96 6.83 6.70 0.93 4.97 8.80 0.06 1.80 1.73 3.12 2.66 7.53 0.41 5.60 9.39 5.57 3.09 3.00 0.04 9.48 6.88 0.70 3.59 4.73 0.38 6.91 7.57 8.31 4.81 3.28 1.99 7.63 7.11 0.66 6.15 8.44 7.96 9.95 6.06 3.19 3.44 4.97 1.76 2.19 1.96 1.22 1.97 7.24 0.17 1.64 5.24 9.47 7.49 2.93 4.08 8.80 3.92 6.31 6.37 1.51 8.23 8.71
5.78 3.78 9.87 9.44 8.45 2.31 6.32 7.66 6.86 9.00 7.40 0.25 3.54 8.81 9.21 5.98 5.95 6.96 4.57 2.99 9.98 5.50 0.69 0.69 0.89 1.56 7.03 2.71 3.50 2.56 8.70 2.84 0.08 7.48 3.57 0.41 2.15 2.39 8.00 1.84 9.26 5.95 3.26 9.39 4.69 2.60 1.92 7.13 7.50 4.48 9.93 2.05 5.84 2.93 4.39 5.84 5.06 3.49 7.24 2.19 0.39 1.17 9.83 3.56 9.75 5.59 9.13 6.49 9.48 6.01 8.53 2.07 1.73 7.67 0.47 1.65 9.89 6.80 5.18 5.53 0.07 9.01 3.30 9.89 0.22 6.04 0.16 2.81 1.95 3.34 1.42 5.76 3.37 7.72 7.56 9.62 1.07 5.65 7.02 0.85 2.89 3.95 5.99 5.80 4.73 4.13 4.81 2.00 3.07 4.75 4.71 6.56 6.49 1.09 8.59 0.08 7.04 6.03 1.12 8.59 8.90 5.36 8.33 3.61 5.77 7.65 0.01 8.02 8.34 4.69 3.46 3.73 3.76 3.13 5.38 3.16 7.57 5.87 3.91 5.67 5.79 6.75 1.63 6.39 9.66 6.58 2.52 2.11 5.96 4.54 6.39 7.37 1.05 6.51 5.62 0.13 7.59 4.05 0.62 8.20 8.30 8.94 5.49 1.35 5.29 5.79 3.32 2.51 9.35 2.81 0.28 4.46 4.49 4.63 9.07 6.51 9.32 5.97 1.86 0.01 0.10 6.88 1.37 7.88 2.65 1.89 3.69 6.53 0.81 6.76 9.48 0.00 3.28 9.98 6.09 3.06 9.69 2.41 1.88 6.21
8.83 2.21 6.27 3.76 0.83 4.89 4.95 7.42 2.69 5.65 1.08 5.38 4.54 0.74 0.61 1.42 7.24 7.59 0.08 9.12 7.88 0.43 1.70 3.57 7.37 6.39 7.47 1.79 5.04 0.13 4.21 0.29 3.75 7.60 9.25 4.93 3.21 6.75 5.24 9.04 4.71 1.97 8.77 2.24 6.04 1.03 3.91 1.93 9.03 0.29 5.07 4.27 6.87 1.57 8.49 6.21 5.95 4.13 2.19 9.13 9.08 5.84 5.53 8.59 7.86 5.92 2.84 6.32 2.52 5.17 1.50 6.74 1.41 6.20 5.19 0.37 2.59 0.89 0.76 8.24 5.74 4.94 1.55 2.91 0.70 2.64 7.89 3.32 6.53 4.06 0.46 4.99 5.55 6.88 6.62 4.15 2.55 1.48 8.35 3.88 2.28 1.24 3.01 4.18 4.93 3.93 2.30 4.18 7.89 8.80 4.73 9.42 6.88 5.05 2.57 0.28 4.84 1.15 6.16 8.97 9.01 7.23 4.33 3.78 9.30 1.90 8.43 0.15 5.70 5.70 6.99 9.81 4.48 8.94 6.77 6.03 7.57 4.97 1.70 8.04 5.07 9.56 9.50 4.02 5.93 8.66 3.62 1.61 6.28 6.14 5.58 3.54 2.77 7.92 1.77 2.69 1.17 9.61 8.99 0.38 1.56 4.65 9.17 1.15 7.60 2.96 8.11 6.07 3.74 10.00 0.12 2.98 8.43 8.57 3.49 5.83 1.58 9.27 4.89 1.65 3.67 5.16 9.08 4.64 5.15 5.91 4.18 9.73 4.78 8.95 5.65 2.49 6.39 9.36 5.25 6.14 3.49 9.62 4.80 5.63
5.99 2.71 5.76 5.75 8.13 8.77 5.40 7.45 8.91 1.73 3.37 7.87 6.24 4.31 6.43 7.59 8.55 2.32 6.25 6.46 9.05 6.24 2.74 7.72 4.43 9.46 1.76 3.63 1.06 1.10 2.81 4.20 6.66 2.69 8.36 7.74 3.84 2.60 1.33 9.61 9.12 4.91 1.01 2.62 3.10 1.55 2.40 0.95 5.65 1.69 0.66 9.78 8.68 0.66 3.57 5.03 7.87 0.27 6.47 2.84 5.41 0.17 4.13 4.18 2.19 2.77 0.88 8.72 3.19 3.02 8.89 1.31 9.89 0.98 4.47 1.27 5.39 0.92 3.96 0.22 5.87 4.11 2.23 4.00 4.99 7.27 8.99 3.42 7.79 1.51 8.77 0.05 8.32 7.35 2.58 3.37 3.49 5.62 4.32 3.46 5.54 7.57 4.52 8.26 7.63 4.12 1.74 2.68 8.58 9.14 5.53 8.79 0.66 3.13 4.57 6.35 9.63 8.88 4.62 5.91 3.92 6.20 6.71 4.89 7.39 9.50 0.76 4.24 4.84 7.26 1.92 2.35 5.08 4.66 3.58 6.01 1.61 2.33 4.53 9.91 1.36 5.61 8.08 1.13 7.68 5.49 8.91 6.08 7.06 9.35 6.39 1.46 3.70 7.42 5.27 7.86 8.73 1.38 5.46 9.12 4.77 8.82 4.35 7.58 7.92 2.49 9.54 7.85 1.55 2.17 4.16 2.28 2.27 2.32 3.57 5.75 3.83 3.27 6.66 6.32 7.54 2.53 7.52 7.16 5.11 5.26 1.46 0.35 1.80 3.16 6.26 6.59 9.47 2.44 4.42 5.49 7.60 1.14 7.85 1.18
2.49 4.90 3.97 4.54 8.45 1.11 2.92 5.78 5.67 7.66 6.23 7.57 6.90 8.78 9.83 4.23 8.07 4.20 3.26 9.20 4.70 5.24 2.71 8.42 5.58 5.26 4.45 6.55 2.19 8.79 4.52 5.63 9.01 4.15 4.20 6.99 2.23 9.61 9.53 7.49 1.44 3.18 5.20 2.99 4.20 0.52 1.92 6.34 2.98 2.70 1.62 2.44 7.96 0.56 4.73 6.43 7.70 1.97 3.46 8.19 1.23 5.79 6.31 6.23 0.28 7.78 9.62 2.31 5.78 6.96 4.76 5.62 8.21 6.21 8.82 0.17 2.69 9.48 5.59 3.23 7.09 9.94 9.98 2.50 6.90 8.51 8.52 8.61 6.78 6.02 3.94 3.46 6.52 2.37 4.46 9.82 1.95 1.67 5.67 8.56 4.52 7.83 7.38 5.66 0.77 5.71 8.63 2.74 7.38 4.77 3.61 4.80 6.72 2.56 9.96 5.76 0.65 7.54 5.35 4.49 0.32 3.10 3.59 1.41 7.00 3.64 7.54 3.63 1.93 4.26 8.00 1.36 6.40 2.23 2.52 0.49 8.65 9.84 9.11 7.16 8.37 3.42 5.61 6.99 7.48 1.07 7.94 3.63 8.54 3.45 2.05 6.01 8.37 7.44 2.03 5.49 5.37 0.23 2.41 3.19 5.58 9.32 5.43 5.06 8.67 4.01 8.45 6.07 6.26 3.08 3.95 6.22 5.21 0.74 8.41 1.13 7.41 7.91 0.26 3.29 9.53 4.11 5.09 2.42 3.08 7.01 7.34 9.74 7.99 1.24 6.42 6.99 3.77 4.58 7.38 3.25 5.87 5.35 8.55 3.55
4.13 1.75 0.29 2.34 4.72 8.54 4.52 8.48 4.87 1.28 5.99 5.09 5.75 3.94 2.42 0.11 0.01 4.50 5.54 6.43 8.09 9.71 3.40 1.36 1.34 9.47 2.28 7.06 8.11 6.29 4.07 4.81 5.11 1.62 4.19 7.03 2.56 3.09 4.93 2.41 7.60 9.87 0.94 6.80 6.74 2.15 2.14 3.05 3.87 7.16 7.60 1.87 6.03 9.05 4.57 9.62 3.16 4.16 8.73 7.94 0.11 2.49 7.71 4.07 0.84 9.87 7.36 5.85 0.70 1.80 1.65 9.92 5.68 1.40 2.40 8.21 4.15 3.63 4.80 8.68 7.34 8.89 1.50 3.16 2.05 9.48 5.30 5.20 5.41 6.07 6.29 3.88 0.09 5.65 1.54 0.86 3.93 1.06 4.77 2.30 0.51 0.07 0.46 3.63 0.06 2.81 0.35 7.05 1.16 5.78 7.50 4.97 6.71 2.86 6.98 1.62 5.15 6.56 0.96 7.04 8.92 7.34 3.55 0.87 7.78 6.86 8.27 2.93 6.51 7.37 3.74 3.24 3.18 2.79 8.19 3.22 4.69 3.44 7.85 8.38 9.28 0.43 1.58 6.38 8.07 1.96 2.11 2.16 0.91 5.24 5.66 2.38 3.31 8.78 6.86 1.04 2.10 0.39 9.92 9.89 6.33 3.74 9.92 9.93 2.28 9.31 8.65 5.41 0.65 9.33 9.32 7.50 5.67 7.25 2.19 3.59 9.12 5.92 1.71 2.05 9.77 8.51 9.39 9.43 6.23 2.21 5.61 6.68 9.63 1.11 9.57 8.99 9.34 4.70 8.43 2.48 1.69 1.81 2.68 9.18
5.23 3.75 2.00 5.06 9.70 9.56 8.27 8.55 5.05 0.37 7.02 5.59 3.70 3.45 9.02 3.61 1.97 7.14 6.63 9.50 6.10 2.09 0.60 2.95 1.33 6.48 6.55 5.46 7.01 6.54 2.50 2.93 9.93 8.92 3.66 0.69 0.12 8.50 0.64 7.03 5.82 7.91 5.30 2.62 5.18 3.26 3.49 7.40 5.88 9.68 6.81 7.37 4.93 6.74 2.71 5.05 6.96 2.11 9.12 3.02 6.81 1.04 7.24 8.53 6.50 5.78 0.47 2.70 0.46 7.72 2.25 0.87 3.12 3.80 1.23 1.00 2.51 3.78 2.98 5.63 8.36 3.09 5.83 3.36 6.90 3.05 8.13 2.41 7.50 3.82 3.70 0.73 8.12 5.62 6.14 4.30 2.71 0.24 9.58 1.79 6.27 4.00 9.84 2.34 3.78 1.89 6.28 7.57 6.40 6.45 9.75 9.09 0.55 0.30 3.70 2.19 9.88 4.00 9.07 1.18 6.47 1.52 9.70 8.72 2.46 9.09 5.87 5.52 1.30 1.31 9.10 4.89 6.11 1.49 6.78 0.47 4.70 9.90 6.60 4.01 2.46 2.79 3.47 2.05 0.85 5.48 2.98 5.31 7.95 8.04 2.20 1.51 3.64 2.28 9.47 3.97 5.81 2.61 1.11 0.20 9.73 6.92 1.40 2.44 1.99 5.29 5.11 6.46 1.80 0.75 2.49 3.83 6.53 7.56 2.75 5.89 8.36 4.53 0.24 3.29 6.45 9.17 4.60 3.34 0.66 5.28 1.16 5.72 8.26 2.88 6.74 5.62 6.43 5.48 8.43 8.31 7.04 6.30 2.04 0.34
9.81 4.02 2.53 0.46 9.20 8.82 3.91 4.42 1.66 1.49 5.61 2.56 2.45 1.49 6.73 0.59 5.58 7.37 5.58 3.81 1.98 7.62 9.67 4.42 3.99 6.41 0.27 4.96 8.19 6.46 4.27 4.88 3.50 4.91 7.02 1.80 7.12 7.93 7.55 3.63 7.05 7.66 7.55 4.05 2.64 0.87 0.15 9.33 1.67 6.96 4.54 3.71 8.63 5.90 6.12 5.02 5.12 1.30 1.61 7.21 5.49 5.65 8.23 8.22 5.43 3.56 6.04 6.66 2.08 8.99 1.15 8.45 8.84 2.81 1.85 2.28 4.99 4.42 6.79 7.34 7.22 5.96 0.36 6.14 8.13 5.91 8.30 7.74 3.61 4.35 2.74 0.90 1.88 8.27 1.78 3.30 4.42 9.59 8.14 9.37 3.06 9.94 6.09 4.60 5.24 0.87 2.28 8.01 6.92 1.33 7.25 1.81 1.18 0.41 6.58 5.50 6.29 9.27 1.83 5.49 0.22 3.88 7.83 1.11 9.28 8.31 5.57 8.89 8.58 5.90 6.27 7.04 3.47 8.95 1.66 5.34 6.70 7.27 4.83 1.20 1.57 7.74 2.64 4.23 8.24 9.61 1.67 1.18 5.10 0.97 0.41 0.30 6.50 5.33 3.06 7.27 5.37 8.57 9.96 7.61 9.62 4.66 3.03 8.59 2.50 1.12 8.32 9.62 4.77 2.43 1.53 7.02 9.09 4.21 7.87 5.15 5.08 9.02 5.99 2.97 5.16 0.49 1.83 1.85 8.40 3.81 8.94 9.16 6.36 5.04 3.67 6.73 2.27 5.92 7.32 0.48 3.34 4.48 9.83 3.15
9.17 8.76 3.60 7.99 6.65 7.88 8.54 4.39 7.64 3.40 7.15 6.79 1.33 9.65 0.06 6.47 1.36 2.54 9.04 4.37 0.36 4.85 0.61 3.42 7.62 6.80 8.88 7.51 1.39 9.43 5.34 7.68 3.48 0.77 8.46 6.84 4.86 8.65 7.34 1.54 2.45 3.41 6.47 8.54 1.70 4.89 1.47 3.31 9.14 8.18 1.53 4.66 9.23 6.53 1.27 2.13 9.65 3.95 8.00 0.70 0.06 2.34 5.73 6.99 4.14 8.65 9.71 2.48 3.11 8.29 4.95 5.22 8.74 4.95 0.95 0.02 9.02 3.40 3.68 6.41 3.48 7.79 2.98 4.12 6.43 3.84 0.50 1.17 0.94 5.40 5.33 6.61 7.84 9.42 3.10 3.19 9.56 6.68 8.26 4.96 7.35 7.79 0.52 3.51 7.80 0.53 5.30 3.15 1.15 8.62 2.21 5.24 6.70 0.62 5.72 8.63 8.37 8.44 3.62 1.49 9.94 9.07 6.77 4.62 5.17 2.04 9.78 0.91 0.18 7.41 7.38 7.11 4.33 0.30 2.86 5.80 3.65 0.36 0.56 1.19 4.22 5.63 6.11 9.29 6.94 7.42 3.86 2.35 3.56 9.93 1.54 4.33 2.00 6.87 4.12 6.59 3.88 5.49 5.93 7.67 8.40 7.43 4.70 0.57 8.34 3.13 5.10 7.88 5.94 9.80 0.86 9.42 7.48 6.78 4.66 5.52 8.41 9.71 9.53 1.51 9.28 9.54 4.48 5.06 3.10 7.88 4.37 9.55 7.34 8.35 6.91 1.53 3.14 1.90 0.60 0.50 7.86 2.18 9.20 7.54
9.16 9.46 9.92 8.93 3.61 4.33 7.19 7.73 7.41 6.71 9.62 5.15 5.11 1.49 2.46 1.17 8.89 2.26 1.55 7.75 8.74 2.96 7.90 1.12 8.58 1.67 1.58 7.73 2.52 9.16 9.68 1.36 4.10 4.00 7.14 8.87 6.57 1.61 0.99 2.58 5.00 2.68 6.86 3.25 3.88 7.57 1.54 2.62 3.33 2.45 2.81 2.76 0.88 0.65 3.60 8.81 5.16 9.18 4.76 4.41 0.23 2.42 1.66 6.49 4.90 1.96 1.12 5.62 9.65 5.28 9.23 1.96 0.03 3.27 9.71 1.79 7.73 0.81 8.78 5.02 8.70 4.88 5.75 5.01 3.43 6.94 8.54 1.03 0.64 1.87 3.76 2.09 6.48 4.04 2.17 7.81 8.77 7.52 6.19 1.96 8.20 0.85 6.19 4.23 1.30 0.48 3.24 8.77 7.27 0.44 0.17 0.80 0.73 2.42 3.83 4.34 1.89 7.44 7.64 2.22 7.80 2.27 0.36 1.18 3.77 0.52 6.74 4.12 5.27 8.67 6.31 4.60 8.19 2.13 2.04 5.74 2.10 1.26 9.08 9.22 4.73 6.19 3.09 0.89 3.56 5.98 0.03 5.50 8.48 1.07 9.01 5.83 1.28 8.85 2.56 7.90 3.92 0.49 9.81 0.31 3.01 5.21 0.19 9.68 7.88 1.38 5.91 3.60 9.76 4.04 1.94 6.39 9.07 2.69 3.09 2.97 6.13 2.76 3.62 0.77 1.94 2.10 0.45 6.77 0.71 8.07 5.49 4.64 2.69 1.42 7.74 6.01 0.86 0.61 3.72 8.36 8.18 4.84 2.49 4.06
6.86 6.83 2.61 2.52 1.56 3.48 1.24 8.87 6.89 7.50 5.43 3.20 6.61 1.35 5.65 8.72 8.06 3.88 0.93 2.19 0.20 3.25 5.57 7.52 9.12 0.20 4.05 7.42 2.87 4.58 7.14 6.97 3.47 5.60 7.42 9.92 9.19 8.80 4.27 7.17 2.28 9.32 4.25 4.86 4.98 9.67 8.18 0.18 0.23 2.49 1.40 4.68 2.11 4.41 1.38 2.74 6.21 2.77 5.72 0.77 1.51 6.21 0.83 6.99 1.18 5.28 8.58 7.06 6.64 2.48 0.17 8.06 1.25 8.42 2.85 7.58 5.73 9.65 8.72 7.43 8.72 0.13 4.12 8.99 7.97 8.35 6.16 4.05 8.37 4.39 0.72 1.63 5.63 2.48 2.56 8.52 3.73 8.46 1.10 2.44 2.65 8.97 9.44 8.19 9.24 8.99 6.54 6.51 7.51 0.01 8.11 3.48 8.02 2.91 1.17 1.64 8.57 8.27 1.23 0.30 7.72 8.33 2.22 9.22 8.57 1.24 8.94 3.96 0.12 9.27 5.84 3.99 4.48 8.43 3.87 4.73 9.29 7.63 2.85 3.76 8.78 1.01 5.11 1.12 1.80 0.05 3.22 2.25 1.27 9.30 3.92 6.99 4.56 2.02 6.60 6.45 0.12 5.20 3.07 6.61 7.40 9.55 0.73 5.18 8.36 1.83 4.45 7.62 3.19 6.60 0.21 4.62 6.64 7.62 7.26 7.61 5.29 8.41 3.54 0.14 4.98 6.53 9.71 3.00 8.55 5.54 7.27 9.61 3.52 0.71 4.45 9.76 6.80 0.11 9.13 8.72 8.31 4.55 5.56 5.28
6.86 0.41 5.93 5.45 3.68 4.97 3.52 0.77 2.19 1.11 9.39 0.48 1.86 5.98 8.18 6.63 7.81 8.18 5.64 3.43 1.22 8.57 4.00 7.99 2.64 3.26 7.14 9.18 6.27 5.33 3.34 2.28 1.63 4.03 1.84 5.89 2.48 4.98 0.87 4.11 8.65 1.52 1.77 6.97 3.71 2.33 8.99 2.99 4.72 4.39 1.20 0.21 3.02 0.16 5.00 6.39 0.93 0.96 3.09 7.82 0.76 1.81 2.78 1.66 9.13 8.96 2.43 6.22 6.57 9.25 7.02 1.07 2.76 7.60 8.24 0.21 2.88 1.47 9.07 3.72 2.54 7.66 5.58 3.58 5.44 5.48 7.13 2.45 7.76 4.93 8.03 6.30 0.54 1.83 5.19 1.11 5.36 8.48 0.98 6.96 9.16 9.24 5.06 3.90 2.47 6.79 7.02 6.23 4.18 3.43 1.97 8.90 6.08 3.55 3.05 3.01 1.89 1.43 7.30 6.12 3.42 6.46 0.70 2.52 5.55 8.53 4.84 7.25 4.23 7.56 9.44 9.99 1.43 0.15 0.68 7.39 2.82 6.30 3.50 2.19 0.98 9.49 5.49 6.28 8.34 9.91 2.03 7.51 1.20 4.17 9.10 0.62 5.64 4.20 8.90 2.01 2.98 2.78 4.41 6.35 3.86 5.78 2.56 9.13 9.93 5.10 0.11 9.58 1.42 1.43 0.24 2.22 8.75 4.32 1.43 5.73 6.20 4.51 7.21 1.25 2.19 4.98 1.79 0.59 7.82 3.93 7.15 8.15 3.58 4.09 6.76 3.02 5.44 8.56 0.19 7.57 9.16 6.27 3.01 4.62
3.16 6.48 9.77 3.85 9.69 1.96 3.36 2.14 3.18 2.35 5.03 8.99 3.85 6.20 3.84 7.33 0.30 6.70 3.97 1.29 9.68 2.82 1.91 6.03 7.43 7.63 2.70 2.51 9.41 9.32 8.75 2.41 4.95 0.11 6.41 4.49 6.35 5.06 6.97 0.77 2.55 3.18 1.45 8.38 9.63 3.75 9.14 1.81 5.10 2.81 8.22 7.13 7.36 5.23 8.78 4.13 6.53 7.79 3.34 9.90 1.89 3.10 5.05 5.12 0.42 8.59 1.61 7.37 5.80 6.53 9.24 8.54 6.67 9.85 9.36 7.58 0.41 2.09 5.44 0.08 3.67 3.06 9.08 9.33 1.55 5.80 4.27 5.80 6.43 9.09 6.98 7.94 1.33 7.06 8.09 6.65 2.07 4.65 0.26 3.33 3.85 5.16 6.71 4.16 3.02 3.27 4.30 7.32 7.15 9.35 2.15 2.76 1.39 0.71 1.37 4.37 6.72 0.15 9.74 9.09 9.05 5.42 6.12 2.57 1.99 8.31 3.59 7.82 7.58 3.38 6.71 7.38 9.28 9.29 1.83 6.65 8.63 0.93 0.97 2.01 0.52 9.50 9.85 7.14 0.05 6.05 1.04 4.58 3.61 8.21 7.81 1.08 6.24 7.23 3.18 3.04 3.15 8.86 5.71 6.67 0.81 6.18 5.18 2.02 1.22 9.88 0.58 9.75 7.80 3.01 6.45 1.38 4.70 6.76 8.40 1.75 4.39 4.44 7.14 0.46 3.76 5.65 9.65 4.38 7.13 6.83 6.38 7.98 0.87 1.83 0.07 1.79 2.61 2.60 4.25 5.38 3.33 7.73 6.68 7.98
9.47 6.77 8.79 5.21 9.64 2.03 2.08 7.97 2.74 7.45 0.88 4.15 8.07 2.30 2.28 2.85 8.29 6.10 8.52 3.65 4.13 9.01 8.68 5.17 5.66 6.32 3.95 5.58 6.84 0.36 8.01 0.59 3.59 9.18 7.35 6.12 3.81 5.10 8.51 0.31 4.07 7.52 4.70 7.79 2.33 8.22 2.88 8.72 2.60 1.40 3.77 8.94 7.84 0.98 6.99 6.17 4.75 3.27 9.23 5.31 9.03 8.01 1.35 1.86 7.22 2.65 7.92 7.14 3.85 6.52 1.82 5.43 3.01 4.93 9.24 0.98 5.79 1.26 8.11 2.64 3.41 8.46 6.07 8.48 3.33 3.34 6.42 3.68 1.20 1.19 8.04 7.33 6.04 8.03 6.50 6.73 7.00 2.30 0.12 2.10 5.50 7.85 8.52 2.23 4.25 6.49 1.99 6.15 3.54 3.62 5.75 2.86 4.18 2.51 7.39 5.93 1.24 2.81 0.42 4.04 3.27 0.84 5.62 5.70 0.17 9.39 4.06 7.23 1.72 2.44 5.04 5.93 8.41 0.67 4.23 7.48 0.97 8.64 1.47 3.19 8.49 4.27 6.36 7.01 6.34 1.14 1.45 2.68 8.67 5.10 3.60 7.70 8.94 1.55 6.44 3.23 5.54 6.11 1.90 7.12 6.20 7.87 2.70 0.82 9.63 1.89 6.76 3.10 1.27 7.50 3.25 7.15 3.83 0.98 7.10 3.39 0.38 7.53 4.67 7.00 1.63 0.88 0.93 9.99 6.98 0.74 8.23 5.62 1.44 9.72 4.30 3.71 9.72 4.06 8.07 3.63 3.61 5.81 9.91 9.33
9.76 7.62 7.40 9.73 4.84 9.45 3.95 5.02 7.73 8.94 4.43 8.10 0.60 2.29 2.37 5.54 5.72 2.05 5.05 6.93 0.44 0.10 5.09 0.86 2.66 2.65 6.47 2.13 1.90 3.43 0.50 2.50 0.06 0.59 3.14 0.43 2.08 9.83 1.75 2.74 9.27 3.72 7.00 9.07 8.67 0.29 9.98 3.40 7.36 8.03 0.23 4.61 7.40 9.54 5.75 4.88 4.82 7.56 6.45 7.28 2.73 6.64 7.99 7.69 5.48 9.29 2.21 0.55 0.87 6.31 10.00 8.56 0.46 2.35 5.34 7.20 5.54 1.87 3.88 2.18 9.42 5.59 8.39 6.08 3.45 5.75 4.17 6.08 0.98 6.87 1.99 9.26 6.49 9.45 2.54 4.55 2.32 0.76 5.94 6.24 5.96 6.84 1.50 2.32 3.23 7.77 2.56 2.13 8.19 2.95 1.76 1.82 8.59 2.75 5.72 3.65 1.61 7.33 9.46 4.02 9.09 1.20 7.47 1.22 2.03 4.09 8.16 1.37 8.51 0.94 5.97 1.20 9.57 0.19 8.91 2.62 4.19 7.87 1.80 4.57 0.17 0.48 0.62 9.87 8.48 1.07 1.05 4.28 1.31 8.03 0.64 9.28 7.94 7.64 1.53 3.31 5.64 1.82 3.16 3.79 5.38 3.49 2.52 3.92 7.87 5.83 4.71 0.46 7.18 2.84 5.12 3.49 3.18 9.03 4.64 1.56 2.10 7.76 2.67 8.11 4.57 4.78 4.98 7.21 2.74 8.90 2.98 6.47 8.91 7.44 0.54 4.96 7.82 6.44 4.55 5.77 8.57 9.71 9.24 3.23
7.59 3.49 9.20 1.62 0.58 4.96 4.21 4.13 9.74 4.68 7.09 1.60 1.21 0.37 2.51 1.97 8.30 4.02 1.15 7.54 0.41 3.42 8.51 3.65 2.70 4.96 4.03 4.74 7.82 5.49 1.36 4.51 9.17 9.62 1.40 6.66 5.90 4.00 0.13 7.38 2.55 3.18 3.07 8.72 7.82 7.36 7.64 3.05 3.55 3.15 3.61 2.95 3.29 1.61 8.00 5.51 4.55 3.64 4.70 9.79 3.96 4.29 8.65 5.37 4.62 1.27 7.87 3.56 4.82 0.99 4.11 5.29 7.10 1.54 8.29 6.60 7.43 6.45 2.16 1.88 1.48 6.98 2.07 2.64 9.45 9.44 0.66 9.92 4.85 1.99 9.06 2.04 4.19 5.01 5.66 6.08 4.38 0.81 1.09 9.66 1.67 2.13 1.89 2.52 7.83 0.26 4.90 2.33 7.39 0.59 4.52 2.39 7.20 6.57 7.80 4.49 5.16 3.69 2.06 2.36 7.32 0.08 5.22 0.61 5.07 0.94 4.06 8.36 3.05 8.05 4.97 5.29 6.27 2.50 0.74 8.70 0.31 1.54 4.71 6.72 1.90 4.11 1.34 9.85 0.98 2.73 9.07 7.85 2.35 7.20 5.01 9.83 3.56 5.87 0.14 1.69 2.40 4.90 8.67 8.87 4.48 7.56 2.67 2.18 2.31 4.03 3.47 2.84 5.45 8.40 2.24 2.42 8.68 5.75 6.73 4.25 0.53 0.20 7.71 3.92 3.10 5.54 3.14 0.74 4.14 1.18 6.06 3.29 6.42 2.58 5.85 6.65 4.32 0.72 2.17 1.87 7.05 6.15 2.91 6.13
9.46 2.20 5.67 0.98 2.06 0.30 8.88 7.77 6.24 6.02 0.36 7.83 7.92 2.08 3.38 9.45 6.86 2.77 4.06 3.97 7.41 8.78 0.73 5.55 8.93 1.25 9.83 6.24 5.71 0.25 0.40 2.53 4.57 9.08 4.73 4.80 1.50 3.49 2.34 5.22 0.77 5.18 7.95 8.47 7.37 2.43 3.44 3.31 7.40 4.13 6.29 5.17 9.05 2.16 9.04 5.45 8.53 5.51 2.85 2.76 8.07 6.12 4.94 9.37 1.25 5.85 1.76 3.31 5.15 0.99 2.71 2.69 7.02 8.47 7.82 8.77 5.26 8.09 5.75 8.96 3.63 7.65 3.28 4.92 2.37 5.03 3.97 9.78 7.71 8.33 5.06 8.36 7.92 7.29 3.71 8.63 6.26 4.19 1.15 2.31 3.67 0.21 7.19 4.69 4.02 9.39 9.73 7.60 1.11 5.75 6.12 9.89 0.01 1.18 4.15 6.08 3.01 9.49 1.28 3.38 8.89 2.93 4.77 0.14 2.07 1.02 2.45 1.22 7.06 5.11 3.97 8.33 0.06 8.58 9.23 3.20 1.21 7.11 8.46 2.63 6.00 4.90 9.00 1.01 4.92 2.90 6.35 0.86 4.19 3.58 8.93 3.37 4.95 4.44 5.69 2.55 7.76 8.60 2.93 2.83 1.96 1.65 6.18 7.63 1.20 0.85 6.84 6.64 7.69 9.21 9.53 0.66 2.11 9.17 8.90 4.15 3.73 3.03 0.48 1.95 2.03 4.41 9.28 9.92 5.28 2.41 5.06 1.97 2.02 3.09 6.53 3.48 5.18 9.33 3.95 3.74 0.43 1.49 4.06 9.16
1.24 8.86 2.19 7.39 2.15 6.48 0.04 5.59 6.05 5.28 4.87 9.56 5.15 8.51 6.77 9.54 2.16 0.06 9.98 0.33 10.00 6.30 5.97 7.93 1.38 6.59 7.43 1.49 3.65 4.08 1.29 7.66 7.06 5.24 6.57 4.71 3.06 8.53 2.28 6.31 3.17 1.81 6.48 6.70 1.31 8.70 9.09 1.91 3.34 8.50 6.29 3.20 3.40 1.23 5.94 5.35 2.21 9.90 2.25 4.97 1.70 6.26 1.95 0.77 4.41 5.29 7.50 7.46 1.61 4.81 8.76 1.21 1.91 0.61 4.86 1.87 3.03 8.49 1.20 4.88 9.03 4.74 9.23 7.27 8.38 5.13 3.28 1.34 2.64 7.49 2.63 0.37 4.55 1.65 4.18 5.62 6.26 3.92 9.86 8.45 4.60 1.60 3.13 1.21 9.10 6.66 0.84 3.13 8.32 8.83 9.13 9.13 0.83 3.38 5.20 5.68 4.87 4.75 1.53 4.64 4.54 9.05 0.83 3.69 2.83 1.95 0.03 6.35 2.65 5.97 8.39 5.09 3.85 1.60 4.81 3.67 4.03 8.51 1.24 9.64 6.19 4.27 9.99 3.03 0.48 0.21 0.21 0.77 5.06 3.53 6.40 0.74 9.80 6.42 9.01 1.16 1.73 2.00 5.58 3.45 4.42 5.74 8.41 0.36 6.33 7.57 5.43 9.78 1.17 7.85 7.34 4.72 3.55 8.33 1.89 0.28 1.73 5.89 7.36 5.82 8.79 9.80 0.84 8.78 3.37 2.77 1.39 6.77 2.65 6.45 4.56 5.25 5.81 1.47 8.47 5.77 9.60 9.71 0.76 4.32
9.69 4.22 9.98 4.09 4.06 9.82 6.23 7.62 5.64 3.77 8.56 7.00 9.78 1.19 5.23 3.01 8.67 9.84 6.88 6.82 2.95 5.49 4.00 5.64 9.29 1.42 3.95 7.20 3.52 9.67 9.82 4.32 6.66 8.87 6.61 4.92 8.14 4.45 6.06 1.50 1.01 8.20 0.71 0.10 9.43 8.64 8.35 4.17 0.98 4.70 4.63 2.82 2.98 4.45 9.80 8.32 3.49 0.59 2.83 5.31 4.69 8.48 9.31 6.44 0.30 1.99 8.63 0.54 1.25 6.25 2.48 5.33 8.38 5.94 5.69 0.47 0.52 7.80 8.86 7.89 5.23 0.41 2.59 7.77 0.22 6.60 5.52 8.89 1.55 2.45 4.07 7.84 5.59 8.66 6.33 7.02 5.07 6.15 4.55 0.45 6.41 6.91 4.20 8.65 1.39 3.76 5.30 8.42 8.82 2.44 1.44 5.93 9.54 2.83 7.16 8.41 9.52 3.59 4.04 1.02 5.12 3.69 8.05 2.52 6.62 9.97 7.57 1.49 0.62 2.72 8.39 3.69 7.28 1.28 8.23 3.91 6.80 1.17 6.85 6.84 2.51 9.89 1.18 1.40 5.10 4.46 5.39 8.71 9.76 1.08 0.40 7.89 7.95 3.69 1.74 1.03 2.98 7.59 3.81 9.86 5.25 6.76 3.38 5.54 2.07 3.17 4.69 8.66 0.99 4.26 7.38 6.87 8.81 5.97 7.82 7.80 2.79 6.48 8.81 5.63 1.74 9.65 8.61 1.38 8.03 0.81 4.46 4.28 7.99 5.03 8.86 8.28 8.23 8.05 8.83 2.25 4.73 1.40 1.71 7.69
3.02 3.26 9.62 0.33 3.41 5.89 4.83 2.46 3.99 7.72 6.59 8.95 0.62 1.44 0.35 6.44 5.55 3.66 1.85 9.97 5.84 6.69 9.83 7.09 1.10 8.02 9.79 5.04 6.82 9.97 4.50 9.90 6.03 0.14 5.77 2.60 3.05 2.98 8.16 3.81 3.82 0.89 2.76 6.64 8.60 5.80 6.90 2.72 5.83 2.73 0.88 2.41 7.71 1.15 8.55 6.62 2.36 4.25 1.18 6.08 3.61 5.77 9.24 5.96 1.05 4.83 3.32 7.63 2.32 6.40 0.61 2.95 2.29 2.43 0.20 1.56 1.01 8.46 9.08 8.98 0.11 4.80 2.57 9.40 6.54 6.59 3.47 2.78 4.12 2.11 2.90 0.15 7.19 3.82 9.58 9.84 0.95 3.01 8.83 5.36 5.89 0.90 4.94 2.24 2.55 2.72 6.14 4.76 9.97 0.23 8.42 4.89 2.68 5.55 3.14 2.31 6.34 0.25 0.68 2.50 2.71 6.18 1.24 9.23 3.23 6.17 9.79 7.59 8.88 1.60 9.21 9.14 2.99 2.31 2.05 0.15 6.80 6.56 7.23 2.10 2.75 7.01 1.67 9.60 8.77 5.54 0.43 6.89 5.08 8.07 0.41 1.80 8.59 8.07 7.88 4.10 6.76 7.51 5.94 7.02 8.50 9.37 5.96 5.39 2.10 4.03 2.33 7.12 2.59 1.18 4.01 2.28 5.80 2.17 6.32 8.89 6.52 4.67 8.98 2.95 3.65 8.92 8.19 3.47 0.22 2.37 5.20 6.74 1.94 0.69 7.76 3.30 4.93 9.62 6.50 8.53 3.25 8.84 0.89 8.66
8.77 6.45 8.56 9.48 0.63 5.07 5.57 7.81 0.39 9.68 1.40 6.20 0.50 2.05 7.98 3.20 1.72 9.93 7.58 9.31 8.42 6.55 7.76 7.68 2.49 1.45 0.78 5.38 0.01 8.41 4.28 2.49 3.99 8.64 6.01 8.03 6.98 9.22 6.24 7.39 6.99 6.82 9.94 7.39 5.27 6.62 0.85 4.23 6.77 9.30 2.09 3.94 2.78 5.13 0.69 8.31 6.45 1.24 6.31 5.44 9.30 7.14 5.94 7.04 2.48 1.10 1.52 2.99 7.36 3.06 4.76 3.74 0.32 8.82 5.49 7.90 1.76 5.63 4.45 8.98 5.15 9.98 6.62 3.63 6.68 7.50 4.83 9.05 7.36 9.58 0.15 3.11 6.62 1.74 3.02 8.22 5.58 5.43 6.66 10.00 3.03 5.07 5.79 1.53 5.87 7.42 9.62 5.26 5.60 3.67 8.45 5.12 5.84 6.56 1.36 6.40 4.83 1.68 1.69 7.90 3.81 0.70 9.99 6.27 9.60 6.10 5.76 3.82 5.91 7.99 5.47 2.89 8.62 4.93 1.84 2.40 2.02 5.05 3.96 0.19 1.10 2.48 0.83 5.79 3.29 0.05 2.74 7.37 8.89 0.25 8.03 7.51 6.77 2.18 8.52 2.49 1.31 1.87 7.20 4.30 5.70 9.91 7.07 1.58 0.06 2.41 3.97 2.98 1.94 2.04 8.37 7.93 3.75 2.24 9.98 0.70 3.92 1.55 9.62 4.37 4.36 6.37 3.63 6.01 9.08 5.67 6.86 8.90 2.32 3.36 0.86 5.88 1.99 3.80 7.76 7.74 5.98 4.96 8.63 3.38
6.68 4.28 4.02 5.87 7.32 6.87 5.60 9.19 2.10 9.93 7.13 2.90 3.06 1.73 3.58 6.83 0.33 9.73 4.48 0.06 8.97 9.57 6.78 7.28 7.11 3.41 2.48 2.90 6.52 7.90 2.01 1.52 0.97 8.84 8.33 4.69 7.25 4.53 9.14 6.44 3.55 7.87 6.09 9.08 7.87 3.57 8.51 2.92 4.74 0.32 2.94 1.64 8.36 2.19 6.37 6.69 9.47 1.72 6.17 0.28 4.89 8.13 2.18 4.64 7.90 5.80 4.10 3.47 6.45 6.82 1.48 6.51 5.83 5.17 0.98 5.67 2.57 8.85 9.28 5.07 4.23 0.04 5.44 8.61 4.83 4.25 2.95 2.97 8.98 8.49 0.99 6.48 9.24 1.64 1.95 7.35 3.78 0.42 8.70 6.89 0.98 8.41 7.71 2.41 8.92 1.94 1.43 3.48 1.50 8.67 5.54 9.76 9.49 4.81 8.48 8.37 7.83 5.77 5.59 7.50 7.50 8.30 2.95 9.38 5.66 2.56 0.57 8.78 7.24 9.09 2.17 0.38 7.31 0.18 6.29 4.60 6.94 1.85 4.55 2.37 0.91 3.95 5.71 7.65 0.15 2.41 6.49 5.76 2.90 2.40 6.13 0.92 3.73 1.30 0.86 4.64 3.18 2.07 1.82 9.23 1.28 9.34 6.88 8.34 0.34 5.59 3.99 5.45 4.36 2.81 5.19 6.01 7.90 9.24 3.65 4.95 3.47 2.77 8.79 0.98 6.28 7.54 4.03 1.40 9.06 3.68 8.59 4.67 1.16 7.16 1.07 9.03 1.71 2.17 0.07 7.95 2.51 3.12 0.42 1.82
6.90 0.37 7.29 6.22 9.96 0.01 8.90 5.47 8.05 4.05 8.11 6.05 9.06 9.20 2.67 8.87 2.65 5.34 5.49 4.23 4.09 4.31 4.49 2.08 6.78 6.18 1.37 3.34 9.41 5.83 6.02 9.90 7.50 1.23 2.32 0.21 9.54 8.38 8.65 0.69 7.71 2.53 5.23 7.68 2.86 9.40 8.01 3.10 8.83 5.31 3.48 0.23 0.70 7.29 0.31 7.93 6.39 2.53 3.43 3.04 4.42 3.19 9.87 1.15 8.00 4.69 6.47 3.85 9.53 7.49 4.00 6.24 0.97 1.04 7.49 0.56 4.23 9.67 3.92 2.13 3.61 2.41 7.88 6.02 9.48 4.63 6.30 6.37 8.96 3.27 4.03 8.45 6.22 2.52 3.41 7.72 5.56 9.61 3.75 9.53 1.39 4.14 6.29 3.40 5.26 4.38 9.06 6.27 2.78 7.76 1.94 0.07 6.00 4.06 7.37 8.63 2.24 9.01 3.09 6.70 6.61 9.58 3.05 9.08 3.02 7.60 9.58 6.96 1.73 9.13 3.98 0.31 6.89 4.49 10.00 4.26 7.34 1.32 5.50 1.75 1.85 3.22 0.72 6.73 4.59 1.64 9.74 2.99 4.28 7.59 0.29 9.76 7.92 1.57 3.69 0.91 5.94 0.78 7.65 2.91 1.53 9.50 4.41 2.98 8.12 9.53 9.09 5.35 0.91 7.85 9.94 9.79 2.85 2.15 6.69 5.71 2.26 0.45 7.27 6.09 5.80 7.10 3.94 5.04 0.50 0.61 4.54 7.44 8.29 0.19 0.56 5.07 6.01 5.47 7.34 4.01 3.79 2.26 3.32 5.81
2.84 2.20 8.06 5.74 3.34 6.65 7.96 0.39 2.17 3.49 3.09 5.90 6.16 9.20 2.13 9.51 9.17 7.59 9.72 9.85 7.15 1.12 8.28 2.14 4.77 7.21 0.80 8.49 3.50 2.85 3.96 3.37 1.94 9.11 2.51 2.69 8.08 2.47 9.75 3.64 6.59 7.84 5.58 3.18 2.27 6.45 7.07 0.34 2.60 5.70 6.10 2.35 5.17 9.09 7.75 3.72 2.58 6.54 3.94 1.07 8.91 2.86 7.61 9.01 5.19 7.14 1.98 8.68 6.47 9.02 5.94 1.51 7.24 9.37 4.60 7.31 0.40 3.70 5.81 3.56 5.48 9.90 4.04 7.10 2.42 8.96 3.28 4.97 1.37 8.92 5.40 2.39 9.66 2.34 8.86 1.26 1.80 7.72 2.36 6.31 0.72 5.79 0.64 0.45 4.42 4.82 3.55 2.36 1.62 4.62 4.32 1.43 4.36 1.34 9.55 1.65 7.96 0.51 6.15 6.49 2.33 8.47 8.51 3.10 4.37 3.29 0.52 4.82 5.99 3.18 0.44 3.52 1.82 2.69 7.36 0.77 0.22 4.25 4.46 9.58 8.49 8.67 2.45 8.59 7.50 2.49 5.25 5.97 0.18 5.62 6.28 2.11 3.09 0.91 6.01 1.03 3.03 3.76 0.55 0.52 3.21 1.70 4.19 9.89 5.17 1.11 4.61 0.02 5.25 9.89 9.38 3.98 1.69 0.87 5.56 6.29 5.65 7.41 8.52 4.41 2.91 4.74 6.17 5.33 4.22 8.69 5.31 3.99 6.42 9.61 6.18 3.49 8.56 4.53 1.83 5.71 1.31 6.05 1.90 8.21
2.79 9.01 8.03 0.52 4.59 9.22 7.22 1.36 3.58 4.77 9.34 1.07 2.90 0.25 6.69 3.84 5.37 7.75 0.21 2.02 5.59 0.67 2.94 2.20 3.00 5.87 5.39 5.39 9.50 2.51 7.30 6.45 6.75 7.12 6.55 4.39 0.90 9.34 9.07 5.73 6.10 9.73 5.98 8.58 7.20 2.36 8.63 0.64 0.08 1.97 5.73 3.00 5.77 3.37 7.67 9.61 5.06 8.28 4.62 5.69 8.22 2.84 8.72 7.98 8.72 4.95 4.06 1.35 7.41 5.59 2.77 6.64 1.88 0.25 1.92 4.02 6.55 5.07 2.24 1.77 2.31 9.90 9.30 0.55 5.69 8.14 4.90 9.66 0.45 5.24 8.47 3.69 8.65 7.06 3.58 7.93 1.53 5.07 2.70 2.89 7.15 2.95 9.59 3.18 6.91 9.71 9.99 0.26 3.95 8.44 2.30 2.92 2.89 9.67 3.45 0.54 5.22 0.91 9.64 6.95 3.05 3.81 1.07 1.53 2.30 4.89 7.54 8.00 6.84 4.19 8.39 1.79 5.19 9.12 0.93 5.51 8.44 3.61 5.36 6.17 5.00 4.10 3.48 5.18 5.96 8.88 4.89 6.93 8.45 9.55 3.28 6.84 5.40 3.72 0.30 0.07 8.01 3.35 4.21 3.64 3.93 1.98 3.08 3.78 1.89 3.89 5.44 3.40 3.51 0.22 5.97 2.61 8.00 4.02 8.29 3.55 2.44 3.05 3.36 0.24 0.27 3.11 9.41 1.86 7.43 0.26 0.37 8.56 5.15 1.25 4.24 8.76 0.57 6.00 4.28 7.53 1.97 5.14 5.21 2.43
1.81 5.54 0.35 9.23 9.41 3.23 9.75 0.41 0.15 1.94 5.46 3.05 6.54 4.85 3.78 3.47 5.11 8.50 8.19 7.31 7.39 8.77 5.29 1.26 5.57 2.75 1.76 5.74 7.57 0.88 1.77 3.73 6.85 2.01 1.17 3.90 2.27 8.12 7.73 1.58 0.80 3.84 2.80 6.24 5.37 9.15 7.30 4.25 8.05 3.58 2.66 8.74 1.82 5.13 2.28 4.09 3.14 1.66 8.43 5.48 5.72 4.97 9.55 8.56 2.94 9.38 6.17 3.07 7.97 4.08 7.41 9.65 8.73 4.13 1.03 2.30 3.10 1.92 8.71 9.97 5.70 3.41 5.67 6.39 9.53 1.17 5.97 8.34 8.93 2.29 5.09 4.66 5.90 8.10 9.69 7.69 2.15 7.85 4.36 7.07 1.44 2.40 3.19 6.35 4.04 9.86 0.34 9.84 5.30 8.30 4.74 2.91 0.16 4.47 3.43 4.28 0.18 4.70 6.96 2.55 4.04 4.82 6.55 3.22 3.34 9.18 3.44 3.60 9.40 3.76 2.31 5.68 8.21 3.80 4.50 4.33 0.92 0.84 5.60 7.26 9.73 4.04 9.13 4.53 2.77 2.16 5.98 7.21 2.48 4.48 3.84 6.19 2.74 3.43 5.37 6.91 0.04 9.79 7.25 3.00 2.16 7.28 2.83 5.14 2.72 7.30 3.40 3.75 8.37 1.80 1.36 8.08 3.74 5.14 3.43 9.07 3.43 6.89 9.99 9.42 3.78 9.40 7.02 2.96 4.99 1.09 5.94 9.49 9.05 0.54 3.56 7.01 8.65 7.54 7.94 2.72 1.26 8.57 8.26 2.74
7.78 3.22 7.81 4.00 0.29 8.31 0.70 0.57 0.80 3.74 0.60 8.86 4.22 9.73 5.92 2.39 4.84 8.02 9.71 4.85 7.89 4.46 8.74 3.36 3.57 2.84 5.90 0.70 4.31 9.72 6.19 3.00 3.16 4.24 3.78 2.13 6.29 7.42 5.26 5.13 4.66 6.00 6.07 2.72 6.04 1.98 0.15 6.78 9.81 3.71 7.42 7.42 2.26 3.00 1.97 9.56 7.51 8.66 7.38 0.70 3.08 2.95 0.60 1.09 0.80 3.31 3.17 4.49 6.76 2.99 3.06 7.11 5.03 6.32 5.25 1.19 0.40 9.36 8.31 3.70 9.01 4.55 0.70 4.39 4.67 1.56 9.41 7.89 9.72 2.39 9.60 0.40 7.34 3.08 7.92 7.39 5.92 1.06 5.01 3.38 8.71 9.89 6.99 9.82 0.09 9.12 0.74 2.08 0.26 6.71 6.72 2.48 7.93 1.10 0.75 9.14 1.20 5.81 6.78 2.15 2.17 0.90 6.06 3.90 5.37 5.29 4.04 6.46 9.31 0.75 2.91 1.21 4.22 2.56 5.98 6.40 1.94 0.07 8.44 6.17 1.84 9.86 7.37 2.30 1.20 2.31 9.78 3.01 9.39 5.84 6.39 0.96 8.81 2.87 3.36 7.23 0.59 2.41 5.20 9.79 3.30 3.20 2.16 5.26 7.29 5.11 3.11 6.77 8.89 1.29 8.96 1.70 1.73 0.40 4.43 5.66 8.62 0.24 2.58 8.11 9.48 9.47 6.68 5.06 0.38 5.94 8.77 3.76 9.31 0.49 2.48 3.01 8.59 5.77 6.34 6.82 5.46 7.55 9.75 2.25
7.11 9.12 9.48 6.46 5.08 8.61 1.48 3.69 2.00 6.78 7.18 5.89 8.33 4.22 9.74 2.02 6.95 5.38 7.52 2.03 3.24 1.08 4.32 4.27 2.21 7.11 2.22 8.76 3.95 3.38 0.97 4.90 2.68 4.86 2.00 5.85 3.61 0.16 5.25 8.62 9.21 1.52 8.08 2.29 9.19 0.71 3.34 3.12 7.84 6.30 1.10 3.44 9.26 2.12 2.97 8.78 4.11 9.45 7.75 3.83 7.86 4.74 4.18 6.17 7.12 8.27 6.54 1.16 4.91 1.07 8.23 8.26 8.99 8.07 8.23 0.75 0.33 3.86 1.36 8.99 4.00 2.16 9.61 5.37 7.78 0.31 6.34 1.95 1.39 4.63 9.26 8.19 2.85 7.57 5.70 8.42 9.80 8.13 9.97 7.30 1.84 6.89 8.07 9.01 2.35 6.84 4.14 5.37 8.19 7.16 2.26 8.16 8.67 9.12 4.54 7.90 7.08 2.82 0.53 8.49 3.57 3.58 0.79 0.84 4.53 5.64 4.04 9.97 7.23 3.68 8.14 9.91 5.99 3.65 4.17 1.44 3.01 0.80 4.84 3.18 2.55 7.67 7.90 3.45 7.50 1.60 8.36 8.76 3.08 3.07 2.25 8.76 2.08 9.61 2.19 5.83 7.91 2.86 5.06 1.35 8.08 0.94 0.33 6.33 0.31 7.11 2.49 0.37 7.30 3.51 0.13 0.14 2.85 9.31 2.81 7.11 2.44 4.41 3.98 0.78 7.71 3.60 4.07 8.14 1.96 3.41 2.97 7.56 3.93 2.45 8.89 8.53 0.83 2.75 7.54 2.33 0.40 5.07 9.38 8.29
6.99 9.55 6.35 3.90 0.76 5.29 0.39 5.52 5.10 1.43 7.54 7.45 2.71 3.26 3.15 7.51 3.08 2.40 4.40 8.33 9.88 9.78 7.62 1.38 8.25 3.67 2.48 5.88 9.72 1.42 4.59 8.49 5.40 0.30 9.58 7.87 8.01 9.79 3.95 0.84 7.46 8.19 0.99 3.43 4.16 5.14 7.78 8.61 0.09 5.71 6.50 5.02 9.45 8.98 0.58 1.81 4.66 9.62 4.72 0.44 0.13 7.43 3.17 5.30 0.10 2.72 0.68 7.59 2.77 4.12 3.23 3.22 8.19 8.21 9.49 8.16 8.64 7.35 0.13 7.13 6.92 8.27 9.78 8.00 0.43 3.63 0.87 6.17 0.32 6.56 0.93 4.89 5.74 9.63 2.48 5.09 7.99 0.07 7.72 1.09 6.45 8.28 6.15 6.69 2.56 6.60 7.79 3.94 7.98 0.80 4.98 4.07 3.02 5.37 9.86 7.54 9.51 8.81 1.99 2.44 1.37 3.74 8.89 9.86 1.36 0.64 4.20 7.11 9.07 7.20 8.43 1.41 9.92 0.95 8.58 6.66 5.41 1.08 4.93 2.43 6.11 8.72 6.34 7.35 2.27 4.11 8.69 8.61 6.75 8.71 9.42 4.52 8.76 5.67 8.17 4.06 7.96 5.99 3.06 0.73 7.84 2.15 9.53 3.66 3.70 9.80 1.98 2.45 8.40 0.14 4.86 2.72 6.48 8.77 7.32 1.92 0.76 5.92 4.30 5.53 6.03 5.99 4.39 1.90 4.69 7.51 0.94 3.85 6.94 1.41 6.79 9.96 0.47 2.65 0.53 4.42 7.22 2.46 5.05 1.93
9.05 4.58 1.19 3.28 2.45 9.62 6.64 6.26 7.94 5.86 9.15 0.39 3.51 1.00 2.88 1.92 4.53 7.95 2.86 0.03 8.75 8.70 1.78 6.84 8.49 2.23 6.79 6.97 9.56 8.87 0.40 8.51 0.76 9.24 0.26 5.96 1.56 8.42 5.25 3.70 7.00 7.28 3.76 8.68 9.78 9.41 5.98 6.82 6.05 5.93 3.78 4.45 8.91 2.91 0.39 5.97 1.44 4.85 2.11 2.74 7.82 3.17 8.98 6.09 1.30 3.89 4.38 7.99 2.46 8.94 7.35 8.92 6.87 0.97 0.48 1.40 6.64 0.60 4.84 3.92 3.80 7.54 4.07 9.14 2.47 3.92 9.07 9.66 3.27 1.47 7.20 4.44 4.50 8.89 1.39 6.39 6.77 8.58 5.22 7.55 6.33 0.11 6.24 8.56 8.09 7.39 4.35 7.43 8.52 9.75 6.89 7.48 9.35 2.70 3.38 0.10 2.62 7.33 2.72 8.26 4.91 9.18 3.27 1.31 5.60 9.29 4.18 6.71 7.30 0.81 2.65 3.23 1.90 7.32 0.60 6.47 0.22 4.78 5.98 3.45 0.79 7.00 3.06 0.03 9.89 3.80 3.18 7.98 3.05 5.65 5.94 1.03 4.64 6.88 2.94 0.78 8.87 1.65 0.44 6.69 9.04 7.63 5.99 8.97 8.18 5.49 0.81 2.49 3.30 3.49 0.18 3.73 7.92 4.58 2.06 8.02 0.68 7.66 7.53 2.45 1.47 8.40 1.42 9.53 8.47 7.65 8.36 0.79 5.86 2.45 4.30 2.04 7.26 3.14 9.49 8.36 8.16 2.31 4.89 0.14
0.74 8.10 9.70 8.12 5.65 1.65 3.91 6.88 6.24 8.02 5.01 3.92 0.54 2.13 10.00 3.21 4.25 8.53 4.32 4.29 5.95 9.21 7.68 7.02 5.66 1.58 0.90 9.01 1.75 3.78 0.39 5.91 7.71 1.16 2.79 3.47 6.00 4.68 8.59 6.90 6.71 8.11 9.08 4.88 8.62 2.59 5.15 8.45 3.37 6.39 7.14 3.06 9.47 6.73 4.03 5.41 3.40 3.12 9.27 3.26 8.41 9.61 3.54 2.93 6.75 9.44 6.75 6.31 0.67 3.26 4.80 2.93 1.45 1.40 3.31 5.94 9.35 3.54 0.83 7.78 9.48 5.94 8.70 9.55 3.04 5.17 5.74 5.31 5.58 7.04 7.41 7.28 7.34 6.61 5.54 2.83 9.83 3.63 5.64 8.21 8.75 4.24 6.12 8.42 3.77 9.37 5.02 6.52 2.88 1.33 6.52 9.10 1.51 1.08 8.38 0.44 0.83 5.30 3.23 1.71 2.67 8.97 0.16 0.19 6.03 6.37 9.85 9.28 8.01 3.06 9.33 9.59 1.48 1.28 9.28 6.36 9.82 7.21 4.62 3.97 1.15 6.38 9.94 5.89 4.66 9.23 7.97 4.05 1.53 4.00 4.83 1.46 0.51 9.50 1.97 9.65 9.04 9.96 8.88 9.49 5.64 4.87 4.15 9.57 5.64 1.24 6.47 0.25 6.19 4.14 3.71 2.05 9.66 1.11 3.94 3.35 5.50 3.01 3.51 1.26 7.03 6.27 4.83 8.82 9.09 0.94 9.51 5.56 2.62 6.82 9.02 4.24 0.40 3.55 5.20 6.95 6.02 2.87 8.45 4.54
5.77 6.17 9.84 4.40 7.61 0.55 9.08 2.83 6.92 1.23 0.47 2.20 6.27 9.74 5.33 3.39 3.58 3.64 5.42 7.22 8.23 6.32 1.72 7.54 7.23 5.82 0.78 5.36 6.19 0.58 1.15 2.95 6.44 6.97 9.04 5.12 2.83 3.75 7.35 6.94 1.01 7.87 6.69 1.20 4.12 9.92 0.98 0.78 2.24 0.38 3.37 3.88 0.65 6.88 9.05 6.82 4.41 1.37 9.73 5.86 5.71 7.53 0.68 8.55 3.79 6.00 3.60 7.46 8.26 4.88 4.25 0.62 9.85 8.04 4.07 0.57 2.05 0.42 2.73 0.72 2.28 4.51 7.49 1.57 8.71 8.32 6.23 1.91 5.34 8.35 1.80 8.45 6.32 4.00 6.35 4.56 0.37 7.26 6.56 5.90 5.39 7.37 5.95 2.67 9.63 4.01 1.84 2.81 5.81 3.04 6.05 8.69 7.60 3.03 9.72 9.54 3.91 5.94 7.82 5.31 8.80 5.90 1.28 1.45 8.60 8.78 6.27 4.72 4.05 2.85 9.12 9.78 2.48 6.69 2.72 2.43 7.96 9.92 5.40 4.16 2.49 0.36 4.21 5.69 8.80 6.82 6.62 1.59 5.86 4.79 4.69 0.60 9.71 6.19 1.77 3.50 5.64 2.37 8.49 3.70 7.86 6.44 7.43 6.96 3.93 3.04 0.78 7.93 6.61 0.57 0.58 4.94 8.67 8.41 4.83 7.88 6.86 7.81 1.93 3.19 0.45 3.15 2.01 9.16 9.48 5.48 6.85 6.30 4.07 7.81 2.33 4.95 2.51 5.00 6.56 3.26 2.10 9.90 2.13 7.68
5.37 1.08 9.05 0.61 7.41 4.51 5.67 1.80 3.19 8.85 0.81 9.67 9.10 6.31 5.92 5.18 4.94 5.08 4.44 0.36 8.05 2.44 4.49 9.66 8.94 4.82 0.97 8.17 2.77 1.09 1.51 1.94 6.61 5.47 4.94 9.00 7.67 8.03 7.41 4.60 5.79 4.85 3.51 6.39 5.53 3.23 0.56 4.45 8.88 4.97 4.90 5.61 4.21 6.33 4.54 6.85 4.26 5.59 2.69 2.73 6.25 6.19 1.62 8.47 7.05 0.01 8.95 2.91 9.37 1.03 4.43 7.37 0.82 4.94 5.96 6.13 9.65 0.14 7.31 3.18 7.71 6.03 8.54 3.02 1.73 4.64 5.93 8.14 5.40 3.21 1.03 6.79 6.58 2.71 6.61 2.37 6.00 2.15 0.65 8.00 9.91 9.66 9.27 7.53 4.51 9.58 1.56 8.71 5.24 8.23 4.33 8.10 3.24 7.95 4.58 7.77 3.89 2.84 6.58 6.94 5.78 8.88 0.06 8.34 6.16 7.11 4.62 0.78 8.65 6.84 8.03 6.46 4.57 2.29 1.25 8.97 7.67 5.21 1.80 5.13 8.47 1.30 6.93 1.89 8.09 4.35 7.54 3.35 5.11 6.77 4.15 0.46 8.74 1.72 3.35 0.43 7.46 0.31 4.17 8.52 2.00 6.39 2.44 6.30 2.48 6.77 3.38 1.32 1.57 4.12 1.99 9.82 7.29 7.64 1.89 5.35 3.74 2.44 8.10 5.39 9.64 1.69 2.51 5.31 6.54 2.10 0.90 1.27 5.45 5.79 8.64 4.06 7.25 2.96 0.79 8.84 8.74 4.94 4.20 8.09
2.33 6.07 4.21 8.29 6.62 2.57 0.89 6.49 6.40 2.91 5.01 0.36 0.18 0.73 1.92 2.65 8.46 0.73 5.04 5.28 4.92 7.45 9.89 1.37 2.19 9.57 5.34 5.11 2.37 0.94 3.66 2.80 9.58 1.43 4.38 6.68 2.45 7.93 9.06 1.39 0.19 0.06 0.33 3.29 6.65 8.80 0.88 3.72 5.54 6.98 1.91 8.92 0.25 2.15 5.43 1.08 4.43 3.52 7.72 6.38 5.17 9.75 1.66 6.28 8.58 1.08 6.72 0.73 8.85 2.00 1.14 4.96 8.00 5.23 8.10 9.05 8.44 5.83 6.41 7.72 3.86 6.31 8.23 6.96 5.28 5.34 8.33 2.88 2.33 2.09 7.65 6.03 0.47 8.95 3.85 3.05 5.94 4.21 0.09 1.16 2.28 6.89 4.60 3.44 6.91 9.62 5.21 4.49 0.05 7.58 9.81 8.75 7.13 6.26 2.89 1.65 4.55 3.17 7.88 9.61 9.22 9.71 0.52 4.41 0.42 8.90 6.44 2.48 0.08 6.27 0.66 7.62 4.13 2.10 7.34 2.71 5.66 9.42 1.54 8.21 3.41 8.30 6.72 4.29 9.10 4.80 7.11 0.93 4.95 6.44 0.41 1.38 9.01 4.37 0.75 6.59 7.75 7.88 0.20 9.83 1.34 5.86 7.72 9.83 8.32 7.15 7.98 4.53 3.69 9.41 7.35 3.74 7.86 8.41 6.98 8.12 7.00 4.16 7.59 1.86 0.89 3.53 6.56 9.67 4.19 3.67 3.52 4.13 9.70 1.79 4.27 3.69 6.85 0.10 5.14 4.50 9.98 9.30 1.05 4.35
0.71 3.26 8.85 0.82 0.41 4.76 4.42 8.17 3.46 0.68 1.20 2.88 2.96 3.52 0.24 8.93 8.78 9.87 3.27 0.73 6.38 0.54 4.03 2.59 2.96 3.76 9.89 9.43 2.61 3.17 7.41 6.84 7.25 8.91 7.58 0.37 0.58 4.44 4.97 5.98 1.73 8.90 1.63 5.34 1.80 1.40 9.76 6.06 7.30 7.65 3.14 4.84 6.92 4.44 7.54 5.41 6.54 1.73 0.72 2.32 4.12 6.99 0.80 5.77 4.79 0.65 5.91 3.81 9.34 3.92 1.12 6.23 8.25 1.34 8.24 4.62 9.63 8.45 9.99 2.80 6.48 4.78 4.99 2.31 5.91 6.53 2.76 2.36 4.62 3.80 4.63 1.61 0.97 0.28 1.84 7.78 0.58 3.52 2.98 0.62 0.38 7.78 4.32 9.59 8.40 0.17 9.83 3.88 7.70 9.29 9.29 1.72 0.23 5.95 0.40 1.94 7.42 8.09 6.81 0.16 1.94 7.49 1.39 2.40 1.34 7.73 1.42 3.30 4.91 5.23 2.40 0.58 4.51 2.42 5.98 3.19 4.60 9.16 9.87 9.38 9.66 7.39 1.06 3.14 8.36 6.57 3.57 8.41 6.76 5.15 7.39 2.17 7.08 7.23 1.23 4.10 6.38 2.01 8.39 4.12 2.35 8.71 5.68 6.41 4.35 9.54 5.89 1.49 6.01 4.17 9.04 0.20 6.20 7.83 1.37 2.91 4.87 9.32 7.43 3.55 6.44 3.84 9.96 2.34 0.05 4.08 8.56 7.30 1.91 7.35 1.57 4.02 3.61 5.36 6.84 5.51 8.87 2.49 9.02 7.47
3.50 2.57 5.96 2.39 6.79 7.36 5.90 5.70 7.38 1.46 1.53 1.61 6.41 0.42 0.08 5.47 5.70 0.18 7.86 8.63 3.23 0.70 8.57 9.02 7.78 0.47 0.97 5.78 4.10 3.28 3.68 8.58 2.87 3.14 1.15 5.18 1.28 0.39 5.69 6.07 4.56 8.52 3.75 9.36 2.20 3.65 2.97 6.05 0.00 2.80 3.74 5.22 2.02 4.16 9.64 7.48 6.94 3.34 2.40 9.65 5.41 7.25 4.09 7.28 9.46 2.50 7.73 9.07 7.96 7.05 6.82 8.33 7.12 3.33 8.32 0.53 2.20 5.18 9.33 4.02 0.05 7.38 0.45 3.08 4.24 5.24 1.26 4.81 8.79 2.65 8.98 8.08 6.55 4.75 9.68 3.73 2.83 6.75 2.80 2.63 0.33 5.80 6.32 1.10 2.80 9.43 1.51 2.12 7.84 2.10 4.66 0.91 8.23 4.31 9.05 9.01 5.15 2.29 8.54 5.89 3.75 8.11 3.31 8.13 7.14 8.74 0.25 9.95 7.22 6.47 1.72 4.27 9.34 5.90 6.22 3.63 3.55 8.19 8.64 4.63 9.60 2.56 3.95 5.67 6.46 7.73 5.78 6.74 8.75 1.73 6.84 0.14 7.50 9.15 9.70 0.10 2.77 1.32 9.65 0.08 4.77 3.18 7.77 7.73 1.05 1.74 8.61 6.61 0.55 4.86 0.18 3.08 4.19 2.61 0.22 3.04 1.15 3.09 1.04 1.43 4.56 3.90 6.22 5.48 5.17 3.31 6.48 3.33 3.41 9.40 0.50 7.12 9.15 7.86 9.71 9.18 5.22 3.25 0.27 4.37
8.48 1.05 3.69 8.22 3.17 7.84 0.10 7.34 0.98 0.32 3.29 5.19 7.22 0.34 1.85 8.41 3.22 5.59 1.61 2.48 1.84 1.33 5.43 8.03 8.99 5.62 9.51 4.91 2.27 0.65 4.14 0.16 4.13 0.04 6.88 0.87 6.05 9.79 7.10 6.25 6.30 8.40 5.29 8.23 5.99 8.79 0.63 8.73 4.97 3.21 8.39 2.01 0.42 4.47 0.33 1.73 8.89 4.87 8.55 6.49 1.24 6.38 1.71 4.20 2.40 8.89 0.65 8.16 5.94 0.66 9.23 3.17 4.60 2.46 9.24 1.81 7.88 7.44 0.35 2.79 7.87 9.33 9.88 2.80 0.25 0.59 5.69 4.35 0.24 7.68 5.98 4.60 1.94 4.63 0.04 0.05 1.04 3.21 7.84 0.30 5.44 4.96 9.06 9.58 8.12 5.40 6.94 3.29 0.74 8.68 9.73 8.35 1.58 8.81 5.02 0.46 6.45 8.89 5.00 6.86 6.88 9.27 3.16 5.22 9.31 3.12 5.21 6.37 6.92 6.26 8.37 6.06 8.83 3.90 9.66 5.28 8.60 7.02 2.97 8.28 7.62 9.42 5.44 8.56 6.86 7.32 7.01 0.07 5.10 9.86 1.82 7.00 2.59 0.96 2.37 2.42 2.73 3.01 9.19 9.48 2.81 6.75 7.82 5.83 6.73 6.67 5.44 5.03 9.25 7.90 7.26 3.34 1.06 2.03 1.63 2.18 9.10 2.45 7.82 2.36 8.27 4.32 1.10 5.18 5.18 5.39 2.99 3.14 2.57 5.60 7.26 0.59 4.88 1.01 2.47 7.15 6.47 3.87 4.01 4.68
4.00 7.60 9.99 7.40 0.43 0.43 1.42 3.50 5.42 7.28 6.25 0.59 0.15 1.61 8.24 7.09 7.45 5.84 2.01 0.59 6.56 6.40 2.49 7.90 5.26 7.16 3.26 4.87 6.19 3.54 8.37 0.65 7.68 7.49 9.02 2.42 2.42 5.21 0.37 6.51 2.22 2.16 2.56 2.31 8.28 1.63 1.96 6.14 1.19 3.58 1.12 8.50 0.14 5.50 6.97 5.68 4.05 9.86 2.99 1.31 0.97 1.45 7.06 3.22 3.80 9.89 6.06 5.15 1.15 8.78 4.49 9.58 4.96 9.70 0.78 8.05 8.89 9.76 7.86 3.47 9.49 9.44 7.30 7.41 3.88 9.79 6.61 3.36 0.30 0.29 2.67 7.56 8.29 7.86 3.62 4.61 5.87 0.36 4.69 5.55 7.94 4.03 2.29 1.19 8.07 1.00 4.37 0.57 7.25 3.67 9.01 6.09 9.85 4.39 9.93 5.49 4.50 4.77 9.27 5.38 3.74 6.79 5.19 6.13 2.29 9.64 2.51 0.85 5.11 1.06 5.78 3.63 5.90 5.53 0.20 7.60 1.95 6.72 6.28 9.80 6.89 3.04 9.06 0.31 1.69 0.93 3.09 9.02 0.46 8.56 1.76 3.32 3.27 3.24 4.41 8.67 3.02 7.19 0.21 7.91 5.91 6.48 2.78 3.16 7.52 1.37 1.38 6.23 1.31 1.43 5.19 7.01 5.69 5.46 1.16 9.31 3.01 1.92 6.28 3.45 5.28 6.28 7.38 7.84 3.65 0.00 1.08 9.75 3.32 3.16 3.65 1.89 5.32 8.89 0.41 6.26 2.68 2.74 6.88 7.39
4.03 5.02 0.37 3.38 1.77 2.75 7.66 2.70 4.01 8.48 5.99 9.90 7.42 8.58 3.91 6.01 1.66 3.40 0.89 2.60 7.54 4.78 2.69 0.41 5.12 1.63 2.79 0.44 4.08 3.13 7.69 1.29 8.35 2.89 6.86 4.79 2.19 5.55 8.34 4.66 0.82 1.17 5.56 0.95 3.68 2.25 8.35 5.91 6.36 8.35 1.44 0.52 1.24 9.13 2.53 2.41 5.32 9.89 0.42 2.04 4.95 6.02 4.80 2.69 4.48 7.79 7.54 0.67 4.78 8.36 2.90 6.76 4.16 2.00 9.06 6.96 1.82 7.51 3.57 3.49 0.44 6.35 4.26 9.60 2.30 1.90 4.80 3.29 7.65 0.82 7.56 9.42 9.47 1.91 5.22 6.65 7.66 2.40 6.61 2.06 7.69 9.69 9.35 8.18 9.06 6.09 7.50 0.16 3.77 9.41 6.15 7.68 5.32 0.63 5.04 9.34 7.17 9.38 9.43 5.42 1.43 2.49 9.80 7.45 9.42 3.00 5.62 6.49 5.65 9.48 4.58 3.53 7.52 2.85 8.83 9.63 3.92 8.17 1.10 6.06 6.38 0.41 0.87 9.62 2.44 6.27 2.41 7.30 4.43 2.84 3.34 7.14 1.59 1.93 3.50 9.61 6.25 9.25 0.27 6.13 5.12 5.57 3.67 6.31 9.68 7.56 9.13 8.00 1.52 1.01 1.50 0.30 7.08 4.46 2.09 6.53 8.02 1.10 9.95 9.83 8.66 9.34 1.27 0.63 1.66 0.37 6.89 6.31 2.47 7.83 0.98 3.83 5.56 0.41 0.86 1.09 3.82 5.67 1.62 6.20
3.63 0.91 4.66 3.36 9.75 9.31 7.64 4.73 3.19 3.49 4.43 0.26 7.94 9.30 7.19 1.72 4.60 6.47 4.02 8.21 3.14 4.01 3.81 6.86 1.34 4.83 9.26 8.77 6.41 0.50 7.37 6.93 4.72 1.15 9.52 8.66 8.78 1.62 1.43 6.10 9.52 5.14 5.39 7.32 6.00 3.61 1.06 8.82 5.60 5.89 3.59 6.83 2.09 3.92 6.81 0.09 7.19 5.69 8.54 0.01 5.31 2.68 8.31 5.21 0.19 8.51 3.37 9.42 5.98 2.85 6.64 0.74 1.55 9.66 2.07 2.22 0.62 1.16 2.94 9.49 2.81 4.46 7.60 1.90 8.61 6.49 2.00 5.95 8.14 1.01 9.77 1.75 1.56 3.93 4.43 6.02 0.49 8.39 6.85 3.06 7.79 1.76 0.42 2.16 7.32 9.60 2.91 9.54 1.78 8.34 0.41 6.59 6.43 4.44 6.86 9.72 7.62 3.07 8.68 6.11 8.69 4.44 8.36 6.70 3.46 1.62 0.18 3.54 9.05 8.93 2.38 1.07 6.97 8.75 2.78 9.10 4.69 6.25 1.82 9.12 6.49 2.70 0.07 3.81 4.35 4.82 6.58 6.16 9.89 8.62 2.94 7.20 6.66 0.82 1.85 6.91 8.82 7.68 2.31 5.04 6.30 5.33 9.32 1.35 3.50 0.67 1.43 0.41 5.25 5.61 2.20 9.36 1.67 2.62 4.86 0.65 2.23 0.16 7.22 3.50 1.72 0.87 1.82 9.83 4.16 5.23 7.66 3.70 9.81 9.33 4.85 5.73 8.68 7.43 2.53 7.91 1.02 6.88 8.93 7.71
2.98 7.20 6.17 8.68 4.24 8.92 4.13 8.01 6.98 4.17 3.48 5.67 6.94 3.94 7.68 6.51 6.33 1.80 0.53 4.09 5.93 6.26 1.60 4.22 7.83 0.34 1.07 0.95 5.21 1.53 4.96 8.57 3.21 1.24 9.47 6.52 7.82 2.27 0.67 3.95 0.56 9.33 3.14 1.13 3.87 5.45 1.83 2.12 4.19 9.24 0.44 3.55 7.87 3.31 5.91 4.64 0.79 6.19 2.71 4.30 7.43 0.76 7.00 4.64 4.81 6.15 8.45 3.61 9.69 9.04 0.16 5.40 8.96 4.08 5.33 7.92 7.32 8.80 1.99 5.77 0.20 4.38 2.87 5.32 2.63 8.05 1.44 0.73 8.63 1.69 5.41 2.56 7.97 4.44 6.64 9.37 0.54 1.76 1.09 0.72 3.76 2.38 3.60 7.17 7.38 7.77 4.30 7.19 1.56 2.85 4.19 9.52 1.94 5.41 4.89 5.60 2.52 7.28 9.78 0.44 2.67 3.10 5.39 7.82 2.20 0.28 4.29 2.80 8.91 6.24 8.05 9.99 7.66 9.54 2.83 4.53 1.28 1.08 5.46 2.79 9.67 2.02 5.51 0.60 9.66 9.74 3.84 4.34 8.00 1.88 7.52 8.22 1.81 3.84 9.79 4.25 5.26 6.36 7.74 8.46 0.38 8.50 0.76 2.43 0.36 9.25 5.69 4.24 7.77 3.94 0.18 3.92 5.18 6.56 5.91 7.92 0.00 3.47 3.65 6.49 0.07 7.24 9.47 4.30 3.66 3.91 2.18 9.98 2.40 6.92 5.21 9.02 4.39 2.19 4.90 4.92 4.15 0.90 8.18 0.58
6.99 2.08 5.78 5.47 2.36 4.07 3.09 6.07 6.19 4.96 1.68 7.81 9.77 0.55 4.70 1.62 0.51 9.83 1.46 4.40 9.89 4.30 4.85 4.78 4.94 8.70 7.60 4.31 1.97 8.41 7.10 4.01 6.67 2.69 2.08 2.32 2.19 2.34 8.67 1.65 6.24 3.58 1.69 2.18 4.53 5.18 0.61 6.45 6.80 3.90 8.43 2.01 8.10 3.93 1.47 8.92 2.11 1.67 1.83 2.40 3.02 4.91 2.59 5.52 1.73 7.12 2.12 8.09 3.49 4.61 0.30 9.64 2.23 1.11 4.89 7.87 7.51 4.55 9.00 1.07 1.44 0.62 6.22 6.47 9.80 5.35 5.47 0.46 8.16 7.67 0.01 1.47 4.81 1.44 1.08 2.08 5.67 0.29 7.70 7.93 1.33 8.58 8.58 9.01 1.56 2.34 2.57 0.06 0.65 5.34 1.50 1.63 8.25 2.54 6.83 5.43 6.52 8.27 7.47 1.99 1.51 2.92 7.58 6.07 4.05 1.40 1.72 1.51 5.91 1.17 6.24 7.92 4.83 7.91 1.89 6.45 1.90 2.38 7.99 6.43 2.73 3.82 0.96 8.14 0.30 4.35 7.92 2.34 9.37 4.00 6.50 0.39 3.43 8.46 2.12 2.20 2.96 0.62 1.36 0.63 1.27 3.76 0.39 6.69 7.66 5.75 0.76 4.17 6.29 3.11 5.70 8.47 3.04 9.18 3.89 1.68 9.08 8.32 9.43 3.87 1.21 7.42 8.12 6.75 6.54 2.90 0.81 4.23 4.74 7.22 1.07 8.59 0.15 0.40 4.31 4.32 2.84 5.58 4.49 3.98
9.78 7.36 5.20 4.62 7.62 3.17 4.00 0.25 9.53 5.97 1.05 2.47 5.81 0.68 2.16 7.78 4.69 9.33 1.17 6.59 0.15 6.36 4.14 4.31 2.87 1.42 6.87 1.48 4.53 1.75 9.11 2.82 2.33 7.86 9.38 9.93 7.99 7.74 6.36 4.43 0.85 7.52 9.36 0.82 5.35 1.51 2.23 7.68 9.81 7.42 2.34 0.53 5.46 6.54 8.36 9.78 5.05 8.40 1.90 7.80 7.20 7.89 5.31 0.39 6.33 4.39 5.71 5.11 5.75 3.78 2.99 5.50 8.70 4.31 0.88 9.80 6.55 8.82 3.99 1.98 3.75 1.52 0.22 3.62 4.23 5.97 8.86 5.02 6.56 9.56 4.20 9.44 6.53 6.54 3.63 1.72 7.28 4.78 7.56 7.92 8.17 0.08 3.69 3.11 7.93 7.95 8.45 7.96 3.32 1.70 6.20 9.13 2.28 4.31 2.05 6.61 2.83 2.16 5.94 6.24 0.42 6.21 1.90 9.38 5.48 2.08 9.75 9.29 3.04 8.64 1.97 9.35 9.16 5.62 7.61 1.93 5.87 0.78 9.39 2.81 5.32 7.68 4.45 4.18 1.72 7.55 6.91 8.39 2.50 4.26 5.05 6.15 3.39 9.41 0.56 1.96 0.63 0.33 7.87 5.56 2.83 4.24 7.12 7.88 5.86 3.29 2.72 7.18 0.36 6.14 4.48 0.69 3.99 8.36 9.73 2.78 5.82 4.40 3.75 8.57 2.40 9.91 2.00 1.80 1.00 3.58 1.59 5.92 4.71 9.43 6.07 0.22 9.69 3.29 8.01 9.41 9.61 3.53 0.07 0.38
9.24 3.28 5.24 4.63 9.21 2.39 5.58 5.91 5.93 9.22 8.01 1.71 1.76 9.59 9.86 3.79 7.38 6.92 0.93 0.80 0.13 4.14 3.59 0.67 5.51 2.49 5.89 1.47 8.08 4.13 2.97 0.49 4.48 0.35 0.13 1.71 8.11 8.41 8.41 1.99 3.04 8.35 5.43 4.57 2.11 8.44 4.44 7.69 7.90 3.29 4.39 3.01 7.01 7.20 7.73 5.00 9.36 0.31 1.03 1.77 8.85 1.12 2.95 6.87 8.90 3.68 8.50 9.15 7.35 1.41 7.84 7.09 2.27 3.96 0.64 4.79 0.42 7.99 4.00 5.42 5.69 7.36 9.20 6.27 4.07 9.58 6.19 0.94 8.06 8.74 1.08 6.01 1.86 5.20 0.35 8.87 5.93 1.03 1.73 6.83 6.84 1.19 3.53 3.76 6.47 7.31 5.04 0.10 4.17 0.59 4.85 5.42 2.26 3.91 8.18 1.07 8.92 8.78 2.50 0.59 7.60 7.58 5.17 0.59 0.74 2.82 6.01 9.06 0.42 5.26 5.12 8.26 1.61 5.74 0.29 6.34 5.39 2.74 3.16 7.75 5.05 9.27 6.82 5.43 6.59 0.80 7.79 1.32 1.72 8.45 4.10 9.59 1.12 2.01 0.05 6.20 7.60 9.59 4.54 2.01 8.78 1.96 0.19 6.31 5.28 2.07 2.44 4.05 0.38 8.97 0.64 4.04 9.23 6.11 5.96 7.06 7.33 2.39 0.37 6.61 1.67 9.82 2.93 4.16 1.11 0.14 4.99 4.90 5.24 8.58 8.02 6.92 0.54 5.20 8.86 6.22 3.62 3.37 8.69 4.17
1.33 9.67 6.56 6.24 3.20 1.79 6.25 5.71 0.99 4.23 9.63 2.14 1.44 3.40 4.97 4.69 3.66 1.49 4.30 4.82 8.92 7.97 0.55 1.31 1.21 5.22 6.32 3.76 9.45 2.39 5.18 9.40 4.10 4.94 1.12 1.16 3.54 1.36 3.89 4.70 0.31 3.56 8.00 4.58 6.46 7.10 9.72 4.29 1.63 1.26 7.67 4.09 9.26 6.34 6.84 1.99 6.41 8.90 3.95 0.64 1.57 8.48 2.32 5.63 2.82 3.43 0.12 7.74 8.82 2.80 7.34 0.73 2.99 6.73 4.39 4.43 3.17 9.16 7.70 5.41 0.93 4.29 3.15 3.19 7.82 5.96 5.81 1.02 6.66 0.39 1.70 6.91 2.50 9.06 9.14 7.39 1.38 0.82 0.39 5.02 7.06 4.05 6.50 1.80 1.05 0.45 7.87 8.77 2.92 0.66 8.54 5.45 0.02 8.60 2.22 0.09 0.78 9.63 8.19 1.66 6.81 1.53 5.63 0.34 1.63 5.06 6.22 5.16 9.52 6.39 9.20 0.40 5.64 1.37 4.88 8.36 2.41 6.84 1.42 5.01 9.44 9.99 4.19 3.51 5.66 1.36 6.40 8.45 8.21 7.95 2.80 8.19 4.65 2.33 8.36 1.30 7.82 6.72 3.00 3.97 8.47 0.69 8.34 3.00 1.32 5.22 2.42 6.22 3.62 5.30 3.18 1.01 4.57 0.48 1.73 0.54 3.91 8.12 6.93 7.64 5.12 8.82 5.35 7.75 0.29 6.28 0.06 8.32 9.87 6.97 3.17 3.73 9.35 5.61 9.94 5.66 3.40 2.47 4.17 9.22
3.95 4.77 2.58 3.63 5.87 2.16 0.13 9.35 4.59 1.74 7.73 3.14 3.74 5.67 2.97 9.80 7.91 5.37 9.70 9.38 6.78 1.92 1.81 2.00 8.26 9.83 3.44 4.00 8.14 9.71 2.58 6.56 4.14 0.13 4.86 5.93 1.10 9.50 1.74 8.81 9.78 9.01 8.05 8.65 9.65 9.19 4.41 9.12 9.37 4.80 8.93 4.34 2.25 0.38 6.05 8.77 8.17 7.85 3.23 7.37 5.41 3.82 0.08 3.21 7.58 2.47 3.33 1.53 7.80 6.07 8.06 3.92 0.01 3.09 5.08 8.67 5.98 5.02 9.57 0.29 4.90 9.59 4.58 8.47 4.57 6.70 1.28 5.01 4.18 6.87 2.02 3.29 1.00 5.34 7.58 4.82 4.99 1.24 6.82 9.40 5.09 9.50 1.70 8.81 4.16 1.61 7.06 9.31 3.90 0.69 3.72 5.50 7.17 2.58 3.07 1.21 7.30 5.21 3.72 0.25 9.92 2.95 0.94 7.13 8.25 6.53 3.04 2.74 1.60 1.90 3.65 8.31 8.57 0.67 5.44 7.19 4.06 5.97 6.78 0.31 0.44 6.78 2.94 1.96 7.65 5.06 0.43 6.63 5.01 5.63 6.28 8.04 5.25 8.84 9.56 3.82 8.86 4.17 2.95 4.72 9.53 4.80 7.92 3.84 9.93 3.45 1.60 6.16 3.05 1.65 9.51 4.87 7.76 6.81 7.77 1.27 8.68 8.79 3.21 6.21 9.11 8.42 7.61 8.17 6.00 5.00 8.21 1.06 3.09 4.69 1.61 0.18 5.03 9.89 6.72 0.53 4.77 0.17 7.02 4.83
8.62 6.17 0.68 7.47 3.19 7.24 5.68 0.42 9.07 5.14 4.63 1.00 6.20 6.71 0.50 9.35 8.84 4.29 6.76 5.74 9.63 2.25 6.48 0.40 4.11 7.73 4.09 9.40 7.66 3.82 7.72 8.78 8.88 1.42 3.39 5.99 0.62 2.22 6.01 0.19 9.07 3.04 4.03 7.07 5.07 2.32 5.78 1.93 6.03 4.66 2.42 1.77 1.23 2.31 3.68 5.05 6.19 4.50 5.92 6.61 8.85 5.46 7.71 1.49 4.72 2.01 0.47 2.34 1.77 0.41 0.53 4.34 2.82 5.91 0.66 4.38 1.63 1.78 9.93 9.96 2.72 7.02 6.33 2.95 8.06 9.27 1.92 9.97 3.78 0.77 6.70 5.20 9.32 5.13 9.69 2.14 9.86 9.46 3.57 7.83 8.58 6.78 9.11 2.53 7.05 4.55 7.63 9.64 6.83 1.38 4.50 6.05 9.22 1.40 5.32 0.92 1.04 8.37 4.02 5.51 9.85 9.04 6.59 3.27 0.49 3.54 8.37 5.91 4.22 6.02 3.10 8.24 1.91 3.95 1.63 3.00 7.22 8.88 2.78 5.62 3.86 9.76 3.85 6.88 8.20 8.82 6.62 2.13 5.17 0.70 5.90 8.73 0.62 0.29 6.93 8.77 9.38 5.97 6.86 3.04 3.39 0.86 1.40 5.98 5.99 6.36 3.10 7.08 0.44 8.84 3.59 2.68 7.26 6.55 0.44 9.19 7.58 2.82 1.22 9.54 1.72 3.73 6.59 8.10 2.38 0.46 4.24 5.28 0.95 1.54 9.41 3.66 4.64 9.52 3.87 8.66 0.09 5.74 4.71 0.98
7.18 9.38 2.33 8.62 2.89 1.11 0.12 5.70 7.04 2.82 8.16 3.01 5.11 2.20 8.71 3.54 5.97 4.94 1.96 9.24 9.34 2.62 7.36 0.89 0.80 7.51 3.22 8.14 0.84 2.09 8.89 6.35 2.94 8.15 8.30 6.45 8.05 8.83 7.42 6.71 1.64 8.33 3.19 2.04 3.97 6.85 7.77 4.03 4.25 1.67 3.10 3.75 5.19 0.94 6.13 6.75 4.98 2.00 3.30 2.32 8.01 5.31 6.67 5.55 5.85 0.09 5.01 9.35 0.94 7.64 4.51 1.23 3.59 0.81 2.83 0.49 7.38 2.96 3.35 3.55 4.71 7.65 0.25 7.54 8.75 0.72 9.34 2.36 2.89 7.55 1.68 7.99 0.79 5.64 0.82 9.97 9.18 7.38 7.21 0.05 4.72 6.61 7.71 4.35 4.38 2.73 4.96 2.26 7.16 6.49 3.09 4.33 9.46 4.62 7.20 2.03 8.98 1.97 8.32 9.22 4.06 1.45 3.99 4.27 3.89 3.59 5.12 7.98 5.73 6.22 3.99 0.68 6.17 2.11 6.78 5.16 0.46 0.68 2.49 6.68 2.39 9.88 8.96 5.30 8.83 9.64 4.16 7.11 4.71 9.04 8.60 0.67 7.55 6.28 2.03 4.10 1.62 6.78 5.59 8.32 2.86 7.88 6.61 5.36 9.77 8.28 8.75 3.19 5.86 8.64 9.40 1.48 9.74 5.68 9.33 5.39 0.29 4.29 2.06 3.68 8.80 5.05 8.20 1.35 0.74 2.68 7.29 9.39 4.54 7.80 5.12 3.59 3.48 0.08 9.89 6.59 8.66 2.75 8.25 5.08
1.43 7.83 2.26 4.25 5.18 5.85 0.55 1.72 5.04 1.55 1.13 6.37 3.10 7.28 2.88 3.10 5.22 2.42 1.48 8.74 7.75 2.72 8.99 6.56 2.25 3.47 3.34 5.62 3.97 4.57 2.23 7.11 3.33 5.30 6.29 6.77 6.33 2.20 1.90 5.02 4.31 6.74 6.57 5.10 3.94 3.43 6.47 6.39 8.59 0.23 1.92 0.88 1.43 7.26 6.90 9.52 0.61 6.26 8.39 3.28 8.71 5.30 7.93 6.14 7.85 3.50 1.90 4.02 3.63 7.50 3.92 0.55 6.89 8.63 6.08 1.82 7.24 3.58 4.47 5.50 8.93 3.31 1.83 0.65 0.86 8.07 1.25 4.99 2.33 6.95 4.46 6.17 0.44 5.75 1.96 1.97 4.25 2.65 5.16 3.51 4.79 3.34 4.28 6.63 2.04 2.21 9.67 8.79 8.97 2.99 5.07 1.46 0.22 1.39 7.64 2.58 9.46 5.57 1.08 6.14 4.77 2.97 2.51 4.15 0.20 6.67 3.28 0.06 4.44 7.28 6.35 5.25 2.43 0.58 1.82 7.33 7.00 8.14 9.97 3.72 6.07 3.92 3.49 9.49 3.27 0.44 8.25 4.49 3.24 5.37 5.79 6.03 5.78 6.57 4.72 2.33 5.45 3.27 7.57 4.15 5.22 9.62 0.43 2.61 9.36 9.88 4.09 9.59 0.97 4.83 4.38 0.37 9.83 3.17 0.14 8.31 9.85 9.71 9.72 8.51 1.60 3.32 3.20 7.41 5.03 9.82 4.73 8.24 3.55 6.16 1.87 2.31 9.67 6.66 1.88 3.11 7.19 1.75 3.73 0.01
6.08 6.07 8.15 1.79 6.22 8.78 4.02 5.35 1.41 1.15 8.09 8.88 4.52 1.76 0.17 0.47 0.74 6.70 0.47 2.97 5.87 3.22 4.81 5.11 7.39 3.18 3.08 4.47 3.74 6.95 3.89 0.90 4.10 5.52 0.61 0.82 2.62 3.28 2.66 0.94 4.56 0.32 2.55 5.16 9.22 0.37 3.02 7.70 5.69 7.77 2.35 5.68 2.62 8.39 0.97 1.03 8.34 8.23 6.74 2.51 4.09 4.22 4.58 3.45 2.69 0.00 2.61 0.42 4.43 8.03 7.32 9.23 1.75 1.52 8.96 1.81 3.61 9.58 1.31 6.40 4.55 6.12 6.70 5.13 0.82 0.72 4.38 5.14 7.46 6.83 7.21 9.69 9.50 7.35 8.62 3.35 4.56 5.78 5.94 5.68 9.60 5.38 9.05 4.28 5.91 9.15 1.23 6.79 1.05 0.91 6.85 9.39 7.32 4.92 8.13 0.05 0.30 1.57 3.92 6.60 4.99 8.37 6.42 2.74 1.04 2.13 7.49 3.86 5.42 8.18 1.64 9.85 1.09 4.83 2.69 1.01 6.27 1.05 0.96 1.88 2.62 4.05 5.47 0.25 4.38 0.68 8.22 7.77 2.65 3.36 5.69 7.34 7.16 4.04 1.45 4.13 6.06 9.33 3.39 0.77 8.23 6.31 3.55 4.64 4.49 0.09 1.70 5.55 6.40 0.59 7.91 2.59 0.79 5.22 0.64 0.78 0.39 3.34 4.60 8.74 2.32 4.17 4.84 7.68 8.03 0.68 6.04 4.58 1.38 5.81 9.91 3.90 4.82 5.61 3.70 2.78 1.75 7.97 3.71 0.05
8.94 7.40 3.47 4.66 3.64 0.73 1.80 2.15 0.98 2.18 7.65 3.75 2.73 8.99 9.87 6.85 4.91 3.75 6.73 8.90 3.14 9.51 4.61 7.73 4.00 0.55 4.81 3.89 4.64 9.71 8.10 7.69 8.66 9.89 1.54 5.34 0.29 4.61 2.79 4.76 1.67 8.29 3.44 3.22 9.14 3.81 0.23 7.09 0.44 8.57 7.08 8.76 2.41 3.58 3.98 3.65 4.81 2.20 0.09 0.60 4.82 5.05 3.34 1.67 4.48 4.57 2.21 2.07 8.63 2.18 7.04 6.27 6.15 4.50 7.87 4.57 9.82 7.99 4.47 6.43 2.21 1.12 0.43 8.39 4.41 6.18 3.18 8.67 8.06 1.96 0.09 3.36 6.55 7.42 6.21 7.48 0.46 4.53 0.16 9.39 6.06 6.99 5.74 0.19 0.23 9.35 9.42 0.94 4.12 5.65 0.83 4.68 9.47 2.61 4.00 1.47 2.02 7.61 7.02 6.01 9.13 7.12 2.11 7.63 2.72 5.54 5.31 8.10 1.88 4.03 9.18 0.06 4.14 5.36 4.09 8.88 1.97 4.70 1.25 6.95 1.44 3.10 0.86 2.34 6.21 0.34 6.64 6.41 3.78 1.42 0.75 3.47 2.37 9.74 2.61 4.46 3.62 0.21 6.84 3.27 3.91 0.47 7.60 3.82 2.35 7.18 7.08 6.04 4.88 3.24 9.19 9.56 7.38 9.02 2.16 4.34 1.04 1.43 5.58 4.27 6.88 2.90 6.25 5.34 3.23 2.79 6.37 3.39 0.70 6.76 7.46 0.79 2.76 3.62 7.26 4.45 4.05 8.93 3.72 4.38
0.06 5.06 9.17 1.97 9.43 4.91 6.30 4.27 1.92 7.04 3.74 9.28 4.35 9.23 5.20 7.17 9.79 2.67 0.76 8.44 3.62 1.18 4.91 7.49 5.49 9.03 6.54 8.22 6.99 0.10 6.88 8.10 0.84 4.93 9.05 2.44 1.45 5.84 2.52 0.12 2.90 6.79 1.45 8.82 3.15 0.73 5.12 2.38 7.36 0.85 3.86 7.00 1.06 7.07 7.58 6.02 7.75 1.85 1.99 7.61 2.58 4.10 1.10 2.91 9.40 0.26 2.27 8.54 1.05 2.97 3.55 2.30 6.93 7.00 9.12 2.68 7.34 8.93 7.88 0.11 6.62 0.53 7.42 6.65 5.91 4.96 4.61 4.20 5.75 3.13 0.59 9.07 5.72 3.49 3.30 9.44 0.02 8.89 6.50 6.25 7.56 9.96 1.78 9.38 5.31 4.80 5.64 8.35 0.38 6.72 7.90 0.27 0.99 1.08 2.02 3.94 1.25 6.12 2.99 9.65 3.61 9.32 3.48 4.17 4.98 8.44 2.72 5.83 7.14 5.46 0.86 4.07 3.31 9.11 3.44 3.70 4.74 2.96 7.22 2.20 9.44 7.94 6.75 4.56 3.31 0.68 7.29 7.93 4.32 7.08 7.16 9.05 7.86 9.40 6.76 6.73 4.90 9.58 0.83 1.43 0.19 5.26 9.83 9.28 0.88 0.03 3.99 4.75 7.99 0.14 6.56 1.38 5.70 7.41 2.03 0.06 6.40 9.25 6.40 9.72 2.30 6.55 7.39 3.75 1.62 8.48 0.72 8.21 9.44 1.88 1.65 8.30 1.65 6.54 5.36 6.82 8.04 3.40 6.20 5.26
0.87 3.79 7.80 1.52 2.85 9.96 4.40 1.93 3.46 9.81 4.44 8.68 1.47 4.09 6.53 2.91 8.08 8.32 1.86 6.01 3.19 8.66 1.29 7.01 4.66 5.48 7.09 5.04 7.49 9.37 7.86 5.83 0.05 0.74 4.74 3.60 3.29 2.48 7.70 6.77 7.85 7.46 4.89 5.83 9.40 4.33 7.45 7.83 4.68 9.65 1.71 8.64 7.49 4.27 6.45 6.03 5.47 5.28 7.56 7.73 8.87 5.29 6.59 2.16 7.65 0.38 1.95 9.55 0.96 9.56 5.17 3.56 7.75 6.74 1.36 5.80 3.61 4.97 3.11 9.50 2.17 2.44 7.89 5.07 2.12 9.77 9.56 5.13 6.34 3.54 1.99 7.10 9.23 5.86 6.21 9.15 1.78 9.17 3.28 7.20 5.47 1.68 5.63 5.73 3.32 2.41 8.55 4.59 6.20 2.93 1.28 0.04 9.21 5.47 5.79 0.75 0.53 8.57 0.46 2.80 6.35 1.48 9.30 4.71 2.40 5.22 0.45 5.90 7.24 8.47 7.62 7.60 1.52 6.00 1.69 5.78 2.81 5.55 3.01 8.55 2.56 6.20 0.82 3.72 5.44 2.05 9.80 7.17 6.70 1.86 0.07 8.65 6.95 2.91 0.47 5.97 2.03 4.64 4.20 9.99 5.87 1.93 3.77 2.61 4.81 4.39 6.99 9.69 9.77 0.78 3.48 1.14 2.38 1.57 1.27 5.65 6.95 9.92 9.07 6.46 5.99 1.11 3.70 2.78 2.94 7.11 1.35 9.86 2.68 1.63 5.67 8.72 8.03 4.23 6.93 6.30 6.33 5.95 6.59 2.76
3.25 0.69 2.37 0.02 6.85 6.69 0.97 0.84 8.61 4.20 5.95 6.42 8.47 1.41 3.76 0.93 9.03 4.11 4.46 0.13 9.46 6.56 9.12 0.88 6.03 9.31 2.55 1.60 6.79 3.78 5.96 1.95 0.19 6.34 1.69 9.92 0.80 2.51 1.34 8.76 1.77 5.56 0.83 5.53 1.08 0.22 1.67 6.60 0.01 5.14 7.93 9.36 3.46 5.95 6.85 9.03 8.68 8.39 4.68 9.42 1.87 7.96 0.87 7.10 7.09 8.09 1.26 6.76 1.43 8.33 8.44 1.12 6.51 0.57 0.01 5.04 6.57 4.08 6.19 5.94 0.94 3.61 7.56 6.99 0.42 7.10 8.08 9.85 7.49 6.74 5.74 6.31 6.34 5.20 3.63 7.91 6.18 9.85 6.85 7.76 2.09 0.33 1.04 5.54 0.35 8.58 6.09 7.45 8.79 3.10 4.98 2.33 1.65 6.82 4.89 6.43 4.36 7.63 3.86 5.88 9.92 1.36 3.19 8.45 8.32 2.46 0.02 7.31 3.81 3.53 6.90 9.52 0.31 9.86 9.17 7.06 2.63 6.80 1.80 0.60 2.14 2.22 1.81 6.61 6.54 6.79 8.50 6.22 4.33 0.37 6.28 3.90 3.21 5.96 5.58 7.31 5.63 6.71 4.14 0.49 4.00 9.71 5.35 7.45 2.02 8.74 9.59 7.97 2.23 4.68 3.37 5.32 6.01 9.74 6.64 1.37 9.81 9.44 8.83 5.71 4.18 1.94 8.90 2.02 0.63 7.05 9.38 1.18 8.25 1.86 7.85 8.89 0.91 2.34 3.82 8.30 8.99 8.05 9.32 7.09
8.98 7.67 3.81 9.43 7.03 3.38 0.72 1.08 1.15 3.12 5.31 7.43 1.27 0.07 8.86 8.61 6.39 2.83 8.45 1.66 2.76 0.80 1.28 3.36 4.82 7.74 0.99 6.81 9.33 5.80 4.91 0.80 4.32 9.04 4.92 5.26 6.43 6.15 7.45 2.91 9.80 5.93 8.38 0.59 0.24 3.01 6.11 0.89 6.56 6.05 5.20 8.01 1.61 8.36 1.94 8.79 0.24 2.15 4.85 3.46 8.86 7.22 6.07 1.88 0.67 5.19 5.17 5.88 7.13 1.19 7.60 9.96 0.37 7.92 3.04 1.60 1.29 0.01 2.95 0.12 4.92 6.12 8.08 5.85 1.46 7.96 7.99 0.77 6.56 0.32 4.66 3.17 6.12 7.94 5.28 0.13 6.19 1.04 7.26 9.04 7.13 5.90 6.44 2.56 0.62 2.19 5.26 4.12 0.99 6.39 9.71 4.46 3.79 8.05 7.13 3.60 2.99 9.13 6.21 9.66 7.10 0.61 1.86 4.61 5.44 8.20 8.02 3.75 1.04 5.79 3.56 3.71 0.40 7.71 8.17 9.40 3.62 5.78 8.34 8.54 3.39 7.28 8.43 9.24 7.27 1.82 1.28 7.00 0.76 9.17 4.36 3.58 4.75 2.83 5.48 3.64 1.89 3.06 1.36 8.96 7.92 9.34 7.91 0.40 9.10 8.33 1.42 9.29 0.19 2.31 3.01 3.34 4.32 5.29 7.01 6.47 9.61 2.39 5.05 2.07 1.45 5.76 5.45 9.63 3.48 8.25 8.97 3.69 4.28 4.03 9.15 6.77 4.11 0.06 8.82 3.99 7.54 9.19 3.66 4.33
4.12 4.68 0.57 7.26 3.45 0.77 7.16 9.71 6.32 2.06 0.98 0.36 2.19 2.11 6.27 1.03 6.75 1.49 0.41 5.58 6.73 3.42 7.57 0.33 3.98 6.23 3.53 9.46 2.29 7.06 1.45 7.85 0.20 1.99 6.72 0.19 1.28 3.01 9.19 2.61 5.07 4.97 5.70 7.28 1.26 6.97 3.60 1.18 3.66 4.23 9.05 9.81 1.03 8.99 6.23 7.49 6.14 8.02 1.08 3.70 5.40 9.75 7.34 7.88 4.01 7.08 0.46 8.85 8.40 7.59 4.63 4.67 9.19 6.60 9.12 3.38 6.71 4.03 3.83 5.72 8.30 9.29 3.29 7.74 7.61 8.47 4.53 7.94 2.31 2.52 0.90 1.38 0.90 3.11 1.35 0.21 5.31 0.48 4.69 8.95 9.69 4.10 7.22 5.01 6.80 7.46 7.41 4.41 3.07 3.97 4.83 2.26 4.95 8.66 1.63 6.68 5.21 9.12 8.45 4.71 7.03 5.44 7.63 1.88 9.29 9.52 4.42 1.26 3.17 6.12 8.18 1.64 6.10 8.03 8.61 0.74 7.40 1.22 5.04 9.16 3.62 4.26 5.62 6.60 4.06 8.49 3.04 6.59 5.39 8.26 6.29 3.34 4.02 1.08 2.83 5.93 1.20 0.12 7.84 8.25 2.02 0.19 8.86 3.16 3.58 1.12 8.59 6.02 5.60 7.81 3.36 6.05 9.00 1.40 2.46 8.95 4.39 6.06 5.89 3.28 7.47 8.49 9.00 8.03 5.04 7.42 3.66 2.15 0.64 4.21 5.11 6.30 2.32 4.75 0.26 0.49 5.32 9.09 8.34 1.63
4.02 1.22 4.67 2.86 1.67 2.93 2.73 1.75 7.12 1.12 9.21 3.67 3.51 6.87 6.49 6.98 7.47 0.85 8.79 6.40 5.40 5.65 4.79 5.32 3.86 2.96 1.87 9.68 9.38 2.32 9.14 7.10 1.25 9.56 7.72 1.91 1.08 2.65 9.50 0.47 1.49 9.15 2.42 3.05 6.94 0.69 1.61 9.54 3.89 0.73 6.45 8.01 6.74 1.65 7.14 0.21 8.37 6.34 8.78 5.63 2.76 8.75 2.28 4.94 3.01 2.06 5.58 8.80 7.45 9.63 9.16 0.93 4.42 4.81 8.85 2.97 2.96 6.08 5.04 3.36 1.46 9.11 6.09 2.33 5.77 2.46 3.22 9.41 8.67 9.63 4.88 1.40 2.77 6.45 4.13 1.40 5.18 6.64 4.64 3.77 9.00 6.27 3.36 7.86 5.10 7.40 8.23 3.41 8.98 1.35 9.22 2.77 6.52 6.04 3.24 1.45 6.47 8.10 5.31 3.85 7.15 9.42 1.72 1.38 9.89 2.78 5.81 2.11 3.86 4.19 5.71 5.87 5.69 4.50 3.94 3.94 0.63 0.03 5.28 3.23 0.89 6.90 9.64 1.19 0.54 7.35 9.61 5.90 1.47 7.40 5.35 0.12 3.92 7.83 7.77 0.06 2.79 7.05 4.17 2.59 6.98 5.03 2.61 6.78 2.50 4.44 9.52 0.64 4.83 7.05 3.43 8.12 7.72 0.49 8.70 3.91 6.14 7.70 9.05 3.70 4.49 4.74 8.82 4.67 0.09 9.09 5.31 3.71 6.77 4.58 5.38 4.72 2.95 3.67 1.54 2.97 6.80 4.34 0.62 9.02
6.42 6.76 7.99 1.84 8.92 1.58 6.01 6.74 1.44 0.82 3.86 7.20 5.38 4.09 9.88 4.95 5.85 8.44 8.26 7.56 3.98 2.05 5.08 6.29 0.47 0.88 4.45 0.38 1.75 3.77 7.60 5.33 9.96 9.34 1.91 8.34 1.95 7.79 7.22 5.04 9.63 2.12 4.93 0.23 5.57 0.06 2.44 3.36 0.03 9.01 4.47 1.39 5.63 8.43 5.92 7.10 0.68 4.07 1.63 8.99 7.20 3.57 4.50 0.86 2.82 5.98 4.42 4.91 3.79 4.41 2.46 8.16 0.80 8.80 6.60 0.54 1.88 0.15 2.58 1.77 4.98 2.30 4.21 5.83 3.97 3.96 1.86 8.16 1.71 5.59 7.65 3.74 8.67 1.14 1.69 0.97 5.05 2.95 7.18 3.34 7.01 8.66 2.05 1.44 4.12 1.02 9.52 7.76 5.06 4.94 2.21 6.75 7.64 8.04 7.18 7.28 3.81 5.34 3.01 8.60 0.04 1.64 7.57 0.79 6.97 2.41 0.30 1.74 1.68 0.27 8.06 4.86 6.49 4.70 7.00 8.60 6.23 2.56 1.74 8.74 9.09 2.05 4.18 3.76 2.08 7.97 2.74 3.78 0.36 9.39 0.14 0.10 8.27 9.34 8.25 7.44 3.40 9.89 3.63 9.43 3.63 6.28 5.28 2.37 6.49 1.63 1.79 6.32 5.85 5.30 4.41 1.22 2.71 3.82 4.66 6.13 5.54 6.47 9.28 5.56 0.66 3.14 6.34 3.86 6.92 3.15 9.44 1.77 8.20 3.96 8.70 1.86 2.44 9.82 0.61 1.10 5.86 3.77 3.30 7.39
6.26 8.01 5.97 1.64 9.94 3.00 6.02 6.31 9.07 2.45 9.57 4.03 0.29 6.29 4.19 6.00 8.08 5.48 9.27 1.31 8.82 9.80 7.41 0.95 6.80 3.04 8.67 3.45 3.79 6.90 7.65 5.29 4.16 6.53 5.70 0.81 3.44 5.66 0.01 9.59 5.19 3.99 8.03 3.89 1.01 6.47 7.10 3.83 3.30 3.94 1.36 8.75 0.20 4.47 8.74 0.73 5.97 7.10 0.85 4.66 3.67 3.65 6.71 0.79 5.73 9.95 9.04 5.39 7.97 1.03 5.99 1.15 8.34 9.69 0.56 3.32 0.69 6.91 4.97 2.36 8.54 8.14 2.50 7.86 0.32 4.48 7.76 3.37 5.33 9.84 7.66 2.09 7.40 6.33 0.63 7.12 9.11 3.13 0.17 2.42 4.62 4.82 3.69 5.54 8.80 6.17 8.79 5.76 8.98 2.42 5.83 5.33 3.71 7.46 5.97 7.71 8.34 8.67 5.12 7.92 0.88 4.77 3.10 8.58 6.85 7.88 2.29 5.69 0.83 9.23 4.84 8.53 6.54 3.08 8.64 4.88 8.80 1.98 8.00 9.20 1.84 9.48 1.25 7.47 1.87 0.85 4.56 4.02 6.55 4.91 4.59 1.15 6.07 7.61 6.18 3.45 8.46 4.48 8.59 4.83 2.21 1.86 3.87 2.66 5.70 3.65 1.88 8.01 8.81 1.46 8.14 4.71 9.49 9.82 8.58 2.13 8.27 5.47 5.08 3.91 1.69 7.26 6.13 8.41 4.44 5.71 9.55 1.14 1.75 6.49 2.40 9.87 7.88 2.37 0.43 8.31 1.45 8.74 4.65 6.45
9.16 4.29 4.94 7.93 6.83 3.09 3.63 7.35 0.13 9.30 6.39 0.82 4.97 6.39 6.60 1.18 6.90 6.19 4.14 2.81 0.92 5.27 4.23 3.93 8.34 8.84 4.45 4.52 9.41 8.08 5.70 2.87 1.62 9.22 4.78 2.20 7.86 5.01 7.19 6.95 8.99 5.25 4.57 2.70 6.84 9.33 8.31 1.14 0.31 2.43 6.53 3.50 5.80 9.13 3.68 1.39 7.59 3.84 5.08 9.55 5.11 6.88 9.43 4.94 0.36 2.81 1.44 0.82 9.15 7.77 6.66 0.60 0.94 6.04 9.40 1.64 2.72 1.45 4.54 0.87 9.45 9.15 9.43 9.60 3.46 2.16 4.44 7.55 3.30 3.46 2.36 8.11 1.75 4.26 3.70 2.39 5.07 1.95 7.00 1.47 1.15 0.90 9.66 9.93 8.69 1.62 8.46 0.64 1.03 2.46 9.47 6.88 6.05 5.76 8.68 7.80 3.05 1.26 2.43 1.39 2.88 4.56 0.97 3.29 9.24 2.86 8.82 8.56 0.60 6.33 9.88 2.61 6.98 9.81 4.84 3.79 0.54 1.72 3.06 8.30 5.10 3.43 1.14 5.82 6.72 9.67 8.57 6.20 9.74 1.62 0.29 8.92 8.72 4.64 8.31 9.80 0.57 6.87 5.20 7.96 7.21 5.13 1.18 2.91 8.86 3.89 1.04 2.47 2.62 5.75 1.90 2.30 3.45 6.36 6.55 5.73 6.71 7.18 4.06 7.48 6.20 7.40 3.01 4.34 6.84 9.57 2.14 7.85 5.13 6.43 4.83 4.21 7.27 2.96 8.35 8.39 5.76 8.79 7.81 5.59
6.96 7.72 7.70 5.28 5.05 1.68 5.22 4.78 3.88 0.60 6.51 2.59 3.41 3.97 2.25 1.42 5.18 1.62 7.30 6.53 1.36 6.97 1.39 9.53 2.89 2.83 3.96 7.58 6.82 2.54 2.26 0.46 6.68 7.07 1.22 2.79 9.89 7.53 9.60 7.29 7.60 2.34 2.25 4.06 9.48 8.36 4.24 7.70 6.69 6.92 6.35 4.88 2.55 1.30 0.99 4.32 5.11 4.59 1.72 6.74 8.24 7.93 4.32 3.21 0.16 0.03 4.36 8.58 4.07 0.39 4.27 0.10 2.59 3.38 1.54 1.52 9.37 4.49 6.03 1.39 0.74 6.70 0.09 0.54 5.33 8.57 2.14 0.87 9.93 4.80 1.82 7.60 6.10 4.65 2.54 3.40 0.65 1.83 7.23 5.99 4.91 6.20 5.39 1.04 6.57 5.72 7.02 5.51 2.25 6.64 9.42 1.56 1.92 6.85 6.74 3.93 7.05 1.15 6.44 5.05 8.16 4.63 3.25 0.22 5.98 2.42 7.74 6.78 2.10 8.81 1.93 1.99 2.97 6.87 9.02 6.02 5.16 2.89 1.87 9.16 3.87 4.58 2.40 5.53 4.11 4.05 4.93 5.56 3.36 9.44 8.70 9.25 4.06 1.80 2.32 1.25 0.86 6.16 8.16 0.77 2.28 7.42 7.64 9.96 4.39 3.32 5.04 4.17 3.38 0.30 4.48 9.01 9.19 9.95 6.15 4.48 2.01 9.24 1.51 4.30 0.43 9.05 9.88 5.58 2.60 6.48 9.78 6.69 5.39 3.02 8.43 0.04 8.47 2.97 1.99 9.35 3.29 5.29 6.48 3.04
6.47 7.58 6.94 9.44 8.90 3.25 2.70 8.55 0.63 7.07 2.19 8.65 7.77 7.46 0.79 8.13 0.72 9.37 3.16 9.59 1.36 3.64 6.01 8.82 5.83 4.73 1.14 5.03 2.68 6.00 7.87 5.60 3.14 3.85 2.94 0.66 6.42 5.42 5.66 3.34 9.75 6.22 2.23 2.86 4.29 7.69 9.76 5.94 8.79 2.01 4.49 9.39 0.12 3.44 0.30 5.38 2.15 3.94 9.12 0.82 9.57 4.44 5.18 2.87 1.21 8.37 4.02 3.41 6.71 1.39 2.19 1.42 7.64 4.93 6.79 8.58 6.68 6.03 0.48 8.36 7.54 9.51 7.05 3.61 6.14 7.07 7.46 1.40 1.80 3.54 3.43 2.37 5.22 7.84 5.79 4.85 3.47 3.01 4.93 0.43 1.13 9.29 7.00 2.46 1.08 4.77 0.05 7.52 0.48 9.17 0.42 1.58 8.07 9.32 5.96 4.65 2.79 3.17 9.06 5.46 4.15 8.99 6.21 8.70 7.34 1.43 6.31 9.98 9.90 4.62 5.58 2.62 5.27 5.04 8.57 2.73 2.34 5.24 2.34 3.57 1.74 1.11 5.17 9.38 8.62 8.33 6.38 0.83 3.90 3.77 4.32 7.83 7.46 5.03 6.84 2.35 9.04 4.46 8.06 4.04 3.72 2.44 6.81 1.37 8.58 2.11 1.64 5.03 0.71 6.09 7.53 8.93 4.99 6.96 9.54 0.24 9.83 1.56 8.01 3.74 5.79 1.20 7.53 0.80 4.57 5.59 6.14 0.09 3.66 4.81 3.72 0.55 8.31 7.31 2.92 0.69 2.58 8.29 7.07 6.21
8.87 3.53 9.90 4.97 8.40 4.60 4.43 0.63 4.10 2.88 6.30 3.64 9.33 4.91 3.04 1.74 8.76 6.16 2.73 1.13 6.32 3.01 7.56 1.63 8.68 6.54 9.44 5.10 1.37 2.76 8.61 7.67 3.63 4.23 4.38 6.83 1.41 5.91 5.91 2.89 9.15 4.85 7.46 4.95 2.52 3.91 1.93 8.11 4.89 3.09 4.32 3.56 1.05 4.20 7.92 5.05 3.06 3.38 5.77 7.69 8.60 7.38 7.55 1.68 0.83 9.37 8.40 2.53 2.88 8.48 3.17 0.96 4.53 8.01 7.27 9.45 8.40 8.89 2.32 8.71 5.05 1.30 3.20 3.23 7.27 6.12 6.06 6.25 3.68 6.85 7.38 3.88 8.32 1.60 9.82 6.45 3.01 2.92 9.71 7.42 5.62 4.33 5.78 4.11 4.46 3.35 2.15 4.67 3.53 5.93 9.77 5.97 8.99 7.51 9.28 5.97 9.64 4.73 2.57 6.07 6.59 7.68 1.98 4.22 0.94 8.76 4.10 1.95 1.76 4.48 5.24 8.69 7.44 3.09 0.60 7.73 2.53 0.10 3.52 5.46 9.04 1.73 7.21 3.88 5.89 4.75 6.60 9.91 0.47 4.70 4.71 2.31 6.83 7.61 7.01 5.91 0.55 1.44 8.06 1.02 9.93 8.26 6.54 2.71 9.79 6.40 2.16 6.19 4.19 7.63 6.34 1.39 1.31 3.27 4.04 4.64 9.32 7.57 4.62 6.63 3.84 7.85 0.34 7.80 2.34 4.53 8.37 4.20 3.69 7.32 3.65 9.84 8.70 5.70 9.91 1.22 1.19 0.95 1.83 3.40
3.42 0.18 1.48 7.23 9.79 4.21 3.96 3.43 5.78 0.66 9.72 0.27 2.64 2.24 4.00 5.76 2.45 2.87 9.20 9.85 5.07 9.76 3.35 3.78 0.07 5.32 1.10 1.48 7.03 3.76 9.25 6.27 9.73 9.62 2.08 8.36 5.89 5.30 2.75 4.81 1.39 2.96 7.55 0.79 5.95 5.79 5.65 5.92 6.78 5.98 3.48 6.09 4.27 2.25 3.72 4.23 7.92 7.76 7.08 7.79 0.19 7.76 6.75 7.84 5.74 7.26 1.82 1.15 1.82 9.40 9.39 5.27 6.60 5.52 6.04 1.13 5.96 2.49 5.72 9.91 6.80 0.50 3.00 4.32 8.85 7.28 0.99 7.32 8.88 5.95 5.38 0.16 9.72 3.88 7.19 3.35 6.84 1.93 4.32 2.53 2.47 1.54 2.93 6.15 6.46 4.49 6.57 4.19 3.18 5.94 3.85 2.26 5.80 2.37 7.95 6.03 6.54 5.47 3.11 2.87 7.01 2.08 5.59 1.93 3.77 7.74 0.53 3.36 9.52 8.43 8.38 9.10 3.96 7.52 2.05 0.26 4.60 7.33 3.15 6.69 4.75 0.79 3.92 6.69 8.19 9.88 6.43 8.41 1.92 9.82 4.58 0.63 5.58 1.86 5.65 4.50 3.59 4.92 5.76 3.29 1.13 3.08 0.53 3.10 8.79 7.12 1.94 9.90 2.20 2.45 5.55 5.67 3.45 5.28 5.88 8.98 3.27 5.75 5.08 4.01 9.78 9.52 6.64 3.65 6.31 5.36 5.63 1.55 7.41 9.46 7.27 1.84 7.40 9.27 2.58 5.33 8.02 4.29 1.25 2.57
0.18 2.63 0.50 9.84 5.59 1.33 3.65 6.50 0.30 4.52 0.80 1.58 9.94 4.48 3.16 9.80 9.79 6.09 2.02 8.68 3.86 4.56 4.46 9.09 6.20 5.40 0.22 5.39 8.37 2.81 4.63 2.94 6.09 6.26 1.68 3.22 9.02 3.43 0.16 1.65 8.86 5.39 1.60 9.94 3.57 5.63 6.94 8.80 2.20 5.64 5.16 9.09 5.64 5.86 9.11 6.78 8.85 9.52 5.45 0.86 7.89 4.30 3.91 1.39 9.34 9.66 4.86 8.51 6.20 3.74 9.61 3.85 3.26 1.02 5.02 3.84 4.09 2.23 7.63 5.28 4.51 3.60 2.61 4.57 6.35 4.53 0.42 7.51 8.95 0.19 1.83 4.98 0.59 6.38 7.54 7.32 2.32 9.74 6.55 0.16 1.09 7.06 5.68 8.06 6.83 9.96 9.59 9.96 6.36 0.22 0.68 3.84 9.15 1.45 9.26 7.07 3.79 7.37 6.22 6.75 1.79 4.99 8.07 6.71 9.14 2.85 3.75 8.06 1.24 4.53 1.77 4.06 7.72 7.15 9.36 2.36 4.38 1.42 7.46 0.14 6.73 4.34 1.55 6.46 2.20 0.87 8.99 2.85 8.77 0.09 1.75 7.52 5.58 1.80 6.98 9.24 3.68 9.03 1.49 8.87 0.29 4.65 0.91 0.06 7.25 9.79 1.23 8.72 4.08 0.47 9.52 7.12 8.95 9.30 3.82 1.85 8.22 2.42 3.65 7.45 1.21 8.80 3.90 2.91 5.03 9.81 9.44 6.75 8.61 4.70 5.38 7.58 2.78 5.96 0.90 4.87 9.17 8.04 8.77 0.23
7.97 9.03 0.34 5.98 1.84 4.23 9.78 0.20 4.48 7.90 3.22 0.08 4.79 8.12 3.10 6.50 4.41 3.02 5.15 5.35 7.12 2.93 7.33 5.26 7.68 0.07 0.71 5.17 7.34 9.02 4.15 6.50 6.00 8.68 9.46 7.12 5.72 8.00 1.75 1.82 5.57 1.17 0.96 2.38 0.03 0.97 4.32 1.70 7.36 3.39 8.22 5.80 3.15 2.89 7.80 7.42 8.40 0.94 8.87 1.46 4.00 4.28 8.44 9.10 7.54 3.69 3.83 5.06 2.96 3.26 7.73 2.72 6.23 4.93 0.25 8.84 9.57 0.25 3.54 2.81 6.58 3.95 7.69 5.18 5.59 7.70 4.65 5.32 8.65 0.72 7.92 2.56 5.82 8.05 1.13 9.22 8.62 3.86 9.45 6.29 7.13 2.37 0.96 6.83 1.31 3.20 6.04 1.68 5.73 8.35 6.37 3.79 3.65 9.28 3.31 0.01 4.96 3.75 9.88 2.73 3.14 3.30 5.33 7.40 1.70 0.46 0.30 9.14 7.26 9.23 0.33 0.93 6.29 2.10 1.44 1.94 4.74 0.01 3.61 0.33 1.18 3.75 1.10 8.30 2.17 6.01 6.37 7.83 7.95 5.52 5.06 9.18 8.91 1.15 0.38 3.44 2.93 0.79 3.57 1.54 7.16 3.35 3.34 3.10 7.02 5.79 5.56 0.61 3.10 8.67 1.77 6.32 9.65 4.64 4.41 4.93 8.21 6.88 6.33 7.93 8.33 8.14 5.34 4.82 7.60 8.27 3.06 8.15 6.56 4.84 6.71 2.09 4.04 7.51 2.44 6.24 6.41 1.58 0.60 2.66
9.29 2.24 5.59 2.01 7.60 7.01 4.34 7.74 5.85 4.83 7.09 5.63 5.12 0.97 7.00 4.17 1.30 4.97 7.87 2.60 6.86 4.89 5.47 7.50 8.76 1.41 1.80 9.51 6.14 0.81 2.17 1.68 2.57 7.86 8.34 1.54 5.38 0.93 4.97 2.17 3.50 3.55 1.34 9.68 6.79 3.38 3.24 3.25 5.06 9.63 7.36 4.22 8.80 0.44 3.14 1.63 9.38 5.02 9.18 5.96 4.55 5.89 9.52 6.42 7.14 6.98 1.72 9.54 6.26 0.13 5.93 0.86 4.21 3.09 9.05 7.42 4.82 9.75 3.56 5.48 2.90 7.76 4.78 8.23 2.58 3.34 9.74 1.60 1.37 8.35 6.95 3.51 4.33 5.69 7.54 9.95 9.14 1.77 9.58 2.55 9.39 9.37 1.12 5.85 9.97 8.92 0.19 3.06 8.16 4.24 7.40 2.70 9.90 0.11 9.92 2.80 4.99 1.43 2.22 6.97 8.28 7.16 2.61 4.82 7.01 3.16 9.94 9.17 0.31 4.52 7.30 5.47 1.51 1.72 4.34 9.34 2.95 9.51 7.53 0.85 5.65 9.23 7.14 1.57 3.62 1.08 4.77 3.20 9.81 2.66 1.38 4.57 7.55 7.16 9.12 5.62 5.55 8.46 2.78 8.42 2.73 1.80 8.87 1.45 0.96 7.50 8.12 6.20 8.19 4.94 3.10 1.08 8.83 4.49 3.04 5.38 1.05 6.04 0.76 0.28 0.95 0.43 7.23 2.18 1.37 4.68 1.85 7.93 5.92 6.61 4.75 2.23 3.96 5.67 3.49 9.38 4.00 7.93 9.21 4.69
6.70 7.91 0.57 5.36 6.66 3.73 1.04 0.40 6.03 8.27 3.79 0.94 8.91 7.87 3.62 2.54 5.64 5.01 7.63 7.94 4.17 8.91 3.43 6.14 8.11 8.82 9.95 8.91 1.14 7.87 9.81 4.52 7.90 0.49 2.52 0.90 5.10 2.52 5.52 5.86 6.58 5.33 5.76 5.48 9.02 1.51 9.09 8.62 1.46 2.83 9.32 8.97 3.38 1.82 1.68 4.89 1.93 0.22 4.95 9.57 6.76 9.19 0.38 1.18 1.03 6.69 3.44 6.43 7.03 1.05 0.57 3.53 8.67 4.54 3.19 7.88 5.64 9.96 2.00 9.67 8.98 6.20 4.75 8.79 2.72 5.59 6.92 6.97 0.72 7.07 6.86 2.69 5.77 9.79 2.18 1.35 2.82 4.51 7.02 4.61 6.75 7.17 9.79 9.26 7.23 9.27 6.90 9.58 0.94 6.28 5.22 8.12 7.36 7.50 9.08 3.58 1.41 6.31 2.47 8.12 7.00 7.80 9.33 1.44 4.31 6.80 8.27 2.63 5.60 3.54 7.20 3.06 6.03 6.72 3.24 4.89 3.29 1.18 6.16 8.37 6.19 6.91 9.56 8.72 5.50 3.24 8.31 9.21 7.74 2.39 5.14 6.14 5.32 6.88 9.07 6.35 1.22 0.98 9.15 8.58 1.92 3.64 4.82 9.32 7.23 1.20 0.33 8.81 4.85 3.67 7.88 0.16 8.03 6.13 6.70 1.05 9.02 7.14 7.78 7.13 6.47 7.47 9.47 6.90 6.66 5.50 0.28 3.88 0.18 3.61 1.11 1.20 9.61 7.77 9.52 4.80 8.92 9.24 4.96 9.65
3.96 6.89 2.50 3.10 3.81 0.72 7.58 4.20 6.29 8.91 8.54 6.47 8.32 8.81 1.95 2.57 2.89 4.08 4.68 0.54 6.01 9.83 6.59 3.69 9.61 8.55 1.23 9.02 7.48 0.39 4.28 2.70 7.63 8.16 6.27 3.90 0.88 3.32 2.53 5.82 0.00 4.02 1.30 2.14 9.66 5.50 5.79 3.63 4.24 7.29 4.48 5.93 0.78 9.01 8.48 8.01 0.31 3.74 2.53 1.29 1.98 2.36 0.21 2.49 9.46 1.20 0.54 1.05 5.14 1.89 3.28 0.92 7.77 3.57 7.66 2.10 1.66 4.66 4.00 4.31 1.14 7.10 4.14 0.36 6.81 8.21 1.68 1.74 5.34 4.44 0.98 2.19 3.18 1.22 3.68 9.39 3.74 9.69 7.51 4.70 5.83 5.06 1.92 6.41 8.26 1.55 2.77 8.81 8.37 8.37 8.08 3.15 0.14 5.39 8.83 5.11 2.20 1.39 2.71 6.63 3.67 4.76 8.16 7.63 4.06 2.28 4.09 9.51 8.96 8.43 1.97 0.61 8.09 1.92 8.99 9.22 7.36 2.64 5.53 7.93 3.68 1.18 8.39 2.34 6.47 1.67 2.13 6.57 5.29 5.90 7.57 7.12 2.42 8.78 1.62 0.23 4.84 9.92 4.95 6.87 3.12 9.35 8.59 2.75 0.83 9.18 9.56 6.87 6.21 4.31 0.99 4.96 6.80 6.69 2.41 4.31 9.17 1.56 5.71 9.95 8.91 4.15 6.44 1.96 2.28 2.29 6.18 4.73 6.55 5.71 2.11 7.45 8.12 2.94 8.92 1.36 5.10 1.76 5.54 3.88
6.97 0.44 7.62 1.93 3.42 2.11 9.85 8.43 2.42 0.95 9.98 9.23 5.85 2.85 2.72 2.44 9.88 7.31 0.93 2.33 9.87 2.30 5.80 3.46 9.88 2.17 6.61 4.59 0.55 9.10 3.38 9.16 0.69 6.19 3.38 9.37 3.56 6.78 3.01 6.79 8.25 7.01 2.25 6.94 2.50 5.36 2.23 3.22 4.48 1.46 9.20 4.54 1.94 0.41 7.38 7.50 0.08 7.63 2.29 6.61 2.99 9.90 5.01 4.27 4.73 0.55 4.57 2.42 2.50 9.37 7.20 2.48 8.78 0.86 2.39 0.26 7.78 6.95 3.93 4.09 7.57 6.07 3.38 1.89 3.51 8.05 8.19 5.74 3.56 0.07 6.76 9.72 7.69 7.65 4.26 5.87 2.69 1.81 4.83 6.26 3.38 3.10 0.29 0.06 2.48 1.30 0.85 7.92 7.35 0.23 7.47 4.47 3.03 2.22 1.85 0.44 2.02 0.66 5.13 9.75 6.34 1.62 3.13 1.59 7.58 0.46 7.50 9.78 0.49 0.61 7.35 7.47 6.19 7.62 9.45 5.83 3.64 5.95 4.27 5.86 5.35 8.17 4.06 2.72 9.28 3.91 7.66 5.63 8.07 2.19 4.23 5.00 6.89 1.42 2.55 5.86 6.57 2.32 4.43 9.86 4.23 2.29 8.07 3.75 9.15 1.45 3.92 5.21 9.70 0.76 7.08 6.44 8.05 6.43 7.72 1.53 8.43 0.11 5.10 9.25 9.96 7.64 3.33 8.02 1.24 9.19 9.87 0.18 3.27 9.84 1.66 4.51 3.13 5.71 6.74 5.77 6.08 8.41 9.18 0.59
2.44 8.53 3.32 2.49 6.51 8.20 6.53 8.47 3.19 7.55 7.51 3.87 5.17 9.85 9.68 8.07 1.56 7.32 2.35 1.49 6.61 0.44 5.45 6.86 7.19 7.47 8.32 7.47 7.95 8.96 8.10 6.55 7.64 3.29 4.74 8.65 6.95 2.44 9.89 4.82 0.52 1.67 9.35 7.45 3.22 6.19 4.88 2.00 6.22 5.47 0.05 0.53 7.23 3.59 6.96 2.54 4.62 2.48 1.30 6.12 7.43 5.97 0.01 9.16 1.42 9.90 8.74 9.05 6.48 5.76 0.84 1.80 9.65 6.01 7.63 5.88 5.31 5.26 2.73 9.38 2.66 0.07 0.94 2.91 5.03 6.16 5.35 5.98 6.64 3.92 2.92 9.20 2.25 2.49 8.90 4.62 8.13 1.41 4.67 6.62 5.31 6.87 4.54 1.15 9.32 5.92 3.50 4.04 6.69 2.59 4.38 1.89 7.64 6.46 9.26 3.08 0.25 5.72 7.54 1.61 2.82 5.38 2.73 2.59 8.59 0.10 4.37 1.38 3.00 8.23 9.94 5.20 1.30 0.33 3.43 7.23 1.23 4.99 4.09 8.82 4.17 8.70 2.80 7.30 1.59 3.20 3.38 7.45 0.38 5.71 5.11 7.04 2.52 4.93 0.13 3.48 1.45 4.23 0.85 0.64 7.76 1.27 6.43 7.10 9.00 3.54 8.35 6.02 0.93 3.61 9.36 2.24 8.66 7.11 7.40 8.18 7.51 2.09 2.31 2.95 6.38 6.60 6.69 1.98 4.42 7.28 6.74 1.50 7.29 6.76 5.74 0.90 1.14 6.40 3.15 8.66 8.90 2.36 9.74 7.92
3.60 7.62 4.55 6.18 8.81 0.38 1.27 7.04 0.45 1.85 7.39 0.55 0.93 2.74 0.01 8.44 8.51 1.08 6.17 8.91 7.49 7.54 9.56 1.53 8.18 1.40 3.31 6.37 4.38 6.49 1.70 5.42 1.25 5.17 3.14 7.46 6.29 6.63 6.39 6.17 3.36 2.39 0.58 0.37 4.09 6.18 2.15 8.33 3.17 1.08 5.38 5.82 5.47 1.49 1.16 1.92 1.83 0.63 2.08 1.90 1.94 4.31 7.29 0.99 6.20 2.85 7.58 7.61 5.65 7.75 9.39 1.96 9.06 5.47 9.00 4.12 3.95 5.71 4.59 7.62 2.02 7.28 5.20 2.27 7.13 4.61 4.44 9.95 7.80 2.55 5.04 8.09 3.75 9.77 2.25 1.92 1.94 7.52 9.29 1.37 3.56 5.79 4.77 9.15 5.55 6.70 9.61 6.92 7.96 4.16 3.30 5.87 1.15 8.76 2.45 3.84 2.95 4.77 4.01 4.39 3.81 7.28 9.37 5.22 7.67 0.34 9.55 9.95 3.15 1.47 1.44 0.57 1.12 9.46 8.85 3.54 6.12 1.73 9.12 9.79 7.55 2.24 5.23 4.13 3.33 0.83 8.62 3.10 4.12 2.91 4.00 5.19 6.89 6.25 4.02 1.85 3.99 9.63 9.12 7.79 1.83 6.73 0.30 8.51 3.89 3.49 9.88 1.01 6.77 1.11 7.28 8.98 1.21 3.16 3.00 5.39 1.65 8.58 3.38 6.17 3.90 1.24 5.57 2.14 3.98 1.63 9.89 3.22 4.82 8.98 0.79 4.13 0.58 2.64 0.94 8.34 4.80 2.96 2.29 1.93
5.52 9.33 3.64 5.15 7.47 7.08 0.23 1.88 7.91 5.32 2.49 1.66 8.94 8.34 1.17 5.66 9.27 1.72 1.59 0.50 4.10 1.94 9.75 3.09 1.13 2.64 3.81 8.31 4.01 3.34 8.82 3.49 7.68 3.50 5.77 1.94 1.18 5.55 8.45 2.50 9.83 3.08 5.05 5.87 4.07 1.14 5.24 4.66 9.59 1.69 9.52 9.52 6.09 2.12 7.24 8.57 9.78 3.09 2.06 1.13 8.52 3.85 4.90 9.29 0.28 1.76 1.81 1.49 5.53 5.24 5.77 1.44 9.35 0.87 1.21 9.28 0.38 7.98 6.32 5.53 9.31 7.76 7.33 0.74 3.37 0.42 4.52 8.70 9.03 7.24 8.57 8.78 5.93 5.35 9.32 2.08 4.92 5.71 9.77 4.49 4.20 3.77 9.86 1.05 0.13 4.16 6.21 4.84 6.68 8.39 0.32 5.62 9.30 2.09 3.04 3.44 5.09 3.57 0.65 5.55 2.26 4.47 6.63 2.52 3.04 3.79 3.94 8.70 8.03 9.55 6.10 0.05 8.68 3.97 2.58 1.05 2.81 1.21 4.17 3.71 3.51 3.28 4.26 8.75 0.39 3.75 3.95 1.99 6.86 9.62 6.68 3.68 5.94 8.62 2.86 2.98 7.74 7.33 4.51 7.28 2.56 7.24 3.17 6.68 1.90 9.57 0.96 6.53 2.49 1.15 6.19 0.61 6.97 3.22 9.64 7.00 3.44 6.37 2.34 3.62 8.59 9.82 4.01 6.70 9.42 2.31 2.07 2.97 8.39 4.75 2.02 4.00 9.82 9.78 2.63 4.79 4.93 7.98 2.61 0.17
1.69 5.85 7.27 1.59 8.26 6.44 5.72 0.59 7.45 5.75 5.45 4.60 7.48 2.48 5.37 7.93 7.28 5.37 6.62 1.63 9.03 1.92 7.81 1.63 0.56 5.76 1.52 8.25 0.34 3.07 0.58 5.59 2.92 1.44 8.74 7.57 4.78 2.93 9.46 5.86 4.74 5.39 9.83 8.54 8.15 8.22 7.04 2.92 4.00 4.31 5.33 2.72 7.81 5.76 6.61 0.28 8.91 6.63 2.86 2.46 7.92 8.89 0.86 9.49 9.14 6.43 8.03 8.29 7.19 0.09 2.75 8.41 5.88 3.89 1.79 0.99 4.23 5.81 0.91 3.26 7.65 0.27 1.53 9.40 4.78 7.43 1.62 1.65 9.30 6.55 0.29 5.22 9.53 3.39 0.27 2.48 7.30 9.97 6.15 0.98 0.17 0.67 0.79 0.63 1.69 5.16 0.99 6.84 5.28 5.19 9.51 3.99 0.48 2.50 2.53 1.12 7.89 2.99 9.77 0.10 8.53 7.47 6.03 2.58 9.07 9.88 7.86 9.45 7.40 8.07 2.97 6.27 4.42 8.92 7.43 9.33 9.10 2.61 1.88 0.15 0.04 8.17 6.77 6.66 7.24 7.10 8.19 0.65 4.66 6.52 2.14 8.55 3.24 6.60 6.01 4.94 7.67 8.70 1.03 3.63 9.42 4.38 5.08 9.70 1.85 8.34 6.95 7.51 7.36 7.98 9.49 3.24 7.24 6.59 0.67 8.10 7.75 3.29 2.47 9.65 3.00 7.50 9.87 3.95 9.61 8.69 6.37 1.63 2.13 9.07 4.42 1.28 2.23 8.66 2.58 4.35 1.17 3.83 3.20 9.70
9.20 5.55 2.01 2.01 3.88 2.41 2.38 5.22 4.08 5.03 5.45 0.96 4.13 6.50 3.50 3.15 4.71 6.86 7.16 9.92 5.94 2.64 5.35 4.61 3.38 3.98 6.90 8.07 8.82 4.57 6.32 6.46 1.03 0.30 9.91 9.00 3.97 4.68 7.24 7.72 8.97 5.94 3.32 9.82 5.90 4.33 7.80 1.80 8.34 9.81 1.69 1.12 4.30 4.58 9.39 2.64 9.60 5.85 4.80 1.52 1.79 0.74 1.20 3.19 0.32 3.49 9.41 7.14 4.10 0.06 9.68 6.77 7.48 0.71 9.62 1.02 4.67 3.84 7.10 3.47 7.24 5.63 6.85 4.92 8.51 0.70 1.88 0.55 6.46 6.25 4.78 3.75 9.72 9.12 5.17 6.35 3.39 1.01 7.81 7.08 6.84 7.90 4.97 4.67 6.41 5.73 6.07 5.96 0.04 7.75 9.38 9.97 6.95 6.99 4.99 2.09 3.96 9.89 3.59 8.97 4.63 4.46 4.44 5.04 0.97 7.85 5.61 5.98 7.69 8.16 0.62 0.14 7.99 1.97 9.84 7.51 9.84 8.49 4.66 8.90 2.63 9.97 9.57 2.95 7.88 7.37 3.84 9.61 5.21 9.58 8.71 0.87 4.69 5.57 4.23 4.65 0.08 1.15 6.64 9.55 1.46 0.53 8.12 9.27 7.56 8.33 9.16 1.02 9.71 6.48 7.78 4.72 5.87 3.53 0.88 8.65 4.47 9.98 2.34 4.16 4.21 7.42 3.65 0.22 0.02 1.05 7.10 3.05 4.43 5.23 3.64 6.40 7.15 5.66 1.79 4.00 4.19 7.13 1.94 1.56
0.19 8.05 0.40 3.31 0.00 4.91 2.60 0.06 0.36 7.76 8.26 6.11 0.22 7.04 3.83 8.49 9.34 7.36 7.14 5.05 0.59 2.24 5.58 6.25 8.68 8.07 4.75 3.82 4.76 6.51 7.51 8.05 2.09 9.37 0.40 7.02 3.80 7.61 1.64 4.78 1.47 9.60 0.54 9.15 7.19 7.28 6.91 6.92 2.00 2.85 1.19 1.70 2.55 8.87 8.25 8.45 0.87 1.21 2.00 3.20 1.18 4.54 3.04 0.82 8.86 0.47 6.92 1.30 8.17 5.78 7.71 9.78 5.35 0.75 5.07 5.71 7.58 0.67 6.35 6.91 5.99 7.66 6.13 1.02 5.32 5.01 6.97 9.04 2.28 3.29 8.19 3.56 1.17 3.04 1.23 2.77 7.97 0.39 9.64 7.90 1.75 0.14 8.92 8.33 1.30 1.93 9.06 1.01 5.92 4.40 6.04 7.18 1.46 2.42 1.77 0.87 4.63 8.34 9.62 2.55 7.43 5.61 0.87 5.59 8.39 0.65 8.09 6.64 1.77 8.03 8.93 8.68 7.39 8.09 3.69 8.48 4.15 0.81 1.58 6.35 1.35 7.81 4.22 7.46 8.19 0.38 0.67 6.10 5.05 8.54 8.79 2.03 8.02 8.92 5.06 2.03 0.32 1.61 3.86 3.67 9.34 2.82 3.82 7.19 0.35 3.54 4.59 6.27 4.55 3.82 3.87 7.78 4.18 6.39 4.08 0.29 4.03 2.70 7.58 7.46 0.49 0.56 8.52 0.96 9.41 2.79 7.23 5.52 8.67 6.88 1.22 1.42 1.72 5.23 8.26 9.58 6.89 9.33 4.57 1.43
9.21 8.73 8.08 5.35 1.75 7.47 9.10 4.26 4.77 0.41 9.59 1.01 1.50 7.60 1.37 2.69 2.10 0.70 9.52 8.98 6.60 9.06 9.95 0.85 0.99 3.93 7.03 8.76 8.77 4.12 1.03 3.92 7.21 1.52 6.38 1.52 0.89 6.54 1.99 3.37 8.13 7.15 2.28 4.49 8.84 4.39 2.73 2.08 2.88 1.74 8.02 3.14 0.43 4.07 9.66 4.90 2.69 9.93 5.31 4.47 8.15 9.21 8.70 1.11 9.61 7.19 2.61 0.98 1.63 1.91 5.77 6.51 3.44 0.13 9.57 4.89 2.84 6.37 5.07 3.50 4.88 4.90 8.24 8.41 1.24 3.85 8.77 8.01 2.66 6.98 8.58 6.88 7.20 7.90 8.29 0.65 2.46 7.53 5.74 8.50 7.18 8.45 9.96 2.44 7.67 1.51 7.45 3.12 7.03 0.57 3.55 5.07 9.73 8.56 1.69 3.68 4.82 2.41 8.08 0.62 6.76 7.16 4.03 2.77 1.24 8.99 9.88 8.05 3.58 4.70 9.09 2.09 5.69 8.61 1.92 0.02 6.28 1.06 8.76 9.19 9.40 5.84 3.42 2.79 0.02 2.16 2.74 4.23 2.99 6.39 3.70 4.34 7.54 0.90 7.63 3.59 8.81 1.88 2.62 4.47 1.61 0.39 0.58 0.39 5.01 6.96 2.48 2.06 1.45 7.92 8.13 4.57 4.97 6.95 7.13 0.66 3.16 9.98 2.08 9.55 2.62 7.65 0.71 8.43 7.55 2.94 4.49 1.20 4.85 1.01 0.56 2.79 2.77 2.80 0.07 8.88 5.14 4.41 6.17 4.86
3.25 0.43 6.72 7.54 1.81 1.10 4.53 0.77 0.01 9.54 0.76 9.48 5.40 4.32 1.11 0.22 5.99 1.05 3.98 2.27 7.63 1.04 2.47 4.72 0.81 5.83 9.70 4.50 1.40 8.77 6.64 4.77 5.10 0.49 9.74 2.79 9.71 5.00 0.95 2.23 9.22 2.49 8.64 5.96 2.49 5.51 8.76 2.01 8.28 7.70 3.73 3.54 3.81 6.40 9.96 9.97 8.52 9.96 2.62 2.02 2.19 5.36 2.46 3.24 8.71 8.72 0.67 4.76 4.80 3.94 7.58 7.05 2.34 7.40 2.66 0.45 6.00 0.30 8.44 4.41 8.47 5.67 0.31 8.94 3.50 8.00 8.43 8.05 9.35 1.38 6.63 9.18 0.35 6.24 6.59 5.26 2.89 1.95 0.12 9.53 4.05 9.15 1.48 2.32 8.12 7.69 1.66 6.06 3.97 3.47 7.30 0.67 5.46 3.43 5.09 0.24 2.24 6.65 0.40 9.35 9.27 8.38 6.73 8.53 9.17 7.42 5.19 2.12 9.71 7.32 8.09 8.55 1.61 3.70 7.27 4.92 3.64 4.80 0.36 0.66 9.58 8.53 7.31 4.39 7.00 3.77 8.21 7.13 6.31 8.68 3.70 3.65 0.42 5.91 4.22 9.10 6.05 2.67 4.79 3.50 9.15 0.51 6.63 8.52 2.70 7.02 6.72 9.94 2.47 1.37 2.34 8.17 2.84 2.70 7.20 2.42 4.45 5.07 3.75 0.70 2.01 5.60 7.18 2.49 4.59 2.08 7.54 9.65 6.24 0.50 6.28 7.61 1.69 3.26 3.13 2.46 9.27 5.89 7.54 5.69
7.93 6.73 7.88 3.46 5.24 8.78 0.95 9.64 0.45 2.34 2.48 8.93 7.23 1.13 6.82 8.14 0.10 9.63 7.63 4.66 4.44 6.99 8.71 8.06 9.19 5.04 7.48 7.84 9.18 7.51 5.82 6.48 5.66 2.34 5.57 1.50 6.48 2.92 0.45 9.49 2.97 0.78 3.12 4.62 8.46 6.86 7.91 7.64 0.78 4.18 6.84 2.44 3.49 1.50 3.65 2.18 2.62 2.10 4.87 7.79 4.92 3.76 4.98 0.40 4.06 1.09 9.30 3.66 5.17 9.53 8.36 2.55 6.66 1.00 9.44 5.82 2.45 8.88 1.70 0.99 4.68 9.40 8.87 5.33 2.12 1.68 4.31 9.33 5.53 8.21 9.07 1.18 4.38 3.49 1.91 5.81 5.05 9.46 7.83 6.35 0.56 7.45 8.56 4.53 2.89 4.18 4.35 5.90 7.10 7.81 3.15 4.10 5.29 5.44 9.21 4.62 5.28 6.36 0.19 7.34 1.38 2.59 3.60 3.40 4.23 2.93 2.54 1.45 1.23 7.98 0.47 3.47 3.68 6.48 1.05 7.93 6.46 4.67 0.68 9.02 0.57 7.43 7.60 5.00 3.95 2.88 6.27 7.43 3.51 1.23 5.80 3.34 6.46 0.70 9.57 5.82 9.41 9.23 9.28 9.39 0.85 9.27 6.66 9.05 1.31 6.28 6.22 3.91 3.70 8.91 6.99 7.92 1.90 6.04 3.00 5.96 0.74 9.31 9.60 2.97 2.43 2.88 7.75 9.16 0.61 6.22 4.51 0.77 6.52 0.30 5.41 8.33 3.64 3.21 4.59 5.48 2.54 6.90 2.59 3.33
9.55 3.33 4.27 2.01 4.15 7.05 7.72 3.21 1.83 2.19 5.26 9.38 1.38 0.19 2.22 9.09 3.46 8.35 2.70 7.11 4.47 8.31 2.05 0.59 7.43 8.69 5.26 6.20 0.53 4.97 2.77 4.47 8.61 1.88 8.31 1.66 7.09 7.34 5.70 4.85 2.39 1.06 9.35 7.08 2.14 4.76 6.60 5.30 1.53 9.85 1.66 9.65 3.18 0.12 4.09 8.36 9.81 3.74 2.02 1.65 3.94 5.77 5.00 4.24 5.30 6.15 4.10 2.67 3.49 8.16 3.13 5.01 8.52 6.60 2.53 6.79 9.99 4.14 1.68 8.36 7.67 6.70 5.25 9.54 2.95 2.35 8.82 2.72 1.29 4.93 9.82 2.05 9.22 3.78 6.83 6.43 3.31 6.90 4.35 7.95 3.07 1.26 6.82 0.75 2.60 0.97 0.83 2.65 5.20 8.84 9.07 4.40 4.98 7.57 2.70 2.47 2.69 5.19 3.20 3.35 9.08 8.07 5.85 2.61 2.99 4.92 4.26 6.30 1.84 2.66 1.09 1.37 4.52 2.93 5.07 4.27 4.48 6.25 3.05 8.26 9.74 5.36 0.48 9.37 7.68 9.03 7.54 8.73 5.72 4.15 6.35 6.78 0.29 8.87 4.88 8.14 0.01 2.24 0.29 0.68 0.10 4.78 8.96 4.65 7.59 0.11 3.29 5.10 1.53 8.18 6.74 7.74 5.67 8.72 1.48 6.62 5.61 0.98 7.56 1.43 2.66 4.34 1.16 3.02 0.85 7.34 6.20 0.44 8.29 9.72 1.39 8.80 7.77 2.11 9.05 2.28 7.43 1.02 5.38 9.71
2.90 2.40 5.58 4.44 7.54 2.73 1.83 7.80 5.82 9.27 7.81 9.93 1.25 6.58 1.35 8.01 7.50 6.36 4.93 0.44 1.81 7.42 0.53 1.82 7.87 6.00 2.37 0.68 7.22 0.31 9.41 8.79 9.17 8.85 3.97 0.31 2.54 4.20 3.54 6.20 4.26 7.20 9.78 7.74 9.98 4.27 6.57 0.42 0.47 3.14 2.59 0.36 1.26 3.47 3.97 8.22 4.27 6.87 6.99 2.60 2.92 1.44 9.57 0.46 6.71 1.08 8.97 5.93 2.12 9.04 6.15 6.14 0.32 1.67 7.89 1.08 2.96 8.45 4.10 1.52 5.88 5.86 6.44 8.82 8.43 6.79 9.32 8.82 2.65 4.52 0.23 3.39 2.81 0.86 4.95 8.82 0.47 5.93 6.59 0.18 5.85 4.10 1.65 2.78 7.26 6.55 6.44 0.21 7.63 6.97 3.63 6.80 8.60 6.93 9.67 4.73 2.68 9.72 1.80 2.43 7.80 7.50 2.51 4.08 2.26 0.15 7.41 9.15 4.95 1.82 3.26 5.00 6.05 2.59 2.99 4.61 4.67 5.66 7.29 6.64 4.94 5.13 2.36 5.46 4.19 5.59 7.21 9.94 4.96 6.28 8.90 3.31 0.76 8.45 3.95 6.13 0.51 0.19 9.40 4.47 1.28 6.37 1.94 2.36 4.88 3.75 3.70 9.51 0.63 5.08 3.59 7.27 4.51 3.97 7.87 3.83 5.72 5.51 8.29 7.43 4.29 5.13 8.76 6.17 4.03 9.41 1.59 4.25 7.21 7.43 7.41 7.71 6.82 2.15 0.51 9.01 6.89 5.89 2.79 2.83
6.50 0.31 9.52 2.60 2.53 1.71 4.52 0.04 5.15 9.36 6.60 0.96 7.61 4.41 3.62 2.64 2.52 1.73 4.34 4.18 3.65 9.05 5.64 0.85 0.80 5.06 2.99 7.12 9.06 4.30 9.94 2.18 9.52 8.98 9.13 7.22 1.46 5.45 3.16 6.55 3.48 7.19 3.16 7.68 2.05 6.66 3.81 5.12 7.20 0.00 1.04 6.89 7.89 4.38 9.84 1.85 7.18 6.91 7.72 1.34 2.20 0.68 6.03 4.28 4.10 5.83 8.44 3.47 8.92 5.69 8.99 6.61 9.07 5.55 1.54 4.78 3.40 5.30 8.42 1.70 5.11 7.91 1.65 3.52 8.96 9.10 0.05 5.08 8.97 4.84 6.00 2.40 6.93 4.85 0.51 0.58 5.39 3.78 0.17 7.37 6.14 0.94 7.44 5.67 3.68 5.92 6.52 0.11 8.95 8.90 4.59 3.76 4.75 8.68 2.07 6.81 0.99 8.69 3.12 4.26 5.25 2.15 4.37 4.15 2.15 1.38 3.89 5.15 1.73 8.01 7.09 3.23 8.11 3.52 1.86 3.72 2.30 3.41 1.69 5.14 7.22 8.60 7.67 8.85 7.43 7.72 7.13 2.40 0.90 9.67 4.75 8.67 4.50 5.83 7.31 4.98 1.67 6.93 3.72 0.66 7.13 1.27 7.72 6.98 2.35 3.92 5.86 1.15 4.46 6.30 7.50 3.03 3.08 0.67 4.65 7.90 1.48 1.07 1.10 1.36 4.14 8.27 2.86 3.74 2.23 7.93 5.83 2.95 8.00 7.58 0.32 9.73 1.04 3.01 1.03 3.48 7.93 5.73 7.12 5.26
2.62 7.17 2.32 1.18 3.50 3.35 6.56 4.78 0.42 4.13 6.99 1.95 5.17 8.40 6.88 0.03 1.43 4.34 4.49 4.61 2.45 9.47 7.26 0.70 2.68 7.02 4.13 2.17 6.69 3.53 9.61 8.56 4.72 6.50 6.70 0.76 0.04 1.27 0.37 3.60 7.95 2.56 3.14 7.69 2.45 4.10 6.03 3.09 8.48 3.64 0.74 3.95 1.51 2.27 2.81 3.05 9.31 1.80 0.63 6.09 7.97 9.35 0.93 9.41 9.49 6.99 4.94 0.78 2.38 8.25 9.25 6.86 8.04 5.88 3.11 3.82 5.33 4.13 4.08 1.60 6.84 5.29 0.36 7.45 3.96 6.63 7.81 6.19 4.16 6.58 1.47 8.16 7.52 8.57 3.46 6.27 6.19 8.39 9.30 1.25 3.37 4.60 8.01 3.48 4.02 8.12 5.29 5.37 6.22 7.92 6.78 8.98 1.56 0.39 7.81 5.52 6.32 1.57 5.50 5.87 0.18 2.79 8.39 6.92 6.24 8.36 8.65 9.81 2.40 3.10 4.08 3.51 6.71 3.51 7.81 2.92 3.36 4.31 6.62 4.63 8.20 8.48 6.79 7.27 7.73 0.90 7.88 0.23 3.13 3.37 8.12 5.92 5.38 6.65 1.72 3.54 4.75 7.00 1.36 6.09 0.35 9.43 1.51 0.66 2.55 7.61 9.40 6.88 4.47 7.46 8.65 0.20 4.69 5.96 8.38 5.63 0.93 2.03 5.48 9.78 9.24 3.39 8.15 0.09 8.73 0.11 7.01 9.46 0.55 5.60 5.88 6.55 7.01 9.81 0.43 6.68 0.11 3.31 1.48 2.29
3.21 7.09 0.60 8.50 7.37 9.39 2.63 7.73 0.06 3.89 7.06 3.11 3.41 4.96 0.61 5.57 6.28 4.58 6.42 1.83 8.32 9.40 9.66 1.64 5.40 1.54 4.91 3.15 3.67 1.45 1.79 1.27 0.00 9.54 7.69 1.27 6.00 0.33 4.52 7.03 0.78 7.23 0.81 2.37 7.57 5.37 4.51 6.55 8.74 7.35 3.15 8.55 1.94 8.81 1.76 4.26 5.16 8.34 8.12 7.34 2.93 7.74 3.37 4.50 3.90 6.73 2.70 1.57 9.17 0.60 6.93 7.20 9.86 2.83 4.26 9.88 3.62 3.86 6.97 9.24 4.29 2.46 4.21 8.72 0.46 4.19 0.75 9.51 5.50 7.22 7.86 0.93 5.79 9.08 6.01 0.87 6.07 5.39 6.03 5.50 2.79 0.61 5.36 0.06 8.12 7.44 3.52 7.54 1.30 2.69 7.18 1.81 6.07 1.33 6.60 3.39 7.48 9.93 8.29 4.40 0.42 3.22 5.84 1.47 2.38 3.34 0.05 7.21 2.84 4.62 8.59 0.96 6.01 0.51 0.94 7.07 6.03 2.01 8.41 6.23 0.24 2.72 3.33 7.13 2.06 3.56 9.48 6.08 7.15 1.06 9.30 1.48 7.93 1.41 1.06 2.63 3.04 1.35 7.01 5.15 9.05 9.35 1.07 2.30 3.51 9.71 5.79 5.05 7.52 2.61 9.67 7.19 1.65 0.76 2.99 1.24 3.40 3.81 5.74 1.69 1.53 8.24 3.24 4.69 5.68 4.65 6.94 6.25 9.47 4.32 6.87 5.30 2.12 9.38 2.02 6.25 8.85 5.78 5.46 5.48
9.09 1.08 5.04 0.13 1.29 3.81 1.01 5.95 4.34 7.34 0.35 3.52 8.75 1.00 9.79 7.22 2.83 5.21 4.96 5.53 9.50 5.91 9.95 6.43 6.78 0.27 5.96 0.84 7.40 8.32 9.15 4.86 7.40 5.05 4.20 0.88 4.00 2.64 5.51 6.70 9.94 5.57 5.97 4.75 0.22 5.41 3.27 1.59 0.87 0.14 0.10 1.68 1.04 7.68 4.49 7.51 0.77 8.30 3.72 7.93 5.44 4.13 3.19 7.88 1.94 6.14 3.34 2.44 7.17 3.22 0.09 8.97 9.18 5.94 6.38 9.43 0.76 6.09 5.75 7.34 6.09 9.36 3.38 4.67 1.03 4.56 6.51 5.03 4.19 3.56 0.32 5.79 2.88 0.82 8.37 8.58 2.76 7.87 3.77 0.52 4.77 0.19 4.27 9.33 1.15 6.46 7.83 0.84 2.27 8.99 7.07 5.85 1.50 7.18 6.17 4.95 1.01 3.63 2.49 6.18 2.84 9.48 4.34 2.72 0.29 2.54 2.13 2.39 1.01 6.34 8.17 9.55 4.61 2.31 1.91 9.14 8.85 9.11 5.62 9.11 2.06 0.29 6.40 5.09 0.71 0.73 2.31 3.65 6.28 1.95 3.44 8.25 5.82 9.12 4.72 4.63 5.98 6.33 2.60 4.12 4.53 1.33 6.69 2.68 7.86 6.74 3.99 4.93 1.16 3.56 2.17 1.96 7.94 5.88 6.36 4.00 9.00 0.51 4.22 0.38 8.27 6.28 9.89 3.66 2.69 2.62 6.02 2.85 0.98 4.42 3.33 0.48 1.51 7.30 2.23 8.65 9.09 3.52 6.85 1.11
6.76 1.42 3.04 7.57 5.64 3.69 7.51 2.06 8.49 3.81 3.03 4.28 2.42 2.59 4.08 7.77 7.77 9.64 9.30 7.55 8.88 9.80 3.61 7.31 4.51 4.14 5.55 6.04 4.17 6.47 5.52 0.21 3.44 8.13 8.18 8.49 3.29 2.82 6.96 5.41 9.76 9.74 7.31 2.86 3.60 2.94 9.26 8.55 0.81 7.58 7.02 6.15 7.36 9.50 8.51 3.70 0.31 4.84 1.69 3.90 5.60 0.10 4.37 8.36 6.51 7.70 0.51 7.67 9.15 7.57 9.27 3.31 0.21 7.17 1.75 2.26 0.08 2.95 8.56 9.71 0.87 7.87 0.80 0.08 8.32 0.18 0.56 6.01 3.72 6.21 1.64 5.63 4.05 6.56 9.13 1.30 4.70 0.02 3.15 1.61 6.63 3.18 7.22 9.23 4.09 8.41 6.67 6.02 4.17 8.35 0.88 4.73 5.26 5.58 3.75 6.21 4.33 6.01 2.22 9.24 1.45 1.35 1.37 0.59 9.49 7.40 4.06 6.76 4.05 6.15 3.23 7.15 3.24 3.60 4.28 8.08 2.98 0.34 7.25 2.36 6.63 5.21 9.60 1.32 8.41 0.54 6.29 1.67 5.83 7.45 5.71 9.79 5.16 0.35 6.84 1.87 5.27 4.03 1.47 9.08 7.54 4.24 9.08 2.89 2.88 3.41 1.55 6.75 0.80 3.10 9.52 0.48 0.86 0.97 1.15 0.11 3.68 5.93 8.05 2.41 4.71 9.84 1.82 9.18 2.85 9.63 1.46 8.02 3.94 6.38 9.89 1.66 3.52 1.81 2.44 8.18 0.51 5.60 8.09 3.68
2.94 8.45 8.88 3.87 0.95 4.72 1.75 2.06 9.57 4.64 3.55 9.23 2.01 6.49 2.67 9.29 8.58 6.29 4.61 9.57 0.24 1.05 6.72 0.30 1.30 0.32 1.99 3.42 5.26 9.35 4.62 3.94 8.56 5.99 1.66 8.88 3.06 9.27 1.51 9.11 6.04 3.97 2.75 3.78 2.82 5.76 8.25 9.41 6.94 3.72 1.72 8.76 3.80 8.63 1.05 5.42 2.57 1.10 5.68 1.89 6.84 7.41 2.89 7.58 7.53 9.02 5.66 8.11 8.22 8.87 4.44 0.84 3.88 0.35 9.53 6.10 6.21 0.14 4.91 7.06 2.51 4.62 6.37 4.16 6.19 9.02 7.68 6.54 7.38 3.14 7.46 9.65 8.01 2.83 6.49 4.75 8.82 8.44 2.44 0.34 0.90 6.37 5.36 6.11 8.88 3.07 2.03 8.42 8.23 6.33 5.14 5.07 6.31 6.10 3.33 9.61 1.23 3.89 10.00 6.79 6.90 7.35 9.11 0.26 7.18 0.05 0.25 2.71 3.03 5.53 9.82 8.37 8.03 8.85 8.33 3.90 9.51 0.32 3.39 6.93 5.85 8.46 8.13 8.63 8.33 4.24 2.34 2.11 3.38 8.50 5.55 8.53 0.34 5.46 6.52 1.81 9.68 9.35 1.99 4.51 4.24 9.59 6.42 0.66 7.47 7.01 2.63 4.81 9.35 9.50 7.59 0.90 3.46 9.10 0.05 3.54 2.45 1.55 7.39 4.13 5.03 6.79 1.42 4.81 2.16 1.24 2.83 6.51 1.47 8.72 9.59 2.67 7.31 4.18 8.13 6.15 1.73 2.31 4.48 5.69
7.78 6.56 2.08 7.57 4.41 7.69 1.47 7.90 1.88 8.50 8.37 8.60 4.59 0.61 3.56 5.83 7.32 5.27 7.41 9.34 6.12 6.61 2.83 7.69 0.05 8.47 5.80 1.97 0.79 5.40 3.40 3.86 0.18 6.20 7.37 6.08 6.56 7.67 0.22 1.42 7.09 9.41 9.35 2.08 2.88 8.72 6.14 3.39 6.98 4.73 7.83 0.78 1.53 8.22 3.93 0.11 4.17 1.02 9.06 5.51 7.69 1.22 3.71 3.42 0.92 6.41 5.11 8.65 3.54 0.09 1.85 5.32 3.02 6.22 6.92 3.83 2.58 1.76 9.34 9.71 8.06 4.11 8.45 6.75 7.97 0.58 5.92 8.93 8.34 3.38 8.49 2.96 9.85 5.40 8.93 5.10 9.85 9.41 5.59 0.17 4.50 2.42 3.08 8.51 1.62 2.63 7.44 1.47 6.50 9.31 7.49 6.57 1.06 6.13 9.01 9.86 1.38 6.11 4.99 8.04 2.27 9.71 3.55 7.66 2.21 7.52 7.59 5.00 6.78 4.31 9.16 7.67 3.74 6.35 6.68 2.78 2.01 7.56 2.76 0.24 3.21 4.91 4.35 8.53 9.18 6.03 1.02 7.67 7.04 9.01 3.56 1.30 2.56 0.07 6.85 6.47 4.08 1.84 3.24 4.73 9.07 1.22 5.08 1.32 2.32 9.80 3.41 3.61 0.26 9.80 3.25 5.23 6.81 6.09 6.64 9.62 5.68 3.84 1.68 5.10 3.42 6.52 2.88 2.33 4.29 6.14 2.18 7.65 7.99 6.68 3.74 6.62 8.70 9.88 9.95 6.49 2.34 1.41 1.68 1.25
4.92 9.08 3.45 8.46 2.76 6.07 1.98 7.66 0.33 7.36 2.71 8.49 7.87 6.31 5.05 5.46 8.75 7.43 1.02 3.65 3.86 6.17 9.88 4.35 9.16 7.66 9.92 4.32 1.76 8.27 5.56 0.54 4.84 1.12 4.42 0.86 7.90 5.88 2.21 2.50 0.48 8.90 5.67 9.99 7.94 6.27 9.67 5.63 0.98 9.43 7.41 7.02 6.20 6.95 8.96 5.51 5.89 2.15 3.91 2.00 8.36 8.73 2.72 0.88 9.98 5.59 0.96 6.94 3.64 4.05 1.82 0.36 6.55 1.09 5.44 2.65 9.25 5.88 8.42 8.38 4.64 2.13 9.18 4.31 7.55 2.43 6.59 9.73 9.70 1.61 3.08 3.02 4.42 8.72 0.88 2.36 0.53 7.12 5.35 6.41 2.18 8.08 6.14 9.22 6.75 0.42 0.53 2.12 5.40 1.22 2.53 3.93 5.81 3.64 3.66 0.75 5.84 2.12 8.46 7.75 8.55 7.32 1.98 9.82 5.53 3.63 4.41 1.21 3.11 6.77 4.83 4.53 9.55 1.06 2.98 4.41 2.83 4.93 2.00 0.67 4.57 0.00 9.21 0.21 0.20 2.56 4.71 2.80 3.59 3.67 8.63 2.14 3.41 4.09 7.54 7.56 9.62 4.60 3.78 9.88 3.80 9.34 3.76 8.11 0.15 0.32 6.62 2.84 0.43 8.73 5.40 4.79 0.18 1.30 8.12 3.43 7.58 2.28 6.92 7.71 7.76 3.49 0.50 9.33 7.96 1.43 9.25 9.40 2.93 7.82 2.78 9.42 6.87 8.44 6.25 6.70 5.59 9.31 5.52 2.94
8.46 3.05 1.81 0.53 8.70 9.35 9.39 7.14 2.74 8.82 2.47 8.19 3.03 6.69 5.81 7.87 3.74 1.19 7.66 5.78 8.79 2.29 7.18 8.11 1.72 6.70 7.53 7.28 3.84 7.30 4.94 7.53 8.13 6.90 8.36 2.23 9.44 8.49 8.64 8.01 6.83 5.17 2.97 8.21 5.52 1.57 9.11 0.34 8.41 1.92 0.16 3.45 8.51 0.26 1.17 8.16 8.33 0.49 7.16 1.12 7.74 6.29 6.87 4.88 4.97 2.80 9.09 3.74 5.40 6.87 1.35 1.48 9.08 6.65 4.07 0.77 7.90 1.64 7.95 6.60 2.60 3.67 9.08 0.69 8.49 2.01 6.31 9.14 2.38 5.83 0.05 2.33 8.93 9.14 6.19 2.09 2.53 9.55 3.71 5.78 9.09 1.27 3.38 5.11 5.74 8.56 5.03 2.92 3.17 1.75 5.52 6.92 3.36 0.77 5.34 6.86 2.72 4.70 0.94 3.02 3.54 9.77 6.99 0.51 0.19 1.45 0.95 3.94 5.98 0.29 3.79 5.99 3.02 7.28 0.91 9.43 3.32 8.62 6.93 2.56 2.25 9.90 0.38 8.55 1.13 0.71 7.84 9.26 7.97 7.92 7.44 8.28 7.37 3.20 2.39 2.94 0.10 3.55 7.77 1.85 6.29 0.20 4.69 5.42 8.56 3.49 0.64 1.48 3.41 3.52 2.13 2.90 1.37 2.69 9.08 7.28 6.31 6.80 8.84 4.78 4.61 3.04 8.06 1.13 6.94 8.52 7.73 1.21 2.21 2.68 8.62 4.51 0.00 6.57 6.63 2.93 1.98 5.48 4.75 9.15
4.09 6.21 2.95 7.32 6.15 5.79 0.79 0.11 2.77 9.09 1.06 9.11 4.67 6.23 9.91 4.28 0.18 4.54 4.26 5.00 6.78 5.05 9.25 1.29 1.95 4.81 6.55 5.55 3.80 8.68 7.49 5.86 7.95 3.26 0.19 2.28 3.05 1.18 6.82 8.18 5.04 5.95 9.80 4.97 1.06 2.85 2.00 5.66 3.93 4.70 0.64 4.01 9.59 1.36 8.87 1.36 3.05 3.13 3.61 4.97 0.12 3.61 2.96 9.66 6.10 9.27 4.71 5.27 4.64 1.24 0.90 0.99 2.72 9.55 7.45 0.42 5.14 2.39 5.47 4.81 6.27 9.24 0.47 5.05 8.91 1.05 8.67 8.79 6.98 5.11 2.30 8.15 9.11 6.05 1.35 2.72 7.44 2.37 1.14 4.92 5.65 1.99 8.57 4.17 2.63 5.98 4.49 3.36 1.27 5.59 4.30 7.26 5.96 1.51 2.78 4.12 6.47 2.60 1.58 5.63 8.94 0.59 4.53 7.44 9.50 1.05 5.41 2.85 5.48 8.85 3.07 6.81 1.51 3.36 4.91 5.01 6.58 8.17 5.21 8.46 9.72 5.72 4.94 0.08 9.55 5.78 2.40 1.53 4.69 4.74 4.34 2.15 3.09 0.27 6.03 1.71 4.16 0.85 9.90 0.59 5.49 6.33 2.46 6.45 0.12 2.92 7.84 4.88 1.62 1.77 0.70 3.85 0.64 6.86 1.33 7.48 4.98 0.47 8.23 7.31 1.07 4.10 5.38 7.37 3.32 3.00 7.84 5.43 9.00 4.57 3.85 7.51 8.78 0.63 0.61 8.45 1.16 6.26 4.72 0.78
3.26 6.53 3.85 1.52 4.90 0.38 0.40 7.01 7.04 6.09 5.49 8.41 1.74 8.26 8.75 4.32 1.03 8.74 3.73 9.21 7.79 3.67 0.01 9.79 1.33 5.29 9.48 6.02 9.59 2.94 6.18 4.22 0.12 6.90 0.11 2.22 8.05 5.29 5.45 4.76 3.90 4.00 4.81 0.30 4.65 4.55 2.21 9.95 8.94 5.24 9.69 4.37 7.53 0.18 3.71 7.77 9.22 3.96 1.06 4.98 5.87 5.29 2.63 8.28 0.92 9.65 4.84 9.28 7.42 6.17 0.84 7.54 2.01 6.00 1.23 1.73 3.04 0.80 7.54 6.78 8.34 0.36 1.90 0.03 5.54 7.11 0.27 4.49 1.97 7.59 2.41 9.59 0.54 9.69 0.09 7.47 7.53 4.56 9.87 5.71 3.72 5.74 2.30 8.86 4.22 3.57 1.36 7.28 3.29 1.47 8.77 1.90 6.36 5.61 8.82 7.41 8.18 1.36 5.11 7.94 9.26 6.78 5.19 7.33 4.79 0.84 0.99 5.26 9.55 8.11 6.74 1.00 1.21 7.37 4.69 7.99 7.05 2.28 6.16 8.06 8.61 0.51 2.25 1.26 4.27 1.95 1.03 1.75 6.52 7.23 4.74 5.05 5.45 5.48 9.83 7.56 5.31 7.06 3.79 9.57 1.01 1.81 8.56 1.33 3.33 3.29 8.12 4.14 8.85 5.58 1.15 5.11 5.98 2.34 5.52 6.13 2.89 7.27 1.30 0.39 6.51 9.72 7.38 9.54 1.91 4.92 4.86 6.86 0.68 6.64 8.20 4.45 7.86 1.41 0.31 9.59 4.61 0.85 7.02 6.04
6.16 6.21 3.46 5.27 7.74 9.12 4.97 2.94 7.22 4.63 3.88 0.28 6.67 7.98 8.62 0.69 8.09 7.14 3.92 9.32 3.52 7.42 0.25 2.88 2.71 0.63 9.67 3.71 2.72 4.97 6.01 0.10 0.67 8.38 6.62 6.86 2.57 1.19 9.14 0.29 5.73 1.75 8.14 9.69 4.45 0.70 7.73 9.92 5.77 9.04 7.79 6.35 1.82 5.71 9.14 0.21 8.45 1.80 3.42 3.03 1.02 3.36 3.67 5.43 5.72 2.94 3.59 4.21 9.06 4.20 9.80 5.10 3.42 9.50 2.33 6.56 0.88 4.37 3.43 7.57 5.53 5.19 2.72 1.69 0.90 3.72 7.94 6.30 3.50 8.96 0.50 0.69 3.06 8.07 1.79 3.98 1.07 5.30 3.46 3.04 7.67 8.87 0.84 1.59 3.55 4.10 7.95 8.46 0.44 9.51 3.27 8.16 2.11 0.57 8.36 1.42 6.88 4.12 4.50 6.55 2.31 6.85 6.79 9.31 7.25 0.65 8.22 5.37 4.01 9.07 1.05 1.39 1.27 5.23 9.74 4.81 9.98 7.33 2.25 1.98 3.34 2.53 3.46 3.18 0.62 7.64 4.15 5.56 1.76 4.78 7.24 3.12 0.08 5.39 0.97 7.23 3.71 1.09 9.77 8.35 3.22 5.16 2.29 7.25 6.04 6.77 3.04 9.95 5.85 2.77 8.00 7.36 8.02 0.76 3.96 1.72 2.57 3.98 8.36 1.43 2.51 4.51 8.28 2.45 7.19 7.92 6.08 9.12 1.55 2.88 1.34 4.97 9.42 1.95 2.33 5.97 3.42 5.91 0.56 7.28
9.37 6.63 1.73 6.25 5.75 4.27 3.37 6.51 3.99 8.39 8.67 6.31 1.03 4.74 4.20 5.42 5.35 3.15 9.46 5.35 9.73 1.16 7.41 7.73 7.49 0.49 3.46 4.81 2.87 6.31 7.73 4.30 0.34 4.09 4.78 6.85 1.07 6.78 9.54 6.65 5.69 7.49 4.41 6.63 9.92 6.18 2.85 7.39 2.65 1.21 3.74 3.16 2.44 2.53 8.76 2.69 8.92 2.37 7.77 9.36 0.37 4.04 5.73 2.13 7.56 6.20 5.00 8.54 7.99 6.49 3.43 0.37 5.76 6.24 4.34 2.44 7.05 2.06 2.14 9.34 2.71 9.42 1.86 1.75 2.13 2.49 2.38 9.39 3.92 2.00 4.22 2.78 9.82 0.67 9.35 1.96 6.16 2.83 4.72 1.25 6.77 9.49 4.69 7.78 6.84 8.67 2.73 3.97 0.07 2.05 0.12 8.66 5.82 7.67 7.94 7.03 7.04 0.07 9.41 1.86 6.20 5.29 5.30 1.27 5.11 0.10 6.55 3.57 4.15 8.08 5.86 1.65 3.03 4.20 9.00 8.78 9.58 5.03 9.97 1.81 6.31 3.92 6.58 9.66 5.87 2.91 3.03 5.86 3.79 0.00 9.28 3.99 2.83 9.12 0.71 2.96 5.04 2.30 1.70 7.09 1.76 5.11 0.86 5.49 0.93 7.08 6.40 5.90 4.68 6.10 5.08 0.28 4.17 7.69 8.13 9.84 8.52 9.31 8.14 7.52 3.25 2.35 3.82 7.17 8.93 8.43 6.23 5.77 0.08 5.96 4.01 0.77 6.49 1.01 1.11 5.05 1.53 7.42 0.42 8.82
9.74 5.14 1.36 1.98 3.39 7.84 7.96 4.31 9.51 2.60 7.29 5.37 5.56 1.81 4.85 5.53 1.51 5.74 6.60 7.66 4.50 8.51 3.63 6.28 0.97 6.07 8.47 6.09 4.62 1.39 1.19 1.95 8.41 2.33 0.43 3.45 8.08 3.56 2.43 6.67 3.94 1.93 8.19 1.34 1.39 9.59 6.17 4.10 3.61 8.07 5.49 5.31 5.94 2.28 5.81 7.13 2.49 4.75 2.45 3.31 7.36 2.90 5.61 8.93 9.31 0.05 0.75 8.64 1.38 5.63 1.59 8.45 2.62 4.69 7.84 9.14 0.22 1.93 4.01 9.14 5.93 7.69 9.75 5.66 5.45 9.77 6.75 6.65 6.10 4.66 2.41 4.95 8.26 8.42 6.18 2.15 6.97 6.12 2.60 6.33 6.86 4.51 8.28 8.81 7.58 7.83 6.96 9.31 5.51 7.70 7.54 8.89 3.04 8.08 4.39 8.29 7.95 7.52 2.00 3.30 0.58 2.92 3.16 2.21 4.51 1.60 4.76 0.21 0.58 0.77 3.52 4.90 5.57 9.59 0.17 3.06 3.99 5.45 9.81 2.61 5.84 3.90 7.13 3.12 9.66 2.50 0.34 2.04 4.37 9.20 6.60 5.26 8.30 9.40 2.89 5.49 9.88 4.18 7.19 0.30 7.17 5.34 6.33 8.17 1.55 5.60 1.66 5.54 6.42 6.95 8.81 4.01 3.25 4.21 7.63 5.46 2.58 4.27 5.58 4.84 5.10 4.73 1.15 0.07 6.36 7.42 2.37 0.30 6.09 7.20 5.53 3.53 5.12 4.91 3.27 2.87 5.09 1.26 3.66 6.59
8.94 9.85 2.84 1.95 3.87 0.40 5.89 0.64 4.24 5.63 9.09 1.09 5.97 6.39 5.81 6.45 0.27 6.97 2.25 5.01 7.01 0.77 3.18 0.95 2.29 9.11 7.48 9.70 3.17 4.92 9.01 4.45 0.14 0.03 2.92 3.62 8.88 3.53 5.91 3.69 9.35 7.86 1.09 7.45 8.01 0.02 1.29 1.97 7.91 6.99 7.07 4.81 8.76 1.59 6.59 9.95 7.90 9.83 4.81 8.59 3.21 1.92 6.90 8.77 8.92 0.11 9.44 9.41 4.92 0.06 3.88 1.33 1.12 8.57 2.23 7.88 5.43 4.13 7.84 6.28 3.92 7.84 9.56 6.35 0.69 9.37 8.48 8.12 7.81 9.78 5.88 2.14 2.00 2.75 0.40 8.35 6.09 4.02 6.17 6.06 7.47 8.78 1.58 7.05 4.66 9.52 0.44 9.06 5.17 2.07 4.51 5.44 3.55 9.77 6.09 7.57 1.56 0.91 9.51 1.65 4.99 9.39 6.43 4.95 3.39 2.14 4.39 9.73 7.55 5.10 7.24 7.74 5.21 8.80 9.64 8.72 6.48 0.53 6.35 2.50 8.70 7.14 5.19 0.77 5.76 8.59 6.21 2.91 5.33 0.47 3.71 3.59 1.50 0.70 9.01 1.66 5.31 1.66 8.08 9.45 4.05 2.76 1.12 0.35 0.44 6.12 0.34 7.38 8.73 0.95 7.75 9.88 4.87 5.68 0.85 7.71 9.47 7.98 7.09 1.73 0.64 6.74 4.45 8.69 3.23 1.23 1.47 9.06 4.59 4.74 5.69 5.04 2.42 3.16 7.39 7.51 7.85 4.85 8.39 8.00
0.64 1.90 5.28 8.32 6.64 9.07 2.45 6.65 1.65 2.34 8.75 7.21 6.60 9.01 7.21 1.89 5.20 2.20 7.75 4.68 2.20 4.01 6.42 5.90 2.06 1.42 0.70 9.73 3.33 0.24 3.39 4.21 5.74 9.61 5.48 6.38 3.44 9.21 8.49 9.01 5.82 4.63 5.19 7.15 6.02 4.15 9.84 2.99 3.96 1.70 3.26 2.41 3.01 2.65 2.76 9.53 5.27 6.55 6.55 8.81 1.24 5.20 4.45 1.28 4.59 4.86 2.86 1.00 5.24 2.86 4.26 2.82 9.25 0.46 4.78 5.64 3.94 1.00 2.67 5.43 1.26 4.74 2.06 3.51 2.29 4.94 9.68 5.41 4.96 8.94 3.17 6.87 4.78 7.85 1.95 5.64 8.86 8.90 7.28 8.52 7.94 9.24 4.30 4.18 0.90 1.19 7.47 6.46 5.93 1.22 3.10 6.86 2.39 4.31 6.87 7.61 5.38 0.55 0.36 0.16 9.92 1.56 5.18 1.40 7.79 7.10 3.92 3.05 8.98 2.98 5.54 3.47 9.81 4.05 4.22 5.14 0.79 0.61 9.54 8.57 1.13 0.86 9.24 6.56 9.56 7.35 2.43 0.38 7.78 0.70 1.37 4.32 6.17 8.41 5.29 7.76 4.16 9.31 7.30 9.01 9.22 0.25 1.32 2.24 8.83 2.75 3.45 1.25 8.71 7.87 4.44 1.73 2.68 5.75 9.56 7.57 3.69 9.57 4.27 5.07 5.17 8.25 1.04 6.47 0.15 5.04 7.28 8.76 1.95 5.06 3.15 1.18 0.97 4.84 7.79 8.49 9.00 4.10 5.47 9.20
1.51 8.32 7.73 9.54 4.37 3.87 7.20 7.40 6.20 3.89 3.38 4.33 2.21 6.40 9.26 1.19 1.16 0.94 4.99 9.41 4.63 6.77 1.90 0.46 3.72 7.53 2.39 9.51 1.12 2.01 9.95 1.23 0.86 7.27 1.92 2.40 9.71 4.56 6.20 0.14 9.55 1.16 1.29 7.16 6.11 1.76 8.93 5.61 2.83 0.23 2.48 1.00 2.20 6.14 5.44 4.21 2.33 0.35 4.41 9.57 9.92 4.53 8.44 5.88 1.37 6.64 3.84 6.79 2.57 9.98 3.80 5.88 5.21 0.53 9.44 9.86 2.07 4.83 7.11 2.62 7.96 5.97 8.74 8.94 7.86 1.20 1.98 0.31 9.02 9.39 5.62 5.83 4.53 8.77 0.92 5.85 2.75 0.25 1.14 8.41 3.96 1.97 8.63 4.11 7.82 0.50 0.43 0.52 1.19 5.80 0.58 3.84 5.82 3.40 3.32 1.51 5.36 4.74 9.40 8.96 5.77 0.14 8.69 7.39 6.74 9.99 2.34 8.30 0.45 1.15 1.64 7.13 6.25 3.93 6.15 5.89 3.46 8.97 6.41 2.56 0.65 1.82 9.22 4.15 6.56 3.01 3.09 6.29 0.01 5.27 5.91 7.47 3.29 5.58 7.20 5.15 8.29 6.97 7.81 2.05 1.02 8.06 8.93 1.13 1.87 6.98 8.31 3.61 1.12 9.73 4.60 2.09 5.51 7.97 0.32 3.07 7.11 4.45 2.86 8.88 7.84 0.32 2.05 5.03 0.63 1.99 3.45 6.10 2.78 9.74 6.49 7.65 5.92 9.58 2.68 1.25 0.69 9.40 7.38 8.54
7.12 3.02 8.09 2.99 3.49 2.07 9.50 1.84 3.16 7.64 10.00 1.62 5.14 1.17 3.38 0.73 3.84 4.15 4.63 4.41 3.28 0.36 7.41 7.63 9.71 6.82 6.13 3.15 3.37 2.58 7.04 7.76 2.45 2.31 2.52 6.13 9.01 1.40 1.55 0.52 7.60 9.27 4.30 4.70 1.29 8.73 2.41 8.90 0.67 2.61 6.76 8.22 7.72 0.81 4.83 0.04 6.39 8.72 8.36 1.17 9.90 0.01 9.60 9.06 2.59 8.59 9.15 5.60 9.61 4.55 6.38 1.83 4.49 5.31 2.37 6.62 3.96 6.93 6.48 7.16 5.44 7.42 8.65 4.80 8.45 0.81 2.88 0.64 2.45 1.05 6.61 1.01 9.30 6.63 8.34 1.20 3.85 6.65 7.35 9.06 5.03 2.89 1.80 8.40 5.23 3.80 0.28 6.28 9.07 9.30 3.36 2.55 5.19 8.82 2.00 6.50 4.16 0.22 5.82 7.67 9.57 3.73 7.45 4.96 0.61 3.19 2.54 6.42 8.46 6.25 8.03 0.96 3.13 4.40 4.54 5.15 5.27 4.18 9.45 4.21 8.54 5.15 0.26 8.57 5.34 3.39 3.80 4.54 2.74 1.71 5.55 9.16 2.59 1.00 2.75 9.57 1.59 4.63 7.35 5.84 5.55 5.67 6.12 5.89 7.44 5.41 8.01 2.96 0.06 0.66 1.51 0.22 6.07 9.61 5.30 8.65 1.03 5.79 8.12 3.48 1.91 1.87 3.32 6.59 1.77 6.56 5.22 9.36 4.79 8.90 3.52 4.27 8.98 1.17 8.22 0.97 3.72 7.39 5.65 9.99
4.80 1.60 3.89 7.84 7.61 2.92 0.01 8.35 7.42 7.51 4.34 1.36 9.91 1.72 0.32 5.10 6.93 8.73 9.10 8.16 5.12 3.06 5.80 3.94 6.58 0.93 3.71 0.14 8.91 0.88 9.66 5.43 6.36 2.85 4.78 5.76 8.50 9.16 9.16 6.01 0.77 1.91 0.13 7.09 8.88 0.09 2.29 0.30 1.89 3.80 4.82 9.80 5.62 2.14 2.56 1.01 5.99 4.99 7.95 3.31 2.47 5.79 8.40 1.18 1.30 3.73 2.37 5.31 0.52 7.54 1.45 3.86 4.39 4.63 0.18 3.21 2.30 7.49 2.07 7.75 2.92 2.63 5.53 4.41 0.13 1.56 8.49 6.13 2.73 5.52 3.18 1.64 3.74 1.75 9.78 4.69 4.44 5.50 3.24 3.68 1.56 4.64 9.19 4.71 10.00 0.84 4.54 8.30 4.65 3.81 9.80 4.88 6.42 0.60 4.22 6.29 8.28 0.80 2.24 4.15 9.58 5.09 5.43 7.19 6.26 4.87 6.77 6.77 1.13 0.23 5.10 9.25 4.53 4.93 1.57 1.16 3.03 0.64 5.30 5.52 4.05 0.88 0.96 5.14 5.43 2.82 2.89 9.21 9.03 4.42 0.62 8.72 6.74 0.55 2.88 9.71 5.78 9.88 0.13 5.31 8.71 1.18 5.99 1.34 5.02 0.12 4.82 9.98 8.92 8.25 8.72 7.03 8.26 4.71 4.10 8.89 3.94 6.00 6.03 3.84 6.29 0.76 9.05 9.81 8.62 2.02 1.75 1.19 1.07 4.06 2.79 4.86 4.79 1.28 3.66 4.70 8.83 9.36 0.68 7.51
2.77 0.73 5.10 7.52 0.36 1.08 9.95 6.21 3.55 4.35 5.38 3.00 3.05 0.90 1.08 8.50 1.09 4.24 9.71 9.24 8.28 8.86 5.71 2.09 4.56 0.82 9.32 5.18 6.42 7.24 8.62 2.89 6.90 8.14 0.31 6.64 0.46 5.55 6.91 3.13 0.58 1.11 0.01 8.84 0.42 1.40 4.39 6.62 9.02 5.66 7.67 3.28 1.84 5.61 5.19 6.14 4.33 4.97 6.40 7.02 1.64 5.75 3.25 4.88 2.56 1.81 0.20 6.36 5.03 9.37 1.47 7.96 9.65 0.52 4.57 7.15 2.23 6.60 7.98 4.58 9.07 6.53 4.57 5.93 9.58 8.92 0.05 7.35 8.48 9.24 7.81 7.61 0.77 5.43 5.28 1.29 6.48 1.54 7.71 1.04 6.56 1.90 5.65 0.29 3.30 4.17 0.06 1.43 2.54 0.11 7.47 0.98 3.08 0.36 1.59 7.54 8.80 8.49 9.67 6.51 3.95 7.72 2.12 4.80 5.63 4.24 9.61 9.24 2.23 9.93 6.79 0.72 0.53 0.09 5.87 4.61 0.13 8.04 9.32 5.46 4.25 2.60 5.96 1.82 4.20 2.46 7.08 8.56 8.33 3.00 1.57 3.58 7.93 4.38 2.89 6.26 5.44 4.78 9.89 3.83 9.98 2.29 2.91 5.17 3.42 7.41 4.73 1.81 0.07 5.73 8.46 8.40 7.97 9.81 3.21 9.45 9.06 9.37 4.84 9.80 7.15 0.76 1.39 5.28 2.72 0.55 7.93 5.31 2.77 8.64 6.45 5.55 2.63 9.28 7.03 7.04 4.99 9.12 0.06 9.39
2.12 6.81 0.84 8.03 5.28 4.99 8.31 7.71 6.60 5.86 8.74 1.32 5.22 1.21 8.57 8.76 8.23 1.65 2.52 3.18 7.97 9.89 1.19 9.85 7.89 8.92 6.62 5.29 2.81 9.47 5.13 2.33 4.49 6.15 4.29 9.93 7.62 4.76 2.01 9.73 4.30 9.38 6.67 4.52 2.47 1.97 6.99 7.02 3.86 9.53 0.58 2.08 8.32 3.66 7.67 7.44 8.45 7.96 3.37 6.09 7.58 3.13 4.78 7.16 3.94 5.38 5.48 0.85 5.14 4.16 0.02 0.29 7.61 1.28 8.91 2.07 2.46 6.96 0.29 7.51 6.01 0.61 8.96 9.14 0.60 6.59 1.53 1.03 8.89 7.97 0.69 3.01 3.00 9.94 3.14 3.04 8.42 1.13 3.36 6.63 5.17 4.84 6.29 7.13 2.16 7.69 3.50 9.11 9.34 5.12 7.82 1.41 0.52 7.63 4.74 0.24 1.15 6.52 1.81 7.95 6.98 9.90 1.61 0.95 5.82 1.88 4.44 6.56 7.11 9.71 7.49 0.36 6.80 2.60 5.66 4.79 7.05 9.77 0.21 8.04 6.19 8.18 7.99 1.40 5.38 5.37 8.44 7.23 5.09 8.70 2.86 9.19 0.38 4.43 0.06 5.41 7.90 9.88 2.74 2.40 5.01 3.71 8.01 7.53 6.28 8.78 4.52 6.44 4.75 6.46 9.66 9.07 4.47 4.13 9.08 8.92 3.44 0.72 0.50 1.53 8.21 3.16 4.67 8.59 6.47 6.76 3.70 7.07 2.45 7.44 8.49 5.09 0.77 4.54 1.58 7.33 9.11 4.26 4.06 6.38
3.55 4.91 0.15 5.56 0.01 3.20 4.13 7.17 4.31 6.05 6.12 4.46 8.03 6.72 0.27 9.47 4.71 6.03 2.10 3.95 6.90 9.57 2.39 2.90 5.22 5.76 6.97 5.71 8.69 2.85 0.77 5.91 0.04 4.88 8.75 6.92 5.05 9.55 2.16 6.77 0.60 3.41 2.37 2.33 8.22 6.09 0.14 8.73 7.68 2.83 5.19 4.84 7.29 1.94 1.88 2.81 8.91 6.29 9.91 6.22 3.69 0.29 5.36 0.83 6.36 8.06 3.73 0.98 4.74 1.33 7.57 1.24 9.25 7.65 4.36 5.48 2.81 6.10 3.41 0.96 9.86 6.47 8.05 2.07 5.84 5.64 0.23 9.62 9.24 7.35 9.75 0.20 2.78 8.43 2.10 7.97 7.64 7.76 6.63 7.67 7.31 3.39 9.91 5.64 8.55 8.44 7.27 2.89 5.79 7.75 5.77 2.29 7.22 5.49 5.51 7.22 3.36 3.30 9.33 1.46 9.92 3.32 7.35 3.69 7.58 1.99 4.64 2.70 9.76 5.00 3.93 3.30 2.14 9.19 3.60 5.60 2.64 9.63 9.38 3.86 3.14 7.86 3.73 7.46 7.27 9.27 9.63 7.57 5.70 0.37 9.19 1.35 0.27 6.52 2.32 9.66 7.36 2.88 1.54 2.82 7.76 8.09 3.18 0.39 3.64 3.51 2.46 8.70 2.50 4.46 7.53 2.73 4.85 7.13 4.95 5.38 0.76 7.46 7.99 2.35 1.47 6.89 0.15 3.26 0.44 3.78 6.59 8.22 5.28 7.05 0.62 3.04 1.35 0.67 9.65 8.44 7.04 7.21 7.70 0.68
6.65 8.92 7.28 7.09 5.20 3.51 6.22 8.73 8.13 1.85 6.91 8.39 6.57 2.70 0.24 6.61 8.76 2.52 3.58 4.21 9.52 0.46 7.03 0.32 3.16 2.56 2.62 0.80 4.97 4.71 6.97 9.12 5.54 9.69 2.97 6.05 9.29 5.88 6.63 4.38 2.54 9.72 3.49 2.72 9.45 3.92 1.98 3.99 1.77 0.06 0.75 2.51 6.20 0.50 2.75 2.55 7.01 4.09 9.22 5.74 1.02 4.73 6.36 8.14 7.67 2.93 5.85 8.74 2.38 7.98 7.49 6.60 3.63 1.13 4.76 2.89 1.38 7.76 1.23 1.46 8.11 7.11 3.42 4.95 6.98 9.32 1.42 7.47 0.23 9.75 6.43 9.90 3.66 9.27 4.52 6.00 0.31 5.57 7.17 3.82 8.28 0.83 2.62 0.73 0.89 9.23 8.40 2.50 6.42 3.32 0.30 6.89 8.76 6.39 7.61 4.53 1.77 1.74 7.10 3.92 5.02 2.70 3.76 1.49 4.62 8.94 1.00 2.50 0.24 8.50 9.86 8.06 6.19 7.95 5.50 4.84 1.14 5.30 6.24 0.46 3.59 4.33 9.93 7.85 9.57 4.79 7.82 0.15 5.45 6.88 1.03 9.52 6.63 0.60 2.43 6.23 0.66 7.86 6.53 4.89 2.49 5.41 1.03 9.89 3.29 2.74 3.98 6.33 2.36 5.08 4.52 1.19 5.85 5.70 8.82 9.94 6.86 0.93 8.02 3.98 7.18 5.79 9.70 1.58 4.82 7.24 4.25 7.13 1.96 6.26 0.79 2.17 3.35 9.79 2.27 3.03 4.02 6.29 2.62 0.58
0.47 8.69 8.52 4.87 1.18 8.31 9.06 3.44 2.37 4.07 3.45 6.20 3.60 2.06 6.33 8.99 8.84 8.89 3.88 4.85 6.93 2.01 8.21 5.77 0.51 7.69 2.30 9.68 8.56 4.80 5.20 1.44 9.18 7.09 9.27 4.11 2.94 7.53 0.69 9.83 2.28 1.78 3.75 6.74 0.22 1.37 4.49 3.27 0.02 7.39 5.51 3.83 8.91 9.75 0.49 4.71 9.22 8.89 9.11 2.57 9.50 0.82 1.10 8.87 2.84 4.50 0.59 9.46 2.79 1.62 5.19 9.56 3.56 5.13 9.58 7.53 8.92 9.71 3.50 3.53 7.06 7.17 4.01 3.81 2.18 2.09 6.63 8.39 9.29 2.33 9.73 3.94 0.16 1.88 5.87 5.86 3.86 5.37 4.41 8.80 6.00 0.09 0.93 9.38 3.20 9.78 8.80 6.28 9.49 7.37 6.88 8.55 7.03 8.99 2.17 6.53 5.75 7.62 4.83 9.12 6.04 6.04 2.32 5.38 7.53 9.17 8.21 0.78 6.33 9.90 2.90 7.94 7.96 8.24 6.63 0.72 7.23 3.52 8.35 7.75 5.01 4.63 5.69 0.78 2.15 4.26 3.04 0.38 6.66 6.41 4.51 5.95 0.70 0.99 4.55 4.55 8.52 4.88 4.37 7.58 5.64 1.88 2.29 8.50 5.43 3.34 7.56 2.89 8.51 3.16 5.98 6.62 8.16 4.52 0.84 3.73 0.08 7.10 1.67 1.93 3.84 8.86 8.36 1.23 8.54 1.53 8.94 3.50 1.38 7.29 5.94 6.89 9.39 2.44 7.45 0.99 5.08 9.45 0.73 1.86
3.43 3.82 7.95 4.73 7.47 0.83 3.21 0.09 1.24 0.91 3.31 5.03 0.36 1.52 7.28 9.76 2.12 9.39 2.12 3.06 8.86 7.57 4.12 5.05 7.25 4.51 4.48 8.32 4.99 1.89 3.01 3.81 8.28 1.96 0.12 7.15 9.34 9.17 9.11 6.82 2.31 3.80 0.13 8.93 3.80 6.60 9.62 3.50 5.13 7.87 2.91 5.95 7.63 8.58 4.88 2.04 9.90 6.69 6.65 6.05 6.99 5.75 8.08 8.72 3.04 5.73 6.60 1.18 0.25 4.41 6.87 9.29 3.30 2.33 4.81 4.90 7.35 4.26 5.27 8.74 5.34 7.53 2.72 3.28 0.74 1.40 3.77 0.86 6.07 6.09 9.61 4.50 9.43 1.60 9.34 5.52 0.47 7.19 0.52 2.64 7.67 1.18 5.97 1.31 7.56 4.64 7.07 9.53 1.76 1.54 7.98 0.16 0.49 8.44 6.88 5.75 1.28 5.07 3.43 3.31 5.79 0.67 5.19 6.45 1.52 9.27 5.83 3.57 4.22 2.90 5.19 3.08 1.13 4.03 2.54 0.55 6.31 5.65 8.82 4.58 7.31 8.46 7.69 9.29 0.37 6.75 8.72 7.55 9.79 1.20 9.52 7.22 7.32 6.18 6.50 2.15 2.42 3.72 6.93 9.18 7.24 6.49 3.08 8.40 4.17 7.41 1.74 7.18 3.48 7.21 2.60 1.23 8.36 9.65 7.00 1.51 6.68 1.72 2.24 1.35 3.14 8.67 4.50 2.47 3.94 3.64 0.86 9.97 2.13 3.45 6.19 9.22 6.55 2.79 9.12 8.65 9.69 1.06 0.60 4.14
4.14 8.21 9.76 7.75 9.16 4.43 8.14 6.70 9.19 7.35 0.25 0.02 5.10 4.25 9.20 3.09 5.01 4.59 3.63 0.09 4.34 8.12 3.49 0.03 8.30 1.79 1.20 8.82 2.77 6.43 7.96 9.73 8.98 4.48 9.32 3.54 8.92 0.55 8.65 0.94 6.26 8.00 6.14 9.48 1.65 4.05 7.53 0.34 8.13 9.61 8.01 3.23 7.48 6.09 0.72 3.64 3.04 7.42 7.43 2.36 0.33 7.12 6.44 6.23 2.01 1.00 2.30 4.19 6.13 9.77 2.39 6.77 5.31 6.04 7.48 7.78 0.85 6.41 0.22 2.85 9.76 5.26 5.91 6.10 6.14 1.32 3.55 0.93 5.30 2.72 0.38 9.99 9.85 0.97 3.50 5.29 6.12 4.87 1.61 3.31 5.50 9.21 8.46 3.78 2.99 2.32 2.52 1.20 0.15 2.57 2.69 0.93 0.76 9.47 3.67 2.20 7.35 5.17 4.52 0.76 1.54 2.35 9.40 8.20 7.55 6.57 6.96 9.66 2.06 4.80 4.71 7.31 7.44 6.00 6.16 9.12 3.61 3.62 3.99 5.90 1.35 6.83 1.06 0.11 0.60 6.93 3.89 0.78 2.13 6.62 9.29 8.72 1.21 2.34 2.35 4.08 3.62 9.71 3.27 4.99 9.55 0.63 2.11 9.10 8.33 6.58 7.47 8.92 9.40 4.12 6.81 7.94 3.95 9.81 7.33 4.08 0.67 5.59 6.01 1.52 6.84 2.51 2.50 7.74 5.20 6.88 5.54 4.17 2.64 0.94 1.45 2.12 0.99 4.01 2.50 6.24 0.26 0.70 0.16 8.69
6.70 1.40 3.63 7.39 7.75 6.43 9.67 2.67 6.91 9.71 3.86 1.68 9.49 5.02 6.66 0.51 6.74 7.02 9.40 5.37 5.19 8.22 1.80 0.57 9.62 0.21 2.47 5.85 4.87 5.21 2.23 4.90 9.36 6.23 3.08 6.30 6.12 4.60 4.97 1.19 9.94 6.65 0.03 3.06 6.50 1.41 4.42 3.63 3.72 5.66 0.05 7.04 3.67 3.19 8.77 9.72 5.85 9.82 8.48 1.25 4.94 0.63 4.98 7.05 9.96 2.81 8.11 9.41 8.36 7.73 3.69 9.25 1.43 1.04 7.51 7.43 0.45 8.02 7.58 2.59 0.64 9.40 8.18 3.21 2.49 7.79 8.69 2.85 4.22 6.89 5.59 8.60 4.31 1.79 6.45 0.37 0.34 1.37 8.10 3.69 3.64 2.58 4.85 3.27 3.17 1.28 8.20 8.92 3.06 3.04 9.31 0.25 0.47 6.19 8.04 2.73 6.77 3.55 9.08 2.12 2.10 3.94 4.69 0.60 8.46 5.30 1.22 5.67 7.45 4.55 9.08 8.03 4.32 2.19 0.14 2.05 8.15 9.88 4.69 6.26 6.21 9.72 9.17 8.36 3.08 3.31 8.88 3.67 6.76 6.97 6.58 5.32 8.95 8.30 4.77 7.85 9.60 8.52 1.99 8.98 8.94 6.19 7.54 5.43 7.36 5.77 8.09 6.85 5.14 0.95 1.93 2.37 4.94 3.42 4.77 4.18 7.35 8.34 2.52 1.82 6.18 6.56 5.75 0.40 7.42 6.02 7.55 8.90 0.78 2.49 8.81 0.29 6.34 2.46 0.08 9.53 9.65 8.96 9.76 4.91
3.81 2.80 9.80 0.08 9.26 6.56 9.86 4.84 7.17 4.23 6.61 8.43 6.59 2.28 2.67 6.28 6.95 9.65 5.67 1.95 3.98 2.33 2.17 1.48 2.70 1.23 3.68 5.56 0.16 8.26 3.06 8.65 4.81 9.05 2.76 1.95 3.31 6.41 4.86 2.25 1.48 0.21 2.29 1.11 2.50 1.13 2.74 9.09 4.58 4.40 1.25 3.36 2.66 9.46 4.31 2.34 1.27 7.32 3.16 7.06 7.55 7.21 7.52 6.78 1.75 6.24 3.75 0.54 5.12 5.72 3.42 7.37 4.24 5.29 7.13 6.14 1.78 3.03 6.27 4.06 9.22 3.26 9.08 6.94 2.99 9.28 9.13 8.75 9.42 4.16 0.08 6.06 2.86 6.15 8.52 5.65 1.02 1.46 5.61 3.15 3.37 0.39 3.03 2.11 3.56 4.85 0.73 0.89 0.49 7.96 4.51 5.90 4.61 4.64 2.02 6.29 9.00 3.78 2.25 5.83 2.63 2.92 1.39 6.64 5.96 1.99 8.47 9.62 5.68 6.22 5.42 4.31 3.46 0.38 2.14 7.07 9.47 7.23 6.24 9.43 9.17 8.56 7.89 4.07 7.34 8.79 0.29 6.26 5.55 9.16 3.83 9.28 5.38 0.08 9.17 2.73 7.42 5.51 0.51 2.74 9.86 4.38 0.72 3.93 3.57 2.48 7.31 0.15 0.34 9.06 5.20 3.45 6.42 3.37 3.99 3.78 0.59 8.84 6.16 9.87 9.98 7.67 4.28 6.80 6.02 5.63 9.86 5.12 7.26 8.90 3.24 0.76 2.42 5.00 7.34 9.38 3.55 8.72 1.58 7.82
3.24 8.18 2.21 2.74 8.79 6.27 9.89 4.25 4.72 9.82 9.75 8.97 7.30 3.33 2.08 3.97 8.01 4.20 6.89 4.58 5.64 4.67 1.55 0.47 8.46 5.50 3.13 3.33 3.66 8.17 0.27 6.48 3.98 2.63 0.81 6.87 3.08 7.27 3.41 5.31 3.22 8.37 6.16 4.53 5.25 3.27 2.51 8.63 3.49 6.59 3.40 6.20 7.12 9.68 1.87 3.22 1.80 8.64 0.42 1.99 4.29 5.94 6.03 8.57 2.22 0.51 0.80 5.03 0.47 2.72 9.45 5.30 3.06 2.72 2.74 0.93 1.39 7.88 9.87 2.40 7.62 1.84 5.12 2.51 8.09 4.77 6.47 7.33 2.21 5.55 6.77 9.96 8.62 3.04 6.84 8.56 6.98 1.20 8.11 9.28 8.59 9.16 0.91 1.47 0.75 6.40 9.68 8.32 3.54 5.44 8.06 5.29 1.22 2.25 5.15 3.95 0.13 2.72 8.15 4.00 6.80 0.51 9.13 1.87 9.48 4.91 7.82 8.47 3.65 8.05 3.70 6.34 4.44 3.90 7.44 5.25 4.36 2.08 2.26 2.69 4.89 3.73 8.93 0.86 6.90 4.51 3.99 7.32 1.80 1.00 9.93 1.96 2.16 7.35 9.29 2.68 6.32 4.03 0.33 5.03 6.92 0.14 9.39 3.63 8.30 9.40 4.88 9.92 2.82 8.01 1.89 6.08 6.03 9.39 4.88 0.85 5.92 7.81 3.58 7.15 0.51 2.67 3.17 3.14 7.14 2.85 5.50 3.66 0.57 0.60 1.33 8.68 6.54 3.95 6.93 5.87 8.19 2.80 8.90 9.18
0.21 3.23 0.04 8.43 6.63 8.57 3.77 4.45 5.97 5.96 9.96 0.30 8.09 6.57 8.35 4.11 6.21 1.32 8.16 4.43 4.26 5.72 6.48 0.93 9.68 9.24 3.03 4.17 5.91 2.80 0.30 9.62 0.77 9.23 9.29 6.83 4.78 1.18 9.32 0.87 6.79 9.56 7.36 2.76 4.98 8.23 8.17 3.80 7.16 0.17 2.24 2.10 9.49 5.74 5.46 3.30 7.88 9.29 0.36 5.87 5.82 3.60 2.08 1.00 0.79 1.81 6.59 5.58 9.32 7.95 3.98 8.46 8.31 3.71 3.46 1.32 0.87 6.20 7.87 0.96 1.78 6.22 8.10 6.53 8.27 7.25 2.71 0.08 6.64 4.08 7.71 3.68 0.88 7.51 3.03 1.37 1.34 5.05 2.43 9.73 9.57 3.17 0.28 7.94 9.36 0.55 4.02 4.00 8.53 0.77 5.65 7.96 5.04 4.52 9.28 5.85 6.28 5.93 2.65 0.60 5.03 2.79 4.72 9.42 8.71 9.04 9.08 8.39 0.63 8.74 2.02 3.84 2.46 0.39 0.98 1.47 3.76 7.38 6.00 5.82 6.91 6.69 7.16 0.80 5.44 2.69 8.76 5.69 1.90 8.03 6.54 6.89 4.53 1.47 9.90 1.20 8.97 5.28 5.05 9.88 2.06 4.65 5.90 4.46 1.78 1.24 7.13 7.47 1.26 5.98 8.46 9.30 7.72 2.04 5.09 0.47 8.28 0.75 6.67 2.58 3.43 1.25 8.41 0.36 4.56 3.89 4.55 7.66 4.84 9.90 7.26 3.16 3.16 3.77 5.22 7.28 0.15 0.80 3.96 0.12
1.95 9.93 2.48 1.55 8.73 3.11 2.11 1.04 9.79 5.58 4.55 4.73 8.70 3.07 4.42 7.78 9.87 2.03 8.42 9.00 8.40 9.14 7.72 8.89 4.32 5.63 6.42 1.38 2.03 1.94 7.70 6.55 3.73 2.14 5.57 2.11 5.99 4.16 5.72 9.72 3.72 1.71 9.43 9.06 0.16 0.74 1.28 5.52 0.58 2.59 3.37 9.14 6.46 6.46 2.00 6.04 5.81 8.43 0.93 3.75 2.77 2.85 2.87 5.54 0.02 7.16 5.82 9.93 4.21 1.06 4.73 0.12 0.54 0.39 0.77 3.46 1.21 1.48 7.07 5.26 2.85 5.34 1.87 7.03 2.74 1.38 9.16 9.12 8.21 0.27 1.07 1.45 0.87 6.78 6.19 1.89 9.63 4.79 7.39 1.99 6.20 6.92 2.06 9.91 3.19 0.08 2.33 7.94 4.18 9.70 2.36 4.80 2.96 9.38 9.53 8.22 8.85 1.67 1.42 6.57 0.18 0.53 6.59 3.41 7.54 6.01 0.48 4.85 2.50 2.25 1.10 2.03 2.36 6.04 2.71 6.59 7.92 7.49 8.78 5.78 0.51 7.43 6.09 9.09 6.35 4.92 2.01 0.84 2.78 1.77 9.68 5.84 1.96 6.43 8.88 1.69 0.44 6.94 1.34 2.73 0.40 0.70 9.73 4.79 2.90 3.00 5.84 6.10 9.33 1.30 2.71 4.99 3.86 6.03 0.19 5.52 8.25 0.93 3.91 0.25 4.79 8.94 7.97 4.60 8.06 5.48 4.21 5.31 3.75 8.26 4.88 9.84 7.40 0.01 6.87 6.14 3.12 1.70 9.63 7.66
0.04 9.95 2.84 3.40 5.81 8.23 8.30 1.62 4.92 5.12 4.01 5.20 9.68 9.58 0.98 0.21 7.71 9.87 8.15 6.62 6.16 2.89 0.36 2.30 0.68 0.93 1.12 5.06 9.21 4.65 8.63 5.45 4.30 0.83 9.74 10.00 1.41 0.13 5.48 2.63 0.82 9.62 7.86 4.87 1.73 0.53 0.74 7.11 8.78 3.64 0.12 9.32 5.13 4.48 1.45 8.40 5.44 0.12 9.16 3.32 9.19 1.36 7.95 4.69 4.94 4.01 1.04 8.69 7.40 0.46 9.23 6.73 1.87 1.02 8.67 2.32 4.22 8.65 8.34 0.88 7.38 2.23 7.49 2.28 3.18 4.92 3.49 7.07 1.40 5.65 8.02 6.32 2.85 4.98 1.02 8.20 1.50 7.72 1.70 1.45 7.83 5.18 8.59 8.46 4.00 3.87 6.93 2.29 1.74 9.03 2.22 4.28 8.37 5.74 4.09 9.06 7.14 4.25 4.64 4.34 8.09 9.65 8.70 4.29 5.50 3.78 6.81 2.35 6.54 8.31 2.61 1.76 2.34 2.41 7.83 3.03 8.19 2.17 5.73 3.93 0.60 7.19 9.39 3.29 9.92 1.20 0.90 3.47 2.19 5.12 0.60 1.84 2.41 5.02 8.15 8.99 4.83 8.10 5.31 5.98 8.06 5.33 4.62 4.79 7.81 3.54 9.14 3.86 6.10 7.93 1.01 7.79 8.85 8.10 3.08 4.79 7.40 2.71 3.61 7.97 1.47 8.98 4.80 9.59 7.53 8.17 5.39 8.64 7.41 9.81 4.05 1.47 5.18 8.18 8.29 6.22 9.62 4.00 7.35 8.86
7.15 8.83 3.86 2.59 1.23 5.06 8.60 0.29 5.25 3.32 5.28 0.51 4.34 7.25 8.25 9.53 5.29 7.15 8.95 4.72 6.61 9.63 2.49 4.87 3.59 1.24 4.78 7.51 2.24 5.62 8.23 4.56 2.31 7.77 2.61 4.23 2.82 7.01 3.76 5.10 6.47 8.13 0.72 1.08 1.17 8.85 0.07 0.45 1.84 1.19 6.42 8.18 0.01 6.56 6.54 6.14 8.50 9.71 0.44 8.98 9.50 4.74 8.67 0.47 3.80 7.49 3.00 5.78 6.01 2.39 0.24 9.75 3.07 9.36 0.22 5.15 3.65 7.46 3.17 1.76 2.63 2.52 5.22 3.32 1.70 5.65 3.30 0.56 1.43 8.73 3.05 6.51 0.89 4.77 9.95 6.14 8.66 8.59 4.19 5.13 1.68 3.03 4.06 2.43 7.61 4.25 9.91 3.31 3.29 0.84 1.36 7.38 8.71 6.28 6.68 6.80 5.05 2.59 3.80 8.86 6.40 5.18 2.75 6.19 8.02 1.18 8.71 4.35 9.61 5.10 1.86 7.83 1.90 7.98 4.71 1.45 5.92 5.87 6.26 2.03 0.08 3.67 8.40 0.68 6.84 3.77 7.40 5.90 5.07 9.68 8.62 6.67 8.61 5.50 8.84 6.19 9.33 6.64 1.35 6.38 0.18 2.93 5.33 1.12 7.52 6.18 3.71 2.84 4.94 6.23 5.25 1.31 1.71 2.32 1.03 3.69 4.18 8.81 2.01 8.17 6.51 8.59 8.15 7.67 1.12 6.05 0.51 1.85 3.02 2.83 5.09 1.19 8.75 3.53 6.88 1.15 7.52 1.85 2.75 8.64
9.12 3.58 4.74 3.05 7.91 0.68 4.55 9.33 1.29 1.11 0.13 3.73 8.87 8.14 2.60 1.44 4.65 4.04 2.90 6.34 8.20 3.35 4.49 0.94 9.04 5.43 2.41 6.63 6.56 9.17 0.15 8.27 5.04 3.31 2.59 0.50 2.28 3.45 6.99 6.44 3.84 3.82 7.56 7.83 9.59 3.07 1.55 6.94 3.99 3.24 1.27 4.65 2.28 4.29 7.26 4.97 6.80 2.53 5.10 7.31 5.68 2.80 2.47 5.31 2.66 3.11 6.15 9.07 2.07 6.49 4.09 1.40 0.08 7.10 2.26 7.53 5.19 3.82 4.56 8.42 8.30 9.25 7.19 8.93 1.91 6.26 4.39 3.95 0.68 4.27 5.33 0.30 4.85 4.32 4.90 0.11 8.38 9.21 4.61 7.60 1.08 0.46 8.41 5.39 6.09 3.33 6.23 7.82 0.77 5.26 2.14 5.62 7.98 4.92 7.97 5.64 8.22 5.71 6.15 1.32 4.37 0.77 8.57 0.40 7.39 6.24 3.56 7.74 6.11 9.05 2.93 2.35 4.73 9.22 9.24 2.22 9.71 6.42 0.34 0.40 0.76 2.36 3.08 3.85 7.34 2.26 9.99 3.33 2.42 1.61 0.67 4.12 1.72 0.96 5.24 8.22 3.96 9.35 5.04 7.86 7.80 4.61 4.62 8.61 3.48 4.85 9.22 5.95 4.61 3.51 4.24 1.34 0.79 7.34 1.27 2.08 9.24 8.18 5.81 0.46 8.74 7.29 3.21 1.87 1.52 4.22 7.10 1.11 8.85 5.92 3.84 5.75 5.47 1.27 6.61 2.97 7.03 8.86 3.83 8.97
8.49 5.43 5.98 2.42 5.33 4.56 8.64 3.66 2.70 5.25 1.64 8.10 6.56 2.61 3.01 4.34 0.91 4.96 7.60 8.55 3.41 9.22 2.03 4.60 5.43 5.49 8.54 3.76 4.62 7.30 8.95 0.41 9.96 9.96 6.93 3.67 2.54 6.15 9.89 5.99 6.79 6.00 8.85 4.81 0.74 5.56 2.85 1.53 5.00 2.40 1.14 2.32 6.49 6.98 3.11 2.67 7.18 6.48 7.10 2.13 2.93 4.66 0.47 4.16 1.68 7.28 0.88 4.26 1.20 6.45 7.33 5.74 0.02 2.62 6.95 5.14 9.79 9.06 6.37 2.23 7.65 5.82 2.33 8.51 5.75 5.43 5.92 5.29 9.01 4.58 4.99 8.04 8.10 6.31 8.14 2.49 4.30 5.47 0.48 5.61 8.41 0.69 4.22 0.82 9.40 7.86 1.82 9.53 7.50 0.65 4.48 7.28 5.41 3.64 9.93 2.93 3.52 5.68 8.84 3.23 6.61 6.62 7.08 7.45 3.04 8.68 6.85 4.43 0.50 1.01 6.51 4.94 9.74 2.08 0.22 5.53 0.43 8.85 7.17 6.65 4.67 1.77 2.74 2.89 5.80 9.31 7.96 2.84 6.05 2.71 8.53 3.34 5.48 1.90 0.68 1.14 1.49 3.18 8.55 4.21 6.28 2.14 0.02 4.50 8.62 6.80 9.01 3.58 2.18 7.37 2.70 4.23 6.09 5.08 8.33 7.50 7.60 5.72 9.15 2.93 9.28 5.58 2.47 2.58 8.69 9.08 4.04 3.82 8.73 3.46 7.21 3.35 1.70 4.69 4.96 5.99 4.14 5.67 0.78 3.86
4.43 8.78 9.91 1.59 1.31 0.42 2.39 3.47 3.38 5.40 0.15 1.39 2.11 6.56 6.44 6.99 4.59 4.31 3.23 1.27 4.02 3.85 3.74 6.97 2.84 8.41 0.65 7.60 3.23 2.92 1.87 1.93 1.70 2.75 8.66 6.60 9.48 6.53 7.40 1.20 7.37 2.07 2.97 5.19 2.38 9.11 9.31 9.29 5.25 0.44 3.27 0.97 8.04 5.80 0.06 2.07 5.06 1.40 6.17 1.36 0.05 2.05 6.89 0.06 3.24 1.78 7.85 4.32 1.16 9.69 8.43 4.00 4.29 3.76 4.10 4.67 0.08 5.02 1.14 8.65 6.66 9.19 9.54 1.03 0.15 2.79 0.10 6.54 2.99 9.49 1.91 0.13 2.05 0.50 2.72 0.00 3.01 7.85 0.21 5.49 7.79 3.05 0.15 9.20 6.53 1.09 5.87 6.51 2.66 9.92 8.87 4.70 9.41 2.73 4.24 5.16 5.47 6.93 1.51 2.61 3.29 3.78 1.70 2.00 5.23 0.31 2.57 9.36 2.70 5.70 9.86 2.14 7.59 1.96 7.51 1.16 8.86 5.32 7.12 0.38 8.11 5.33 4.53 0.59 7.25 2.69 9.48 8.96 4.83 3.38 2.43 9.57 0.09 2.43 8.23 7.30 7.72 5.64 9.48 7.84 6.27 3.43 7.65 9.76 1.61 7.68 0.91 7.29 7.60 8.40 6.05 3.06 2.62 0.51 0.72 8.13 3.32 0.62 9.74 5.66 5.63 9.68 8.88 3.33 6.26 7.04 6.00 0.12 0.96 5.93 5.62 0.40 7.66 5.64 1.30 7.18 6.69 7.58 5.88 8.83
0.85 8.81 4.17 8.41 3.87 4.51 2.28 4.04 2.48 2.35 3.91 5.22 7.29 0.51 4.55 0.91 6.88 9.16 0.85 6.37 0.41 9.21 7.80 3.63 1.70 6.83 4.33 5.36 7.25 5.89 3.89 4.75 5.87 3.87 2.65 0.56 3.24 4.07 4.16 7.90 9.25 7.14 2.09 1.57 7.97 2.96 7.07 4.88 9.20 4.76 4.65 9.96 1.99 6.18 7.86 9.52 8.11 4.68 4.09 3.66 7.14 9.80 9.54 9.06 0.06 5.71 9.81 0.03 1.33 2.53 5.70 6.16 7.76 5.77 6.20 4.45 3.25 1.03 1.73 6.32 9.78 1.46 6.63 3.54 1.74 7.32 7.07 1.68 9.92 8.43 3.93 9.26 1.34 9.32 4.90 3.76 7.44 3.43 3.38 0.68 7.81 3.81 1.13 3.52 9.91 0.96 9.27 8.33 9.92 6.00 8.34 1.30 5.03 8.81 1.55 8.11 3.38 2.38 9.01 9.53 4.50 6.44 2.37 8.87 6.96 7.16 7.95 1.13 0.42 3.77 6.83 4.19 0.32 4.33 7.20 6.25 7.55 5.34 3.92 4.39 6.52 5.71 7.79 9.93 3.23 7.29 7.42 5.40 1.33 1.87 0.18 0.48 2.18 6.61 1.93 0.67 1.89 9.05 5.36 1.09 7.72 9.12 0.21 4.76 6.47 8.66 3.74 8.15 5.57 3.67 6.46 5.32 3.50 4.14 0.63 8.29 3.66 7.40 0.73 6.29 2.89 8.66 8.62 9.86 5.53 1.76 7.30 2.57 7.43 8.82 9.38 7.67 8.19 8.60 8.82 8.03 6.70 0.83 4.61 8.63
6.83 7.00 2.39 6.77 7.11 8.48 5.27 1.54 2.60 1.69 3.22 7.83 0.70 2.98 6.59 6.02 1.16 7.96 2.24 1.67 8.41 4.54 2.92 3.95 6.38 8.46 0.68 4.85 5.24 4.06 1.42 9.53 4.65 1.47 2.39 7.38 5.87 7.45 9.46 7.62 0.79 0.89 7.60 2.30 1.56 1.16 3.32 0.28 1.53 0.18 6.38 3.16 1.30 5.34 7.47 4.48 9.42 8.26 2.20 4.35 8.13 9.66 0.82 6.19 1.72 8.86 5.77 8.53 0.85 3.78 7.35 0.36 0.38 3.69 4.62 5.49 5.59 5.24 9.37 1.42 2.39 0.14 4.45 0.49 8.09 9.67 6.28 8.71 1.07 5.80 3.86 9.69 7.93 6.04 9.67 9.92 0.67 9.70 5.42 4.21 8.55 6.45 6.78 3.84 5.10 1.24 8.40 5.00 8.03 2.69 6.96 2.70 9.53 5.58 7.31 5.42 6.77 5.34 3.02 2.11 0.02 3.66 2.79 3.58 2.02 2.93 9.29 0.47 0.07 8.58 7.24 3.41 4.44 4.03 3.29 8.00 2.97 3.56 7.98 9.26 3.06 6.99 1.95 1.27 6.50 8.61 9.37 5.26 8.28 8.28 7.80 3.23 3.92 2.35 3.70 5.48 7.14 2.79 2.42 8.65 4.12 6.72 1.13 7.27 4.46 3.60 1.70 7.62 8.11 4.89 4.16 5.59 1.23 3.79 5.50 8.88 5.26 3.89 4.05 9.09 0.23 1.22 0.12 8.93 8.62 3.90 7.16 1.79 3.67 1.54 1.99 4.24 8.63 7.54 5.70 6.17 6.96 2.62 3.29 1.50
0.22 4.42 4.79 0.47 2.11 8.56 2.89 5.93 3.84 8.73 9.55 3.52 5.91 0.63 3.33 4.20 3.12 4.98 0.90 3.28 7.14 7.91 4.87 4.00 0.69 6.98 4.18 9.66 1.11 7.91 7.99 0.86 9.71 2.33 1.87 8.40 9.61 3.29 9.75 3.63 0.79 3.02 4.71 2.28 3.62 8.60 3.64 6.97 4.51 7.21 4.73 0.59 6.97 9.35 9.68 1.95 1.83 2.87 9.02 3.36 8.22 7.63 4.67 4.28 9.69 5.80 0.25 4.17 1.53 9.25 2.28 1.31 3.03 5.13 6.84 6.75 5.09 7.49 6.98 2.44 3.65 5.33 1.54 3.76 2.04 6.80 4.07 2.62 6.96 3.87 5.08 5.77 4.30 4.23 0.19 6.10 4.06 0.68 5.63 6.96 2.40 0.87 7.87 7.14 8.97 3.47 1.22 6.83 2.85 1.41 3.70 7.25 4.24 7.39 7.41 5.36 8.26 2.96 3.68 7.90 5.86 9.46 5.14 1.39 9.97 2.25 5.14 0.99 7.61 0.91 2.63 8.46 0.15 4.94 5.71 1.97 5.02 2.40 1.00 6.63 6.74 4.40 1.30 0.26 5.00 4.80 9.38 5.61 2.85 6.09 7.58 2.23 0.62 5.78 3.23 1.83 9.19 1.14 8.56 7.82 9.57 9.22 8.82 2.22 3.86 1.35 6.71 6.50 3.08 0.89 8.49 1.29 7.99 7.76 2.34 1.82 4.06 9.84 0.45 5.04 8.29 3.88 3.67 4.64 3.96 8.33 8.17 1.04 1.37 8.33 8.50 0.26 2.99 9.55 8.49 7.46 5.50 6.76 4.05 7.43
8.41 6.25 2.07 8.34 6.45 2.77 7.24 5.59 6.85 0.04 6.82 1.94 4.56 0.92 0.01 8.01 2.57 8.30 1.23 0.93 7.49 5.65 0.50 1.29 2.03 6.49 9.77 2.38 9.59 0.31 0.16 3.28 1.92 2.20 5.53 0.59 2.83 9.09 2.34 1.04 0.63 4.02 0.21 3.72 9.63 5.11 0.89 1.02 6.87 8.21 6.62 4.56 2.08 6.67 2.18 2.14 0.41 1.65 7.36 9.68 3.53 4.53 3.13 6.46 7.88 0.22 4.78 3.25 4.63 6.01 2.87 3.52 0.68 2.39 9.01 5.19 9.74 1.84 4.44 6.40 2.00 2.15 8.67 9.47 5.97 8.51 7.78 7.76 6.62 3.43 1.61 7.94 5.73 8.77 5.88 6.52 7.35 0.34 5.96 6.13 4.25 1.35 7.85 4.08 9.69 5.90 4.98 6.98 6.66 5.67 6.07 3.71 0.49 1.06 2.06 6.61 0.71 4.92 0.68 3.45 7.09 2.46 0.08 8.77 8.51 4.70 2.55 5.09 1.11 5.43 6.81 9.63 5.61 8.11 8.73 3.37 9.39 3.68 4.20 1.58 6.98 6.13 9.45 6.97 4.82 3.68 3.93 8.11 8.11 0.49 7.29 9.42 6.28 6.97 5.53 4.84 5.77 6.25 3.50 7.68 4.48 7.62 3.92 0.44 9.27 5.14 6.44 6.14 1.58 8.07 9.17 7.62 8.23 9.31 1.96 8.21 0.68 6.47 7.26 7.26 0.31 9.73 3.45 6.50 1.63 9.49 9.70 0.92 4.75 3.80 6.65 1.21 7.13 5.20 8.42 4.31 3.69 3.64 8.49 3.16
3.91 0.61 5.62 6.54 3.68 1.66 3.83 7.22 4.81 3.41 4.22 1.54 1.52 6.99 7.98 7.42 4.51 4.50 4.83 4.62 2.96 5.52 5.02 7.41 1.58 1.20 0.29 1.83 2.65 0.57 2.13 9.80 9.20 7.71 8.15 2.78 0.68 1.26 8.75 6.60 9.23 5.83 7.55 5.50 2.41 1.07 3.95 4.18 3.63 0.66 5.94 3.93 1.07 2.67 4.04 2.15 5.07 8.97 8.01 1.34 3.97 9.72 5.80 2.75 3.61 6.43 8.10 7.32 5.93 7.47 5.18 0.89 1.16 3.95 6.52 7.29 2.01 10.00 9.39 3.79 1.63 9.89 6.76 6.37 6.15 8.50 7.07 0.39 3.17 0.96 5.17 1.50 6.69 7.07 3.26 9.11 3.53 3.78 3.61 3.10 4.63 9.58 4.62 1.92 3.75 7.47 2.86 4.16 1.25 1.23 6.01 3.44 5.95 5.71 5.31 5.58 5.25 9.03 2.90 6.11 5.07 1.57 2.51 1.68 6.46 2.69 7.30 0.41 7.06 3.69 0.25 1.31 1.92 8.47 1.20 1.96 2.54 3.18 8.92 1.89 5.00 9.50 8.91 6.00 7.88 3.65 9.07 8.44 1.71 9.52 5.46 0.32 3.28 1.52 0.98 4.21 0.16 9.85 4.12 6.03 9.38 2.64 0.24 3.94 7.68 3.93 5.23 3.96 8.83 5.10 0.07 2.49 9.80 2.75 2.37 4.15 3.72 6.63 1.82 0.58 6.27 7.38 5.05 6.88 7.93 8.16 0.07 8.48 3.62 7.33 4.13 3.37 6.76 6.99 6.42 5.25 3.32 2.98 5.13 8.13
3.77 3.79 1.15 9.80 3.73 7.11 4.01 5.37 4.84 1.74 8.73 1.55 3.44 2.36 7.41 8.73 8.59 6.33 4.87 3.10 2.06 6.48 4.75 9.82 4.01 9.97 3.17 9.61 2.43 6.34 3.75 6.71 2.05 3.63 4.09 1.06 0.29 2.64 9.69 1.57 7.72 8.70 0.22 1.75 8.82 0.77 3.70 0.03 0.26 2.40 8.57 8.85 7.39 8.32 3.62 1.59 5.95 0.07 2.64 9.47 8.27 5.28 1.27 7.34 2.45 8.46 2.86 9.40 4.99 3.67 2.66 9.29 9.31 0.89 4.79 8.91 5.80 5.65 8.27 6.41 9.48 4.70 2.81 6.29 2.17 4.83 1.92 3.18 5.52 2.80 6.98 6.94 2.69 4.36 6.55 4.30 9.70 7.32 3.44 8.80 5.76 1.16 1.88 2.38 5.88 5.99 8.97 5.38 3.00 7.32 7.21 8.31 3.98 1.75 7.92 9.67 4.75 6.05 5.53 7.36 0.52 9.12 9.41 8.55 2.44 6.53 4.37 3.11 8.48 0.81 1.64 8.01 6.83 8.70 3.16 2.40 6.22 0.67 3.50 5.89 6.02 3.06 7.69 9.07 3.94 2.08 1.97 4.59 7.99 4.32 0.94 9.99 6.25 6.70 4.59 7.12 2.39 2.87 1.46 4.77 7.29 0.55 8.29 1.33 8.77 6.00 5.54 8.81 8.97 8.53 1.59 7.04 6.77 7.16 5.98 5.95 2.49 8.53 3.67 7.69 3.77 8.84 9.87 4.46 6.59 2.05 6.87 9.49 0.24 3.13 0.43 2.36 8.85 3.77 9.93 5.44 0.25 9.55 3.65 1.76
8.66 7.05 4.71 2.54 8.92 3.01 6.40 5.87 7.99 4.15 1.78 3.31 8.87 7.72 1.19 9.53 8.29 0.63 4.07 5.90 3.26 2.00 6.10 8.08 2.10 4.61 0.05 2.99 0.67 5.76 6.35 5.47 5.85 8.36 8.88 9.14 9.05 4.92 3.34 0.63 5.04 8.00 0.35 7.65 9.30 2.35 2.02 0.12 5.84 3.66 8.00 4.06 1.91 3.66 2.86 1.65 2.75 3.96 4.03 1.79 9.83 5.88 5.72 7.32 1.20 6.27 4.86 1.24 7.50 7.13 8.85 4.07 3.88 4.94 0.48 1.51 5.04 2.94 3.62 6.21 0.11 4.40 9.09 3.45 1.18 6.41 5.14 2.97 8.50 6.04 1.05 7.09 7.99 1.42 9.18 6.81 4.12 7.56 0.06 8.57 6.18 5.26 9.28 1.06 9.53 6.98 4.36 1.56 4.47 6.43 2.67 3.48 2.99 8.93 9.79 5.50 3.77 9.69 1.56 0.24 5.02 5.43 8.18 3.50 4.67 0.70 1.73 8.61 7.68 9.65 2.09 1.64 6.54 6.17 8.76 1.14 4.98 8.10 9.08 3.64 8.47 5.45 0.40 8.56 9.71 8.41 5.45 8.27 1.65 6.28 1.19 8.85 3.67 1.51 1.64 2.02 4.42 8.01 7.39 9.01 6.98 6.56 0.86 2.34 4.89 1.91 0.57 2.54 9.60 7.01 3.94 7.75 2.78 0.44 1.36 5.88 2.19 7.63 1.50 1.20 6.32 5.04 2.58 9.91 0.42 6.42 2.28 0.99 4.85 4.54 4.70 1.32 3.96 2.96 5.18 7.25 2.81 3.30 4.49 4.89
0.84 7.71 0.78 3.92 1.49 0.25 7.06 2.69 8.16 2.72 1.05 2.63 6.07 5.29 6.96 3.79 1.33 5.63 1.87 0.92 3.57 9.28 0.67 7.08 6.08 3.88 9.39 8.32 5.30 4.31 1.90 3.37 5.18 6.94 3.81 4.37 8.40 1.22 9.78 1.42 0.84 0.10 0.46 3.29 2.22 6.64 0.24 0.75 8.57 9.92 0.25 6.69 9.35 6.72 7.77 8.62 3.05 7.87 8.23 0.14 3.10 5.49 3.31 4.91 4.83 9.97 3.17 9.77 3.07 2.21 3.43 5.30 3.88 1.65 9.36 6.50 6.51 5.44 7.70 4.83 5.80 9.44 7.06 8.98 1.98 4.58 0.14 0.88 1.06 4.52 2.52 7.25 4.96 9.79 2.86 5.84 2.36 6.94 2.91 1.52 3.64 2.30 3.66 4.70 9.73 8.91 6.27 9.00 7.36 4.74 0.19 1.75 9.30 6.46 3.79 9.08 0.13 1.15 3.29 6.26 0.20 9.27 5.67 0.53 1.93 5.39 6.89 7.47 5.83 1.36 6.04 5.34 4.40 2.70 5.02 5.13 4.13 9.99 5.34 3.58 1.95 3.31 4.48 7.32 1.48 7.14 0.68 2.17 1.62 9.29 9.44 5.57 8.77 9.03 8.72 8.91 1.39 2.60 5.80 0.20 1.47 0.65 4.89 0.20 3.94 0.61 3.52 8.26 4.12 7.64 8.66 7.26 0.24 9.08 8.55 8.36 9.80 2.24 9.16 2.86 5.24 1.83 7.65 5.52 5.76 6.85 5.54 7.71 3.81 1.97 5.97 6.42 4.72 6.38 1.28 3.12 7.92 7.89 5.68 5.38
0.56 6.61 5.54 1.75 0.47 3.55 1.61 4.86 2.69 3.46 6.67 6.67 1.10 0.58 7.14 6.15 7.22 7.97 8.01 2.93 8.48 5.54 8.07 5.87 0.58 2.32 0.18 7.44 9.18 2.59 5.25 0.28 8.79 5.32 9.23 1.34 9.30 8.88 7.83 2.66 1.16 2.13 7.73 7.73 0.92 6.88 6.08 9.04 1.01 4.05 4.96 7.37 3.19 2.36 8.26 9.60 4.93 5.78 4.34 3.45 0.53 0.18 9.20 8.35 4.09 9.88 1.31 9.11 5.05 5.82 6.07 1.98 7.44 7.60 0.45 1.21 8.47 2.87 9.03 4.86 7.71 5.73 7.25 8.30 5.86 2.86 9.55 6.41 5.33 9.55 4.73 6.54 8.96 6.53 4.47 4.33 3.39 8.58 4.32 3.22 8.70 0.73 1.64 1.53 6.51 5.41 5.19 0.36 7.77 3.27 4.85 0.75 0.77 1.22 0.57 5.61 4.31 1.25 6.60 4.90 7.40 3.66 6.03 2.11 7.24 0.97 6.27 3.73 3.11 8.24 7.00 3.94 5.03 9.42 6.06 3.48 0.67 6.46 6.10 4.97 3.77 7.43 8.19 2.96 9.71 2.49 7.81 3.95 9.48 9.05 2.80 8.67 7.71 4.62 2.88 9.13 5.24 2.03 7.68 5.42 7.36 5.97 1.58 7.39 7.23 0.46 4.73 7.61 0.56 7.12 0.72 2.16 8.13 8.96 7.07 1.50 0.13 8.99 4.16 9.54 0.91 8.91 1.96 4.35 3.36 9.02 7.87 5.49 0.63 7.79 4.79 4.75 7.45 0.56 3.08 4.04 4.91 2.96 9.02 5.18
0.96 3.67 4.38 7.50 4.30 2.56 5.45 9.74 4.49 1.58 6.10 8.69 4.38 0.94 9.52 3.68 3.40 8.98 0.96 3.57 7.67 1.26 5.48 0.85 7.91 9.32 0.21 0.63 6.00 2.78 2.35 3.47 5.88 7.17 8.41 0.34 1.11 8.34 3.43 0.91 6.07 9.98 2.14 0.63 8.12 8.68 0.72 9.04 7.05 1.99 4.22 5.87 9.26 1.39 0.47 3.13 9.64 7.27 0.16 7.31 4.51 1.05 1.23 3.70 4.16 1.25 7.45 1.15 1.03 4.91 6.73 6.84 1.38 8.86 2.56 7.15 8.93 3.95 3.46 0.92 1.47 6.23 5.22 9.22 3.23 0.53 1.49 9.38 3.05 4.75 8.54 1.37 3.62 0.05 6.23 5.50 2.39 4.84 0.70 5.87 3.03 1.75 3.68 3.83 2.14 7.96 5.84 7.51 4.81 2.76 7.57 8.99 1.19 8.57 1.70 4.97 3.87 4.42 1.44 4.58 3.36 4.49 9.36 7.75 1.95 3.20 7.28 3.83 2.20 7.23 2.79 7.82 0.28 0.13 3.30 9.60 2.05 3.50 8.80 8.87 1.97 6.44 1.15 5.75 1.58 6.25 0.78 6.71 6.29 8.52 5.58 6.34 5.66 6.45 5.29 9.81 0.96 8.93 8.62 0.37 6.23 8.31 7.99 3.96 3.59 5.90 8.55 6.84 7.61 4.35 2.70 8.69 3.17 6.80 9.86 9.30 9.76 9.19 3.17 5.91 0.16 0.25 6.69 4.36 5.31 2.83 4.17 9.15 4.32 3.46 6.74 8.01 8.41 3.51 9.97 6.54 4.50 1.11 7.60 9.30
5.34 7.75 8.23 2.44 2.18 4.87 0.44 9.24 8.30 8.93 5.08 9.30 4.04 5.73 9.36 1.70 8.26 9.37 8.16 0.93 3.98 9.06 4.57 4.11 6.22 4.28 1.32 9.67 8.02 5.77 3.33 6.34 4.70 1.54 0.49 2.35 3.95 3.67 8.86 5.38 5.43 3.68 5.26 8.94 8.34 1.13 4.13 9.72 5.07 7.13 9.99 6.15 1.94 4.08 3.89 4.74 6.38 0.29 5.65 0.16 9.07 6.55 6.39 2.94 8.31 3.39 3.27 1.60 7.77 4.89 5.24 1.83 9.26 3.85 3.62 3.65 8.01 2.46 6.29 7.40 3.34 7.05 4.55 0.20 5.20 7.41 9.86 9.71 5.66 6.79 9.59 9.32 8.00 3.84 8.77 3.52 9.12 6.76 5.55 8.22 3.61 9.80 6.37 7.18 5.68 4.68 2.56 9.88 7.61 9.52 1.81 0.90 4.27 4.69 7.72 7.33 5.54 4.36 6.74 2.78 1.72 5.87 7.36 5.95 8.80 8.16 9.36 9.80 6.60 8.39 3.44 2.66 4.81 5.83 8.46 0.99 5.94 2.06 0.57 2.10 0.84 4.27 2.18 7.58 9.25 8.43 6.22 3.93 1.70 9.93 4.09 8.14 5.95 3.62 9.91 6.16 4.60 1.64 0.13 7.05 4.59 9.09 8.78 8.98 5.93 5.26 3.56 5.54 2.60 2.33 3.99 1.73 0.02 6.13 0.12 4.97 6.22 8.47 5.52 2.19 0.39 6.38 8.74 3.84 1.38 4.23 2.09 4.93 0.08 3.91 1.85 5.22 9.67 5.09 5.47 2.18 3.88 6.69 5.18 9.67
4.27 8.79 2.11 2.34 2.56 7.98 2.89 5.78 8.14 2.37 6.38 7.71 3.34 5.98 4.67 4.66 9.82 5.82 1.73 9.10 2.84 2.89 8.28 2.41 5.66 4.74 1.78 2.03 1.17 7.81 5.18 6.63 9.73 7.79 9.69 2.87 2.10 1.68 0.72 9.17 8.28 7.77 2.86 1.54 0.66 3.74 6.05 2.28 7.09 2.28 4.54 5.35 9.43 2.28 8.51 8.67 6.34 0.92 4.69 8.72 10.00 8.01 5.08 2.96 9.05 4.47 9.49 0.64 9.14 0.70 8.37 1.75 8.10 4.77 2.33 2.42 4.55 3.57 1.95 6.81 7.09 8.33 7.36 5.70 4.33 5.03 0.48 6.54 8.55 7.28 0.60 7.44 8.84 2.01 6.36 9.59 0.66 8.17 3.59 6.31 3.49 3.17 5.48 0.99 4.96 9.56 9.58 7.62 8.62 2.19 9.87 5.61 9.22 6.34 3.54 7.96 8.27 1.41 4.64 0.63 5.77 3.62 0.19 8.89 8.94 7.51 1.16 0.40 6.40 6.01 0.96 7.89 1.74 6.83 3.62 7.51 9.02 8.71 4.59 8.11 5.20 8.11 5.11 7.87 8.77 3.90 0.08 7.11 9.46 7.22 5.10 4.94 8.74 2.87 1.57 1.28 2.73 9.24 0.15 0.37 7.02 9.61 1.99 8.56 7.44 0.34 9.24 4.09 1.97 9.72 5.43 4.94 5.83 3.54 7.13 7.75 9.49 8.40 5.12 3.86 5.25 0.37 2.58 4.82 4.58 0.28 5.17 2.42 0.35 2.57 3.32 4.65 4.66 1.59 2.32 0.83 1.82 2.41 3.59 1.60
1.44 8.42 3.17 0.98 9.24 3.19 3.29 4.03 1.04 4.49 2.11 7.31 2.46 5.85 0.05 2.21 0.89 7.95 5.16 8.16 3.79 3.22 2.29 8.70 7.80 2.55 7.84 9.42 2.79 6.33 9.82 7.53 0.05 2.88 3.11 4.06 4.66 6.05 3.60 3.43 1.19 0.67 0.14 4.88 7.58 6.13 2.12 3.12 2.51 0.06 2.77 1.17 9.89 0.64 4.56 9.21 4.46 2.62 4.79 8.12 0.12 2.58 4.15 0.23 5.16 3.87 7.52 0.79 2.39 1.29 9.84 7.88 4.01 6.67 0.41 2.88 6.96 9.12 3.41 0.76 9.46 8.39 8.66 9.65 6.23 3.76 3.94 2.49 2.40 2.73 8.18 5.96 0.61 5.56 5.62 9.23 3.67 2.90 4.04 7.44 1.45 7.09 9.39 6.31 2.24 6.71 0.18 8.33 8.66 0.33 9.42 9.53 1.71 7.66 9.67 3.60 0.82 2.35 4.59 1.72 8.47 0.71 0.83 7.19 0.67 1.44 6.04 1.83 2.95 2.12 4.10 2.05 8.42 2.74 0.87 7.71 4.50 1.26 9.10 8.78 4.20 4.85 9.17 2.13 6.35 3.78 2.36 7.72 6.49 9.01 5.16 1.54 3.54 5.99 9.33 7.47 7.01 8.20 6.83 0.73 8.30 9.67 0.11 8.92 7.37 0.17 8.64 0.96 5.81 4.47 8.98 2.30 6.08 0.65 5.51 7.24 1.31 9.86 1.26 3.13 7.14 1.89 9.33 1.91 3.86 3.14 6.98 5.29 5.99 7.68 6.88 4.42 8.89 1.57 7.13 9.75 1.21 7.91 7.70 7.36
0.15 7.16 5.70 6.94 9.25 3.96 7.61 0.37 10.00 3.92 4.10 1.46 3.95 7.53 1.17 8.61 6.35 8.57 1.94 9.37 4.55 1.00 6.90 4.52 4.15 9.70 2.33 1.38 0.08 7.56 3.88 8.99 1.22 8.12 9.93 6.47 7.54 0.21 4.37 2.26 2.18 4.48 1.69 1.37 9.66 6.45 4.26 5.53 6.89 3.83 9.67 0.34 3.23 6.07 4.62 3.58 7.41 4.34 8.86 3.03 5.93 0.52 2.24 3.29 1.09 4.80 7.53 5.05 8.01 7.13 6.07 1.69 1.80 5.72 3.38 0.38 8.93 9.48 9.77 7.00 1.87 9.27 1.00 7.63 8.48 0.47 2.66 1.85 3.52 6.40 5.44 7.11 3.41 1.65 8.76 1.63 7.89 5.65 9.80 8.94 2.28 5.62 3.49 9.70 7.55 4.65 0.02 4.55 9.27 3.30 5.51 8.94 9.17 3.02 1.00 7.34 8.08 6.98 4.09 8.06 9.00 5.20 1.05 4.15 2.31 0.46 2.64 0.91 2.13 4.80 4.39 2.35 0.35 3.12 8.49 0.09 1.22 3.01 2.23 8.51 2.28 5.71 8.86 4.21 0.31 9.07 2.12 8.06 6.35 2.73 1.45 7.67 3.71 6.19 5.04 1.12 1.47 2.18 1.31 4.06 0.64 2.36 1.55 6.18 0.23 3.51 7.64 0.22 7.26 4.38 7.33 8.71 7.64 8.26 3.13 2.90 8.21 5.40 2.67 6.94 3.25 9.11 0.62 6.19 3.42 4.30 4.03 7.07 2.79 3.46 7.83 8.33 1.92 1.63 4.05 5.35 5.33 3.01 2.67 9.47
5.14 6.25 4.64 0.20 6.86 1.51 2.63 9.71 9.99 0.96 3.39 2.22 2.21 1.74 1.90 3.53 8.86 3.14 5.49 5.88 3.04 6.79 4.73 6.24 6.60 8.80 1.16 4.61 3.72 9.08 6.45 8.33 5.85 7.45 3.99 4.07 7.39 7.95 2.86 5.13 1.81 0.45 5.53 2.73 6.74 0.46 5.94 7.58 9.50 0.50 9.58 7.07 8.90 5.49 2.07 1.40 1.15 5.92 2.30 5.93 7.56 4.05 4.74 4.55 1.04 3.99 1.26 7.31 4.01 3.17 0.22 2.81 1.62 5.78 4.27 2.37 7.06 2.62 6.56 2.32 2.34 9.81 1.38 9.77 8.63 1.93 2.80 4.83 7.47 1.35 1.56 8.91 4.39 7.13 6.58 0.27 7.41 1.61 4.70 3.67 6.01 1.42 3.11 7.07 8.14 3.64 6.53 2.14 6.07 7.51 1.81 2.54 4.04 1.32 8.81 3.80 8.76 4.18 0.31 4.34 5.72 8.47 1.79 3.51 5.32 0.19 0.01 2.62 2.94 9.40 3.20 6.83 3.72 8.84 0.43 5.66 6.64 1.93 0.65 5.01 2.41 0.77 8.21 1.80 1.92 4.75 6.14 5.02 2.10 2.97 0.71 1.43 5.80 5.67 8.02 5.05 9.48 2.22 2.50 2.37 7.47 2.61 8.44 5.64 0.42 0.05 5.52 7.56 0.14 2.10 9.87 4.52 6.41 6.51 2.53 0.12 8.47 0.25 3.69 0.84 3.78 1.57 9.59 3.30 0.70 4.91 2.57 5.43 2.56 2.80 7.32 1.47 0.54 5.51 4.35 5.61 6.72 3.29 2.60 6.30
6.16 8.17 4.44 9.78 6.53 1.60 2.65 1.10 7.22 6.03 2.52 1.72 9.69 0.66 1.64 6.43 1.84 7.96 4.79 1.11 9.61 6.68 0.30 7.01 2.45 7.40 8.08 8.39 8.11 2.16 5.61 2.36 6.82 3.07 3.54 9.88 4.65 6.72 4.32 4.45 7.43 5.45 7.82 3.02 4.15 5.62 7.46 9.65 9.76 0.36 2.61 7.79 2.13 4.91 2.18 2.43 8.26 1.18 7.53 6.79 9.45 0.55 3.28 7.01 0.05 4.41 2.75 2.08 4.38 2.43 2.21 6.66 1.84 1.90 5.98 4.79 5.51 7.50 7.22 3.01 2.52 8.84 7.35 5.67 0.98 9.19 0.04 5.78 7.47 4.27 9.75 0.25 8.31 3.72 9.10 5.37 7.35 6.13 4.44 1.63 7.17 0.38 3.54 8.66 5.09 0.87 0.25 0.26 0.98 9.93 6.16 7.00 5.07 7.67 6.42 7.12 3.05 2.92 1.71 8.20 2.22 7.43 5.02 2.79 3.60 6.77 1.37 0.33 2.11 5.69 4.81 3.13 1.41 8.11 0.96 5.25 5.27 8.78 9.94 7.54 9.71 6.95 6.26 8.99 1.89 0.91 8.14 2.82 1.05 7.50 6.44 8.65 4.15 8.94 5.55 6.98 1.41 0.36 8.06 4.64 1.23 8.46 3.64 6.75 4.63 4.14 4.82 5.05 4.47 9.30 0.52 1.32 3.72 3.55 5.54 4.50 7.43 3.91 2.98 9.19 2.66 9.82 9.53 7.59 9.84 4.72 1.71 7.15 6.36 2.83 7.85 7.53 8.59 3.78 6.77 1.64 5.21 4.59 9.17 3.25
0.03 5.90 2.64 4.15 7.76 5.04 1.41 4.20 8.53 1.92 2.32 8.73 8.47 8.97 5.20 1.09 1.13 7.13 8.19 6.49 6.77 8.49 9.51 0.78 7.06 9.57 0.61 7.18 4.59 4.66 6.54 8.15 2.24 3.28 6.33 5.19 2.85 2.58 8.18 3.67 2.08 2.06 5.01 8.45 9.72 6.22 1.14 3.72 5.08 2.95 7.52 0.44 9.27 6.08 6.88 0.59 2.78 4.83 0.02 9.28 8.67 2.46 6.59 4.22 1.39 6.82 2.98 2.18 5.53 5.18 5.73 1.80 6.69 7.27 0.53 9.91 6.14 9.66 7.99 8.96 1.54 9.87 7.87 1.35 8.54 2.42 5.08 8.91 8.56 7.05 0.68 4.24 2.09 3.02 1.66 7.22 3.90 3.61 3.55 1.09 0.57 5.24 5.25 3.51 9.33 5.80 0.35 0.55 0.29 5.99 9.54 3.40 0.80 6.87 4.81 4.13 7.48 7.27 9.24 4.40 1.56 0.27 1.21 0.57 1.77 6.00 0.69 2.02 4.84 6.23 0.85 4.11 5.55 1.49 8.64 7.74 6.65 1.42 7.09 9.45 8.72 3.98 0.33 6.67 3.28 7.53 7.85 1.53 5.50 6.79 1.40 8.20 8.85 1.28 0.94 1.71 0.86 0.20 5.58 4.91 0.78 3.32 5.53 0.89 8.97 1.42 3.60 2.19 0.28 7.85 5.94 3.96 7.50 3.74 4.14 9.15 3.55 5.92 9.55 7.57 0.40 3.57 3.07 0.97 5.70 0.03 8.98 7.93 7.31 5.16 6.73 7.28 4.54 2.65 9.78 0.16 9.74 3.09 3.78 3.53
7.14 5.20 0.94 0.20 6.88 4.94 1.92 2.80 1.23 9.72 5.33 4.52 3.42 5.88 1.88 0.20 2.43 7.46 1.90 9.17 2.05 8.34 0.69 5.03 2.23 6.89 2.93 8.06 2.31 4.88 3.92 4.02 2.27 5.61 5.78 4.10 1.19 6.53 9.34 5.87 3.97 0.90 0.14 9.16 0.97 5.82 9.90 6.79 5.14 2.56 0.01 4.09 7.33 1.98 4.98 6.90 1.35 6.33 4.47 1.22 5.01 8.86 2.98 4.14 9.56 1.73 7.23 6.88 4.30 7.32 1.56 2.87 9.32 9.57 1.20 8.96 0.40 3.01 8.18 4.82 9.13 4.45 3.66 0.62 9.01 4.12 0.70 9.43 7.54 9.86 0.29 3.32 1.73 0.91 0.97 9.06 0.71 3.44 2.20 5.47 4.61 9.81 4.84 7.24 1.52 6.44 1.40 6.92 1.38 8.13 4.20 2.55 1.14 4.76 8.21 7.90 4.06 8.84 7.41 6.91 2.75 5.43 9.42 6.77 0.86 1.85 1.38 1.60 2.58 3.58 0.90 9.73 2.90 5.83 2.91 8.65 6.93 9.89 7.22 2.23 4.39 9.80 7.47 0.95 4.28 5.62 6.25 8.28 6.51 2.46 0.16 9.11 6.11 6.72 7.47 5.47 2.83 9.29 0.47 3.41 7.19 0.50 8.86 6.59 3.92 7.26 6.29 2.18 0.31 7.26 6.62 0.77 7.79 5.55 8.69 7.50 2.40 6.23 2.82 7.40 9.59 9.72 4.28 1.37 9.19 1.40 9.68 4.67 1.02 5.48 7.71 5.66 2.25 6.49 6.07 7.49 6.53 4.81 7.73 6.92
3.22 3.50 2.33 3.33 8.77 4.75 5.67 6.56 2.64 2.34 0.83 5.08 8.28 2.70 5.21 8.77 8.27 9.79 8.94 5.04 5.64 0.99 4.36 8.19 1.94 7.61 0.18 6.63 2.54 6.63 4.50 7.95 1.19 0.91 2.91 1.81 8.00 3.82 3.33 6.65 9.84 5.21 5.75 8.86 0.76 6.92 9.65 9.99 1.14 4.09 3.31 0.79 2.66 2.27 6.48 7.21 9.30 3.20 5.10 7.89 6.58 0.82 6.70 7.31 7.52 3.97 1.77 3.34 4.69 0.36 1.92 4.44 0.27 8.20 7.27 9.22 9.04 7.46 7.34 2.42 5.60 1.79 1.88 2.20 4.37 3.67 3.92 3.98 3.74 4.73 2.71 4.62 7.22 6.19 7.08 6.25 1.30 4.95 4.14 7.10 6.44 6.04 0.66 1.96 6.48 4.28 4.79 8.38 0.60 5.34 7.99 0.79 5.29 8.99 3.67 3.67 7.75 7.56 0.99 3.34 9.52 2.65 5.35 9.63 7.54 7.39 8.05 2.22 4.01 0.34 4.42 3.93 5.52 3.35 1.09 3.42 3.76 0.55 2.07 8.77 4.15 1.41 1.05 9.73 3.84 9.40 5.46 6.91 2.48 5.17 1.71 1.95 4.38 9.50 7.36 0.76 2.03 8.82 4.69 7.51 5.12 1.55 4.16 0.14 5.52 0.03 1.28 4.55 5.63 3.01 5.69 0.83 4.38 5.23 4.69 2.15 1.00 5.13 3.76 9.97 0.76 0.54 0.39 4.60 3.35 6.81 5.25 9.07 5.13 6.72 4.79 1.92 9.54 3.60 9.66 9.03 0.55 5.25 6.48 3.16
6.31 7.75 9.28 2.98 8.49 3.02 8.41 9.51 3.10 0.20 5.62 8.47 9.23 8.81 0.06 3.72 6.85 8.26 0.61 6.32 4.62 9.53 3.15 2.97 8.98 6.94 3.27 2.53 9.42 4.41 3.31 7.76 8.03 8.04 6.26 1.30 8.87 8.11 1.55 2.95 3.03 9.89 8.02 9.44 5.33 0.25 9.70 2.35 6.39 6.68 7.34 0.48 3.61 6.57 4.83 7.11 7.01 9.61 3.65 5.48 5.60 8.32 3.42 4.74 0.56 2.96 1.35 0.72 5.87 6.96 7.50 2.77 4.63 5.25 6.23 2.49 3.70 8.29 7.45 4.57 1.30 2.53 3.66 1.61 5.49 2.65 8.12 2.98 9.00 1.23 4.22 5.09 9.10 7.30 0.70 2.00 3.05 1.75 2.15 0.56 1.84 4.23 5.32 6.93 9.40 8.55 3.59 9.10 8.83 9.45 3.88 1.26 4.38 0.72 8.27 8.01 8.67 6.98 8.00 2.91 6.14 1.36 8.30 2.88 9.79 6.39 9.33 4.15 7.88 6.82 9.26 9.72 3.21 1.58 5.60 6.39 8.54 0.10 0.19 6.90 7.48 4.07 0.22 4.50 2.11 5.75 7.81 6.39 1.76 2.16 7.98 1.37 2.83 3.79 7.22 0.73 5.73 7.46 3.24 8.81 7.95 7.98 4.72 8.87 8.88 9.78 2.82 1.03 4.28 8.12 6.20 9.86 8.65 9.97 4.19 1.68 4.67 5.47 1.35 5.59 1.29 1.75 9.44 0.66 4.49 7.44 6.08 1.90 1.30 4.93 5.96 4.21 4.92 2.28 2.18 3.01 8.78 7.50 2.13 4.51
4.59 0.04 7.53 3.73 2.25 4.60 7.95 0.77 5.11 6.18 2.36 0.02 1.44 3.11 1.37 6.11 0.12 8.08 4.43 5.26 8.16 9.14 5.34 3.97 1.67 7.33 8.87 5.79 7.53 8.27 9.07 7.67 0.83 7.79 4.63 0.39 3.86 7.98 6.52 0.54 0.08 5.23 3.84 0.98 6.07 9.57 4.54 5.69 5.62 9.85 1.15 9.54 6.31 2.05 8.85 6.48 4.52 3.17 0.24 8.66 6.07 5.07 5.70 8.57 1.51 4.81 4.15 0.75 9.46 5.75 8.84 2.54 4.51 3.90 4.54 7.62 9.18 8.93 5.26 2.24 5.82 8.94 1.44 9.04 5.96 6.69 1.50 0.35 4.29 0.97 7.77 1.97 0.54 3.62 4.49 4.06 9.64 7.58 6.27 1.38 0.09 8.74 4.83 0.21 1.83 4.72 1.66 6.04 5.60 9.53 8.42 1.66 8.93 3.71 1.30 0.74 7.81 3.72 9.69 1.70 7.53 5.78 7.72 9.11 5.51 7.99 2.77 1.58 5.14 5.80 7.57 8.98 5.15 6.93 7.95 6.56 5.69 5.46 7.54 2.55 5.71 2.79 2.27 3.69 5.82 9.85 3.52 7.50 9.41 9.19 8.70 8.42 8.67 6.16 6.61 5.12 1.52 1.50 6.85 0.46 0.06 0.83 8.65 3.99 8.24 7.93 0.72 2.85 0.18 2.87 8.44 8.08 0.69 7.14 0.79 2.19 6.85 8.73 4.03 6.36 7.97 5.02 0.27 7.87 5.07 5.48 1.73 6.17 7.13 7.75 2.75 1.77 9.11 3.00 6.58 5.47 5.73 0.30 2.06 2.33
9.07 4.24 2.11 8.15 2.44 4.53 8.61 3.22 8.36 6.56 8.46 7.99 7.50 4.31 4.01 6.76 6.59 3.13 2.42 5.04 5.15 3.67 1.19 1.80 6.37 2.01 4.80 2.60 0.56 7.62 6.11 3.00 8.39 0.61 3.95 7.17 9.31 0.14 2.17 3.47 8.79 3.04 0.53 7.44 4.82 1.92 3.49 3.34 3.45 6.14 9.14 2.41 0.33 0.27 5.41 8.87 8.04 3.97 4.87 4.78 1.50 7.11 6.81 0.48 8.24 1.88 5.06 4.44 4.65 0.46 2.95 9.71 6.06 0.91 9.32 5.27 4.13 2.04 8.35 9.87 1.88 5.52 3.93 1.33 6.76 0.91 3.15 7.37 3.92 0.26 7.18 6.33 2.97 3.08 6.62 6.36 9.21 7.12 5.61 1.92 2.20 4.40 5.23 4.84 1.50 5.65 3.67 1.28 4.78 7.73 8.14 7.56 1.57 1.25 6.34 0.60 8.01 9.98 6.78 0.50 7.26 3.53 5.20 2.01 0.02 2.58 1.88 6.87 8.20 7.54 4.34 2.64 5.31 6.80 7.26 8.65 5.14 2.97 8.90 0.14 6.51 7.11 3.61 5.06 8.32 4.13 4.20 7.37 1.31 8.56 2.88 7.90 0.88 3.33 2.32 4.93 3.53 2.45 1.50 7.41 2.95 5.17 6.87 4.04 0.30 5.73 9.95 3.57 7.92 1.92 7.07 4.80 7.54 6.28 3.27 1.58 0.22 4.48 1.02 3.60 6.35 7.20 7.60 5.97 2.78 8.84 3.31 6.48 5.34 1.14 4.58 4.73 1.31 2.96 2.55 5.61 4.48 1.82 4.13 9.22
2.94 9.38 8.07 1.61 4.91 8.57 7.44 6.12 9.68 1.24 8.48 9.97 5.94 9.68 6.08 4.66 3.60 7.10 2.44 7.44 7.55 5.18 9.01 5.40 1.51 3.78 9.71 2.66 8.89 6.12 1.24 8.58 3.34 6.92 4.93 9.21 0.10 1.45 3.79 8.09 3.35 2.04 0.36 1.03 2.08 2.93 3.17 9.23 5.53 9.14 8.87 0.15 5.13 2.38 5.49 0.33 2.79 1.75 5.34 2.11 4.63 8.71 9.61 3.02 6.84 9.02 4.72 2.01 8.14 2.68 6.49 0.84 4.18 9.11 9.46 7.60 6.53 9.98 4.60 7.43 8.22 9.60 9.56 4.24 3.98 2.79 9.05 8.45 1.60 3.07 3.75 9.89 6.55 2.92 9.74 4.29 8.75 6.06 3.67 5.05 9.92 3.58 6.79 1.05 9.12 3.80 8.12 1.69 0.95 9.89 6.63 4.92 7.64 9.09 4.58 2.14 6.78 6.58 3.05 4.89 0.98 8.95 5.68 2.75 3.46 8.59 8.33 3.37 3.66 7.20 4.38 4.21 9.40 4.59 0.18 9.06 0.33 3.30 1.05 5.44 0.38 6.64 7.99 8.34 8.95 7.92 9.35 2.51 1.37 3.56 4.83 1.08 4.44 2.99 8.32 1.90 8.36 8.12 6.71 3.92 6.07 9.98 2.22 7.45 6.09 5.35 4.58 3.68 2.28 8.00 2.90 2.51 8.29 8.92 2.97 3.12 9.39 6.74 7.20 4.53 4.22 0.87 9.19 9.83 5.70 3.72 8.43 0.25 8.05 7.68 1.21 2.45 5.90 4.00 0.53 2.03 3.56 8.43 2.17 5.82
2.35 7.62 7.51 4.32 1.19 2.43 8.86 2.91 4.83 7.28 9.69 7.32 5.19 4.20 6.61 3.80 6.73 1.96 6.99 2.93 1.15 5.54 6.72 6.26 3.24 9.97 8.51 8.40 2.97 3.48 3.43 3.93 6.49 7.42 4.64 6.91 2.82 2.00 5.25 2.90 5.40 3.85 1.79 4.24 6.71 5.69 4.31 2.41 3.50 3.65 5.76 6.16 6.62 9.74 3.89 8.09 5.77 3.75 5.96 4.48 7.93 1.37 2.40 2.71 9.01 8.21 9.37 7.08 9.08 1.04 2.09 7.18 7.31 6.94 7.77 6.75 1.97 9.65 5.88 1.27 7.95 2.68 2.10 7.56 0.04 5.43 6.62 3.16 6.19 3.31 5.43 0.07 3.01 8.68 3.10 1.64 5.10 1.10 6.09 3.37 5.98 3.92 0.22 1.02 2.13 6.04 7.76 8.05 3.22 6.34 4.63 3.10 1.07 2.06 7.73 6.37 3.55 6.68 5.17 8.37 0.72 4.61 6.03 6.96 2.25 9.45 9.61 6.58 8.05 1.21 1.75 4.85 9.83 3.57 3.75 9.66 2.46 7.19 5.56 6.78 2.18 8.06 6.94 9.96 2.06 0.17 8.21 4.17 9.13 8.17 0.23 9.70 8.08 7.38 4.43 5.13 7.64 0.57 1.77 5.90 2.11 5.26 0.05 5.00 2.87 0.65 9.03 1.17 9.72 4.80 3.47 2.18 6.17 6.52 8.27 4.89 2.54 1.19 5.19 5.24 4.04 3.47 6.63 4.59 9.17 9.68 6.39 9.78 9.36 6.54 9.28 4.35 9.99 5.39 7.01 4.18 2.11 7.32 5.57 4.28
2.24 7.70 1.89 5.00 2.14 8.94 6.50 5.10 5.03 0.36 4.96 7.74 8.08 9.63 3.03 5.42 8.92 9.17 5.70 6.05 9.03 6.30 6.10 9.50 0.76 7.47 3.90 6.00 3.85 0.75 2.69 1.07 6.16 4.14 0.74 4.11 5.01 9.58 8.40 0.12 7.76 2.33 1.75 3.68 9.72 2.21 9.49 6.97 7.10 5.02 8.02 2.54 8.29 3.93 7.08 6.93 2.91 1.38 1.11 0.12 7.22 8.30 5.62 1.13 2.67 1.90 1.81 8.40 9.37 1.53 9.73 2.05 7.77 2.07 4.04 8.75 5.15 9.62 0.36 5.78 2.85 6.01 6.03 8.35 3.51 2.02 9.29 4.14 3.82 5.14 8.03 1.01 5.48 7.49 9.90 3.72 2.63 9.77 1.42 7.51 2.24 3.23 5.04 8.77 3.85 0.87 4.98 7.86 8.40 7.72 0.20 9.49 3.56 8.55 9.45 2.18 2.09 2.73 6.57 8.71 6.98 0.36 2.00 3.55 2.90 2.88 5.37 9.51 7.76 4.92 5.61 6.59 6.10 5.43 8.87 6.62 4.28 6.90 2.34 6.53 2.25 9.17 6.32 9.47 0.05 7.90 2.54 8.38 5.77 5.95 6.28 2.22 7.79 2.54 1.25 0.15 0.66 8.85 8.35 0.08 3.57 9.01 8.85 7.22 2.96 6.39 4.33 9.23 7.80 8.52 8.43 3.09 8.69 0.49 9.34 3.73 4.00 0.86 8.87 3.70 4.21 7.12 4.28 6.93 2.22 8.36 4.31 4.65 0.10 4.61 3.42 8.80 1.40 8.70 5.06 4.61 9.46 9.17 1.13 6.92
0.90 4.69 0.03 1.32 9.51 2.32 6.44 2.85 8.91 8.61 8.45 0.39 7.46 6.38 1.38 7.79 4.02 2.94 0.47 3.34 2.93 7.23 8.78 3.96 3.67 1.67 1.49 9.52 1.22 1.62 5.94 3.21 9.55 7.72 6.66 0.12 1.69 3.10 4.16 6.98 9.65 8.67 5.06 7.70 7.23 2.70 7.08 8.06 5.75 3.60 8.74 9.32 2.59 9.56 0.25 3.16 9.33 0.10 5.43 0.92 2.87 1.91 8.80 3.67 5.19 8.86 0.49 9.14 3.31 7.57 3.05 5.13 4.65 7.37 7.58 8.99 6.37 4.24 2.87 5.16 3.23 1.86 5.29 9.99 8.94 5.19 3.51 6.55 9.45 7.43 0.21 2.64 9.15 9.52 2.38 4.85 9.64 1.57 6.47 4.38 2.02 7.56 1.81 1.48 0.27 4.51 2.89 9.80 0.64 4.47 8.85 9.87 9.23 7.09 5.70 7.28 7.29 9.73 4.40 8.38 8.39 5.06 9.09 4.58 2.17 5.17 0.43 9.16 0.25 3.51 3.24 0.17 9.26 2.25 1.27 1.29 5.10 4.12 0.45 1.89 1.93 1.48 3.21 2.13 2.22 0.10 5.28 3.92 8.03 2.65 4.11 2.51 5.26 3.93 5.61 4.12 4.02 0.59 4.58 3.81 2.41 3.41 3.87 0.46 8.41 7.74 3.46 4.59 0.62 3.27 3.60 9.89 1.31 4.54 5.84 5.07 3.04 0.90 2.51 6.84 3.70 4.85 0.30 9.13 3.72 2.88 5.43 7.31 8.73 3.12 1.11 5.10 0.78 5.85 5.37 0.81 9.33 4.28 3.36 6.12
8.72 0.90 5.38 5.23 1.53 7.50 8.71 9.45 0.80 2.40 6.73 5.52 3.64 0.81 6.44 1.25 4.65 2.83 4.36 0.05 5.87 0.55 4.44 7.90 2.66 8.04 3.05 2.26 1.39 2.39 6.05 4.93 1.53 6.19 1.68 8.70 9.52 8.79 1.82 1.21 7.32 5.02 2.19 5.71 8.20 5.90 1.95 0.76 8.19 0.14 2.86 2.66 6.39 7.14 5.47 6.81 4.85 2.79 4.38 6.02 1.56 8.12 7.54 6.75 1.45 8.16 7.65 8.63 8.21 9.94 7.26 6.96 6.64 1.59 2.35 2.94 1.07 6.29 5.66 0.37 5.68 3.37 4.90 8.07 1.69 2.18 0.36 2.91 1.52 2.99 0.15 2.67 0.37 9.90 3.75 5.30 8.19 0.27 0.73 3.57 8.58 6.71 4.56 5.97 5.06 6.21 4.06 6.90 6.22 4.06 1.91 9.02 5.06 2.77 6.78 8.77 9.90 4.30 6.49 9.48 5.82 8.75 6.95 5.61 4.08 6.73 9.67 2.18 6.81 9.24 0.43 3.65 6.55 6.46 5.87 7.87 6.97 1.49 4.61 3.94 7.05 4.26 4.46 6.18 3.50 8.15 9.61 6.57 1.41 2.67 6.98 0.37 6.68 4.13 0.40 9.69 4.89 2.40 1.18 9.98 3.69 2.04 5.45 2.98 8.30 5.56 7.81 5.55 1.45 1.88 4.55 6.49 6.27 9.34 3.83 7.83 5.33 8.75 0.39 9.57 7.45 9.87 0.79 8.27 8.24 8.71 2.43 8.42 3.49 2.71 1.84 2.40 1.43 7.66 8.56 4.62 5.95 0.28 0.73 9.18
4.06 0.10 2.72 4.97 1.06 2.49 0.18 8.69 7.62 6.06 7.14 0.40 8.42 7.92 7.23 0.91 1.29 6.33 8.95 8.79 8.88 8.72 7.33 3.34 1.12 2.20 1.38 5.47 6.11 8.67 7.48 5.64 3.83 1.98 4.79 1.10 3.52 3.38 1.09 7.76 8.88 3.76 3.10 2.38 6.62 2.52 7.14 7.42 8.90 7.13 5.43 3.56 9.25 5.42 3.23 1.97 4.13 5.47 9.13 6.93 2.40 3.41 9.15 3.76 5.65 9.69 5.83 7.61 1.15 6.52 8.33 0.30 8.68 3.50 6.87 8.11 4.77 2.06 5.33 1.66 7.36 9.50 9.03 0.27 8.65 2.49 3.51 9.46 8.95 1.06 8.30 0.34 6.42 1.89 0.19 4.95 4.38 5.96 9.46 0.67 8.65 6.07 9.13 5.43 5.32 6.84 9.14 2.23 9.00 9.70 6.85 3.16 7.93 6.06 7.17 6.17 5.01 0.93 7.23 4.25 6.50 7.19 5.31 1.00 3.61 3.22 1.57 6.98 2.22 3.24 0.18 3.23 0.19 2.20 4.87 3.49 8.91 6.87 0.92 5.47 3.35 1.12 7.88 2.72 6.99 4.90 7.46 1.12 6.54 9.35 4.85 7.13 7.03 7.44 5.08 8.52 7.41 9.44 3.43 0.93 9.71 1.11 2.27 7.72 9.12 9.82 4.78 6.77 2.16 3.71 5.18 7.68 4.28 5.34 8.31 2.69 1.51 7.63 0.37 0.62 9.60 7.49 5.37 4.33 4.47 6.98 0.70 9.92 4.62 2.52 4.23 9.01 3.70 8.06 6.28 1.11 8.02 2.14 5.37 3.72
7.94 0.44 3.71 8.33 0.48 5.78 1.13 3.89 9.99 3.22 6.90 9.79 4.25 8.20 3.24 0.61 3.54 8.11 3.72 0.84 7.02 5.49 5.16 9.11 4.71 0.83 5.33 9.90 3.03 3.92 2.52 6.42 9.30 0.15 0.75 3.51 4.22 6.09 2.23 9.82 2.09 6.85 5.74 3.34 6.43 3.03 0.70 2.09 9.97 9.43 6.20 2.05 7.13 8.15 4.11 5.35 0.38 0.77 2.60 1.87 1.61 0.99 7.70 3.14 9.62 8.09 5.60 9.92 6.63 3.91 6.08 1.25 5.37 1.40 3.65 5.74 6.69 4.43 3.99 4.74 2.72 8.01 8.60 9.56 5.62 3.51 3.57 5.43 9.93 0.27 6.81 2.86 8.40 9.48 2.49 8.30 7.57 9.81 9.82 8.44 9.84 0.71 3.12 4.51 8.53 6.46 2.43 6.17 2.09 5.31 2.61 6.03 0.92 2.72 3.63 1.26 2.60 3.91 1.49 2.78 3.27 6.08 1.00 9.15 9.68 4.83 4.19 6.63 5.98 9.17 4.94 6.19 0.31 0.12 5.13 8.57 4.89 1.88 0.46 0.72 6.47 8.32 7.50 9.91 6.33 7.35 6.39 0.34 7.07 6.08 7.19 4.80 1.10 7.97 0.06 3.26 2.77 2.39 0.97 5.01 0.32 0.86 7.57 5.02 4.86 1.77 8.02 8.38 6.15 6.47 0.88 1.52 5.73 4.62 8.15 3.08 2.37 1.56 0.53 6.97 4.81 9.29 5.21 9.13 6.07 8.64 0.46 2.07 9.80 3.39 8.90 6.68 7.08 5.85 3.71 7.32 3.97 0.40 0.08 1.86
6.47 1.93 4.11 7.56 1.33 3.07 6.29 6.99 4.58 9.54 8.99 6.68 1.94 8.79 1.08 8.63 9.42 3.96 5.99 0.88 7.35 1.57 8.00 1.44 5.91 5.01 0.87 2.47 3.15 9.02 8.74 5.76 5.57 3.13 7.33 9.00 9.59 5.22 5.23 4.62 6.90 7.42 1.80 6.00 5.05 1.25 8.57 3.24 0.64 4.72 9.79 2.57 8.16 5.31 7.75 0.65 8.75 1.19 5.24 2.86 9.25 4.38 3.06 8.61 6.62 8.85 3.34 8.94 2.15 1.64 5.68 9.43 9.93 5.06 1.55 3.97 7.98 0.46 7.56 4.93 6.40 1.89 1.64 9.28 3.54 3.23 1.38 1.56 9.94 7.58 2.32 5.02 2.82 3.77 0.79 4.86 9.94 2.76 5.17 6.54 6.39 7.38 7.99 6.83 3.00 1.28 2.04 2.30 6.04 0.67 6.69 8.13 5.44 8.90 6.45 9.19 1.99 1.40 7.63 0.13 0.78 5.14 9.19 9.02 1.81 3.20 6.17 4.49 8.82 3.31 3.84 7.18 9.48 2.17 5.90 1.18 7.07 7.04 0.29 1.83 6.39 4.21 9.25 4.87 9.32 8.18 6.74 6.80 9.06 8.95 5.10 2.46 8.39 0.24 7.40 9.50 4.16 4.29 8.09 7.00 6.41 1.17 4.85 3.50 7.14 5.52 4.70 3.89 7.74 7.95 5.25 0.68 4.24 4.95 8.81 9.31 2.34 3.70 1.73 9.53 8.51 7.35 4.48 2.96 5.67 8.62 8.58 2.82 9.29 3.00 7.73 5.11 3.83 3.45 2.75 1.08 5.91 6.38 2.28 5.68
2.11 2.79 5.75 5.09 0.95 4.38 1.34 3.11 0.33 9.06 7.36 3.20 0.04 9.92 0.98 1.88 2.31 8.59 5.79 0.84 7.61 3.36 5.67 0.96 4.11 1.67 0.52 5.96 4.68 2.44 0.89 9.11 1.91 2.09 9.68 3.05 8.42 0.50 8.66 2.29 8.20 6.79 6.87 0.98 8.50 9.07 1.97 2.60 5.06 9.92 6.94 7.15 5.63 8.84 7.87 4.94 2.24 8.77 0.19 8.38 6.11 0.17 4.90 9.28 4.84 4.80 9.74 2.87 9.43 6.02 8.26 4.48 8.32 2.16 4.99 6.81 0.64 0.32 1.33 8.40 0.92 1.25 7.15 2.84 4.26 5.66 0.94 2.06 0.66 8.73 2.64 6.93 3.96 1.10 2.41 7.19 0.88 9.72 5.39 1.06 6.76 6.37 8.57 5.06 4.23 5.58 5.58 2.78 8.70 8.10 0.83 2.61 7.64 7.04 7.96 8.43 2.69 3.23 3.51 0.11 6.99 1.35 5.95 6.47 6.96 3.89 9.18 1.11 1.19 8.84 1.97 6.68 1.77 7.24 8.98 3.96 1.28 7.56 3.07 3.98 3.36 0.13 3.68 0.44 0.85 4.35 4.10 2.98 1.40 1.77 1.77 8.77 1.92 0.80 5.76 6.73 4.15 2.72 9.49 8.33 6.78 7.69 8.17 4.09 0.85 9.12 4.63 9.01 9.51 8.35 9.95 7.50 5.75 8.29 6.26 8.90 0.92 6.96 5.09 3.17 1.73 0.38 8.62 8.76 1.66 5.51 1.04 1.43 9.17 4.30 1.76 5.09 9.15 1.73 5.68 8.47 3.18 8.04 2.59 8.61
0.91 0.36 6.35 8.40 2.30 9.00 8.33 6.54 9.22 1.23 5.35 7.54 9.97 3.44 2.02 8.63 0.64 7.12 2.13 2.32 1.36 2.11 7.90 9.16 3.40 2.95 7.77 9.08 4.89 5.35 3.16 6.40 5.07 4.92 0.78 6.84 0.63 2.83 6.15 5.22 3.53 1.49 1.65 3.03 7.78 6.33 3.35 5.42 9.81 3.00 6.00 4.97 2.63 6.02 2.08 0.19 5.83 3.06 9.64 3.67 2.02 8.35 1.12 8.55 2.40 2.91 4.20 1.94 0.02 5.87 1.94 4.34 6.26 0.92 2.65 7.52 2.00 6.88 2.31 9.75 3.86 0.79 5.29 6.60 1.69 5.88 4.87 0.98 8.92 8.45 9.29 5.01 1.74 4.57 7.10 9.62 5.39 1.28 9.42 8.97 6.68 0.47 2.00 1.72 4.16 6.16 6.92 8.37 2.69 9.23 4.85 6.72 8.82 0.93 1.29 9.63 5.92 1.10 6.04 5.79 5.38 2.14 1.10 0.21 8.28 5.61 0.60 3.17 3.79 6.63 9.83 8.63 1.18 8.70 9.22 0.57 8.63 8.50 0.89 3.19 5.80 3.47 9.62 3.96 6.01 0.22 7.59 9.02 9.44 2.88 6.14 5.98 6.36 7.50 9.71 5.89 6.03 0.90 8.93 3.02 1.12 7.41 0.47 6.32 1.88 1.27 1.90 6.58 9.89 9.22 3.39 4.26 2.25 8.46 7.82 0.13 7.45 7.27 4.37 6.13 7.73 4.39 2.25 8.77 0.23 6.45 8.00 0.05 7.28 0.67 3.43 6.59 0.47 8.94 9.92 0.04 9.05 3.34 6.30 8.26
9.06 7.16 5.30 3.37 7.73 6.58 3.88 9.62 6.38 8.20 7.67 6.61 3.20 9.84 6.19 2.42 9.95 3.54 9.26 3.19 7.57 5.75 0.75 0.68 4.41 1.96 0.79 6.16 3.65 6.56 3.88 1.76 2.71 0.23 1.81 3.66 0.91 8.87 3.37 3.64 1.37 4.34 0.31 6.73 4.65 1.19 2.28 5.91 0.15 4.03 0.35 4.95 1.90 8.56 1.99 9.79 3.25 2.22 0.22 6.71 2.39 6.24 6.99 4.74 2.37 9.21 0.47 7.73 2.24 7.61 9.79 4.25 3.55 1.95 2.32 0.77 4.54 5.52 0.60 5.02 6.48 5.02 5.03 3.92 6.21 9.17 0.66 1.66 1.30 7.82 2.24 8.66 3.40 3.59 7.76 1.76 4.48 7.67 7.87 5.85 0.68 9.82 8.60 9.87 3.99 0.24 4.55 8.69 0.07 3.57 7.00 6.19 4.96 0.25 6.41 0.94 1.21 2.28 7.45 6.18 9.18 9.57 2.07 4.08 9.62 9.29 0.44 0.07 5.57 5.23 1.65 0.60 6.42 5.50 0.42 4.19 7.98 7.64 9.23 1.34 4.99 1.55 9.63 4.96 3.15 4.35 0.24 8.54 7.70 6.90 9.36 6.19 7.96 0.19 6.40 5.37 8.28 3.95 6.22 8.54 3.08 4.36 8.83 8.55 2.38 5.42 6.16 6.22 5.17 8.88 2.78 5.25 7.99 3.52 7.38 2.49 0.01 8.33 9.81 7.58 6.33 5.26 3.87 2.98 2.34 3.78 3.85 9.31 2.08 2.72 0.87 0.26 5.10 2.63 9.80 6.16 2.12 0.88 9.48 1.73
6.18 4.88 6.12 0.32 8.98 8.53 9.10 3.71 3.73 8.91 6.68 0.10 8.10 2.21 7.95 5.81 3.94 1.34 3.73 4.72 8.12 1.74 3.06 9.04 1.38 7.79 1.53 5.92 5.71 6.22 1.64 1.90 7.27 9.72 6.97 2.89 6.78 2.59 0.16 4.47 5.66 4.37 0.07 5.37 8.50 7.43 5.57 5.48 7.74 1.17 8.70 0.11 1.92 4.14 3.99 5.61 6.92 0.83 3.32 3.42 0.88 0.15 8.64 2.03 2.60 0.25 2.70 6.81 6.28 5.28 9.28 4.06 5.51 6.82 7.75 7.25 2.49 5.52 4.58 2.79 4.03 8.96 5.10 1.14 3.24 9.00 4.66 0.39 4.94 1.78 2.09 7.54 6.41 9.78 2.07 8.35 7.71 7.65 0.73 5.13 4.93 8.04 4.86 6.55 0.40 0.45 2.82 0.56 7.33 3.05 9.72 5.22 4.24 0.08 0.36 1.82 4.73 3.28 5.66 7.99 2.15 1.94 3.45 4.77 6.90 3.43 6.81 4.91 7.08 3.61 0.45 6.21 2.93 2.98 6.36 6.68 0.67 7.95 8.87 3.29 1.04 8.18 0.06 6.58 1.71 7.42 4.49 7.32 9.29 1.09 8.22 1.00 6.56 3.18 9.54 0.07 4.05 8.02 3.22 3.98 7.73 3.43 6.12 1.40 1.93 4.19 3.96 9.83 8.59 2.33 5.20 1.37 3.71 4.87 5.12 8.28 2.71 1.05 1.80 6.76 7.19 4.89 0.67 1.24 3.11 5.73 6.75 2.13 1.45 4.26 7.07 2.30 4.45 7.81 3.78 0.95 1.84 9.57 5.63 6.87
1.67 8.03 9.85 0.87 5.73 0.59 0.64 3.15 4.05 0.59 8.95 7.41 9.69 6.08 9.64 3.73 9.52 4.75 9.55 3.61 3.01 0.55 7.87 6.31 4.49 7.90 9.91 2.65 4.34 1.73 5.62 5.24 3.33 5.92 0.89 2.57 5.14 3.46 0.00 4.05 6.33 3.41 2.62 4.05 9.25 3.81 0.29 9.91 3.20 0.14 7.09 5.76 5.92 6.94 9.98 2.40 5.78 7.77 4.49 5.33 9.98 6.97 7.11 4.65 2.78 5.16 1.21 7.26 3.66 8.37 0.41 7.72 2.28 8.59 5.81 2.52 9.55 5.22 9.95 6.84 6.33 9.45 9.52 0.46 2.99 3.03 6.05 2.75 4.58 8.56 9.13 0.59 2.75 9.65 9.95 8.33 0.98 8.33 4.98 3.83 7.42 0.18 8.56 7.10 2.15 6.90 9.54 5.89 6.55 4.17 9.49 8.31 0.80 4.91 4.01 0.04 1.38 4.81 6.44 4.53 7.05 4.10 1.60 9.36 2.23 5.15 0.08 7.26 9.06 9.20 5.09 0.22 4.85 0.73 7.47 7.29 1.00 9.97 2.47 4.15 5.16 7.63 5.91 0.66 7.77 0.91 7.99 1.24 0.76 1.91 2.51 2.86 0.74 1.23 9.84 7.35 2.41 7.49 2.76 2.81 2.18 6.67 7.24 3.31 2.11 7.42 7.07 4.68 5.23 8.80 8.72 6.15 5.70 3.37 3.29 3.91 7.36 7.54 2.35 3.41 4.05 7.93 1.24 8.46 0.48 2.34 6.77 2.75 0.35 2.08 1.00 9.69 9.98 3.47 7.20 1.11 1.14 1.11 4.48 1.11
8.80 9.81 4.81 8.53 4.75 5.52 5.05 4.99 0.19 5.57 6.56 3.72 8.36 6.71 5.56 8.80 3.09 5.24 6.77 4.20 2.94 7.41 1.89 4.08 0.18 5.80 7.66 4.60 9.32 4.57 9.52 2.85 5.75 9.96 8.06 3.08 4.45 9.35 7.09 0.18 1.25 1.62 5.54 8.58 7.56 1.29 4.12 7.92 1.45 3.77 0.42 4.66 4.75 5.23 7.00 7.97 3.19 6.83 3.90 1.70 7.96 1.07 6.74 2.81 5.15 1.42 8.11 8.83 3.84 5.35 8.54 6.68 5.56 8.76 4.05 9.09 8.08 3.09 8.49 5.92 6.80 2.24 7.83 4.00 1.45 6.15 5.82 1.61 4.74 5.40 3.79 2.72 7.83 1.29 6.05 1.40 3.06 6.90 9.72 4.07 7.12 8.17 3.55 0.83 6.15 7.12 7.31 7.08 5.46 7.70 5.27 8.32 1.16 0.97 8.11 5.17 7.77 9.01 2.52 4.70 7.61 8.05 7.78 1.70 8.04 5.34 4.63 2.21 5.40 1.32 9.32 1.49 4.28 3.59 5.27 2.28 7.85 6.65 8.70 4.26 8.53 1.39 3.56 6.21 9.61 7.74 9.80 0.36 5.47 8.99 9.97 2.43 0.37 1.70 5.02 6.18 6.06 1.53 9.81 3.60 4.89 6.30 6.45 2.90 0.71 7.29 6.74 8.98 5.91 7.73 1.83 0.72 7.58 6.63 8.31 7.61 2.79 9.87 6.47 5.46 7.94 8.42 1.70 5.46 1.14 5.39 2.16 3.39 7.45 1.79 0.81 8.25 2.88 6.11 9.89 8.39 4.38 7.03 0.73 5.30
7.94 0.62 3.93 0.38 5.42 8.37 8.96 6.51 6.89 2.80 9.68 4.03 3.53 8.30 8.06 5.37 8.31 7.41 4.76 5.69 1.89 5.07 4.48 4.17 2.35 0.97 0.94 5.49 7.34 8.57 0.51 6.38 6.41 6.09 2.84 1.07 3.07 1.53 9.41 7.64 2.96 8.69 0.05 9.95 5.15 7.72 9.85 4.92 5.38 8.96 7.17 7.20 5.80 1.04 5.58 0.12 2.41 6.73 0.34 0.83 9.25 6.07 3.04 8.02 1.16 0.76 6.58 5.90 0.95 5.89 7.46 0.41 4.10 0.60 9.27 8.38 9.78 5.19 8.63 0.09 4.37 6.08 6.72 8.99 1.17 8.10 4.58 1.23 1.96 2.68 6.53 6.67 7.47 1.52 9.77 2.88 1.69 2.57 6.50 3.49 5.27 6.71 3.81 9.12 6.68 9.00 5.01 9.69 2.16 2.53 5.74 6.16 2.47 3.33 8.94 4.56 4.71 0.36 7.68 6.84 5.49 5.33 2.07 1.82 9.24 9.16 5.99 8.71 2.47 5.74 2.27 9.34 9.23 5.22 1.33 1.17 8.20 3.60 9.41 0.60 8.36 7.01 3.24 6.26 7.67 0.90 3.75 5.89 6.86 1.08 4.35 0.87 4.19 7.99 2.41 0.73 3.45 1.30 5.62 2.99 7.48 5.08 2.80 2.61 6.42 2.37 0.51 1.13 4.92 0.27 7.10 8.55 0.18 2.07 4.92 9.51 8.87 4.62 1.46 1.02 4.35 7.92 8.27 9.02 6.99 9.69 9.29 8.39 7.13 2.99 1.98 2.66 2.33 9.68 9.85 5.95 1.23 5.78 8.15 0.62
6.95 5.74 5.79 3.08 5.55 0.60 1.42 6.32 5.36 3.13 1.31 8.17 9.42 4.80 4.42 8.09 9.47 9.20 4.38 7.10 0.90 3.19 6.59 3.25 1.48 0.49 5.17 4.21 8.36 6.49 3.33 9.55 8.03 4.14 5.87 8.62 5.97 1.82 2.95 3.17 6.47 9.57 3.87 5.94 6.28 0.02 3.47 2.39 5.33 2.86 9.92 8.98 9.79 4.42 4.14 6.56 2.55 7.31 0.80 3.79 2.12 5.96 2.85 8.19 2.83 1.38 8.99 8.51 6.70 3.72 7.13 0.40 2.82 4.80 8.55 9.89 6.20 7.00 5.08 6.07 2.30 8.55 7.57 6.52 5.43 1.79 8.81 7.88 6.03 1.36 8.42 7.54 1.10 6.43 4.17 6.33 3.06 4.66 4.52 1.08 0.60 4.12 5.44 5.22 1.52 5.93 8.04 6.26 5.18 8.92 1.14 5.42 7.23 0.19 1.23 3.07 2.91 0.32 7.10 4.21 6.33 8.83 2.17 5.83 5.35 6.94 3.14 8.00 4.26 3.28 7.45 8.63 4.47 6.89 7.73 7.11 5.20 5.34 7.30 0.19 8.21 2.39 0.75 9.66 9.47 3.16 0.74 6.15 4.26 0.97 4.71 3.78 3.71 4.95 8.08 4.14 1.27 0.36 1.38 1.60 9.65 3.56 3.95 0.01 5.73 0.91 0.31 0.23 7.50 0.37 0.37 2.46 5.91 6.07 4.51 0.19 2.22 0.35 4.25 7.26 8.41 4.69 5.23 5.52 2.28 3.56 8.86 7.38 8.37 3.57 0.71 1.42 4.96 5.83 8.15 3.01 3.78 7.67 0.15 1.54
5.59 1.16 5.85 8.53 4.97 0.28 0.14 8.30 8.84 1.72 3.46 5.44 8.89 4.75 2.28 5.10 3.14 5.55 2.08 9.57 4.60 5.12 8.92 4.85 2.41 0.05 0.07 1.58 1.42 3.05 8.68 4.44 4.38 3.34 7.53 4.52 6.24 8.59 8.85 2.10 0.70 3.76 3.40 6.80 5.10 3.37 4.49 7.43 5.36 5.24 9.15 6.61 9.98 7.63 0.93 4.86 6.53 5.98 1.59 7.99 0.24 4.92 5.21 4.10 2.03 9.01 8.23 8.88 5.76 7.50 5.54 4.85 0.82 4.42 5.86 4.57 4.22 5.46 4.63 8.02 9.51 3.28 4.75 1.13 9.84 2.06 0.91 4.16 5.75 6.29 8.43 8.02 3.17 8.77 8.17 7.66 1.47 5.25 0.93 7.44 1.62 7.73 2.33 0.76 9.05 2.43 3.71 8.20 6.03 7.76 8.44 1.36 4.78 9.30 4.26 4.43 3.06 7.26 5.77 3.85 7.19 8.15 4.97 4.86 4.31 6.82 8.77 0.07 8.08 7.96 9.85 8.52 1.83 4.22 9.19 7.17 5.00 2.71 1.28 4.59 0.05 5.87 2.94 9.55 9.28 5.46 5.71 2.71 9.29 5.02 3.90 9.69 4.04 0.11 3.03 1.25 5.10 0.71 2.50 7.35 1.45 8.71 9.03 0.27 1.72 8.50 1.03 2.15 4.44 2.22 0.85 1.98 3.72 6.50 5.85 3.79 1.85 2.26 7.70 7.70 9.61 1.21 2.32 4.60 8.01 4.42 0.84 2.40 8.69 0.80 8.23 6.51 0.03 2.14 1.41 8.24 8.71 4.18 7.68 5.72
8.30 5.65 8.42 0.69 4.15 2.84 0.31 7.31 9.35 4.39 9.28 1.85 7.91 9.07 9.60 8.80 2.45 9.74 1.67 9.26 6.03 5.82 9.76 7.12 6.43 6.98 9.56 2.24 6.32 1.49 5.17 9.28 9.31 5.32 5.71 2.05 5.83 3.56 6.05 0.78 8.32 2.42 0.69 7.41 2.43 7.20 6.71 8.33 5.65 3.24 1.44 7.60 1.26 5.37 4.06 8.47 9.43 9.12 3.12 6.57 8.91 5.05 8.30 0.44 5.90 6.60 6.87 9.61 5.76 4.59 1.06 0.60 0.68 8.63 1.70 8.30 7.64 8.54 8.76 8.93 0.70 7.93 2.54 6.12 0.09 6.14 2.41 6.36 6.09 8.75 8.46 5.91 8.39 3.96 4.43 9.13 7.23 5.68 4.72 2.88 3.61 1.59 0.65 9.71 0.84 9.54 7.23 3.73 1.05 5.16 3.07 9.24 5.70 2.69 7.19 4.06 4.66 3.10 9.26 4.64 8.62 3.57 3.92 3.01 4.67 0.55 9.34 2.60 4.20 1.31 0.66 9.05 5.19 7.85 9.11 0.42 2.03 6.04 4.24 6.18 0.49 3.20 7.97 3.51 7.65 4.74 4.75 5.50 5.27 1.55 3.08 6.47 1.77 8.85 0.39 7.40 4.03 8.45 5.75 5.57 8.95 0.32 9.01 4.46 4.40 3.39 2.07 0.43 2.66 7.56 7.89 0.49 0.57 7.51 4.09 3.90 1.59 0.28 9.75 8.25 5.21 6.06 1.36 5.81 8.34 6.92 7.83 2.98 1.79 2.20 0.84 3.42 4.72 5.98 5.37 3.81 9.57 9.42 0.96 0.57
3.98 6.86 2.62 1.18 6.12 8.46 0.50 0.91 5.52 3.78 3.42 2.04 7.53 2.05 6.39 5.31 9.36 1.70 8.66 7.69 6.92 4.83 6.02 9.69 7.46 5.39 3.39 7.86 5.66 4.57 1.47 0.83 4.91 4.23 7.41 4.00 1.80 8.36 4.04 4.73 1.01 6.50 6.89 7.37 8.00 5.14 5.54 5.96 1.09 7.82 6.13 8.81 9.03 7.84 0.82 7.26 2.26 1.93 6.08 7.83 9.17 4.39 6.62 9.02 1.12 9.75 7.03 9.84 9.19 1.95 6.36 5.83 4.45 4.70 8.16 5.83 3.02 6.38 8.19 0.96 5.93 4.94 1.31 7.45 0.57 7.39 3.96 6.91 2.00 8.47 8.14 0.81 8.19 4.92 9.41 5.19 8.68 6.02 6.28 3.81 9.19 2.40 6.79 6.58 8.11 9.81 9.66 8.77 9.05 0.12 5.90 0.02 3.40 0.81 1.27 7.61 7.42 8.82 1.67 2.44 2.15 4.74 1.81 5.89 6.13 1.75 0.10 9.77 7.10 6.73 0.53 0.15 8.31 2.33 0.64 5.86 7.56 5.32 7.13 9.93 2.02 3.38 8.08 6.52 1.31 1.80 3.80 4.57 8.86 1.37 6.68 5.67 2.20 2.44 1.28 2.31 0.14 5.00 4.93 9.03 8.33 4.83 8.06 2.85 0.54 7.89 2.08 8.75 3.81 0.93 8.63 9.02 2.52 6.19 5.35 4.88 6.42 3.28 0.68 3.94 9.14 4.32 8.05 9.78 2.99 7.17 3.23 4.95 7.22 3.19 2.26 2.66 2.56 6.79 6.30 5.75 1.13 1.50 8.24 9.43
6.10 3.33 7.02 5.53 1.58 7.52 3.77 5.51 1.98 8.33 8.60 1.94 5.08 7.88 4.93 5.39 3.19 5.12 7.03 6.05 7.12 1.21 7.01 3.64 4.53 8.97 1.17 4.43 3.73 3.37 6.02 8.00 9.08 6.86 2.60 9.51 4.49 5.17 5.87 4.58 6.83 3.54 4.07 5.44 9.92 1.64 2.28 6.08 5.28 7.84 2.69 0.58 5.89 3.93 0.39 5.40 1.83 3.89 9.19 1.88 4.88 5.06 3.35 1.71 8.13 1.78 5.32 0.53 8.11 9.98 8.65 8.32 9.23 6.93 9.29 9.93 1.38 9.63 3.86 7.06 7.80 6.76 4.19 6.20 8.23 0.22 3.91 5.63 5.07 6.90 2.02 3.44 1.67 2.72 9.37 6.82 5.51 3.24 6.29 5.49 8.70 7.47 0.11 7.71 1.71 1.17 2.57 4.71 5.83 9.40 9.32 9.69 5.98 5.74 0.33 9.74 0.00 7.68 9.17 4.60 8.13 2.00 9.39 9.29 0.03 2.58 7.06 3.79 1.85 6.66 5.49 8.78 5.52 5.94 8.97 6.96 1.85 7.22 2.22 6.38 7.25 4.70 2.17 4.38 5.20 4.14 0.98 5.29 7.97 1.41 6.55 1.80 3.79 5.85 5.60 1.82 7.77 6.87 1.17 4.75 1.91 0.95 7.89 1.34 6.25 8.73 1.12 5.08 6.69 0.76 9.44 7.78 1.99 5.92 6.65 3.67 2.86 5.10 3.19 6.92 4.39 6.76 8.24 3.04 5.03 2.70 3.21 8.86 3.70 4.28 7.43 3.83 3.45 7.12 3.47 9.17 1.47 2.02 3.25 6.11
9.36 7.48 3.76 7.13 0.71 4.46 5.46 8.90 3.06 6.50 9.93 4.01 4.28 5.25 7.17 5.77 6.61 5.23 4.78 3.06 8.08 1.71 4.25 9.83 6.64 3.74 5.85 5.71 6.42 3.86 9.96 1.63 8.11 1.84 1.03 7.87 1.91 1.87 1.17 2.05 6.81 1.37 7.90 4.11 2.56 9.90 5.53 4.18 6.19 6.99 6.16 3.96 0.89 2.39 8.36 6.63 9.01 4.37 0.31 1.89 7.55 5.21 7.02 6.76 9.97 1.50 4.73 7.77 0.82 6.10 5.76 8.70 8.69 5.22 0.36 9.03 3.92 2.43 6.48 9.56 7.54 2.05 4.95 7.73 2.71 1.60 3.44 2.52 4.41 3.02 1.65 1.71 0.20 1.62 3.43 1.28 7.87 8.34 6.11 3.39 8.57 2.96 1.17 6.37 4.43 5.21 9.23 1.53 0.00 4.04 3.22 0.44 4.63 2.13 2.63 0.54 3.77 7.38 7.40 8.62 6.02 0.63 4.77 7.58 9.41 1.60 1.26 3.18 6.69 2.66 0.77 8.34 8.02 6.11 0.25 1.31 8.32 9.46 8.09 5.23 4.08 1.15 3.06 9.82 2.76 4.11 6.57 7.70 8.72 0.65 4.07 9.55 1.15 5.72 0.78 7.06 4.33 5.24 1.64 8.40 4.31 6.80 4.32 5.83 1.52 0.96 2.27 4.44 5.33 7.75 7.75 7.58 0.97 2.77 7.46 5.10 7.97 7.23 9.88 5.31 4.63 6.01 9.60 7.24 7.07 4.28 5.39 2.53 1.58 1.09 7.15 6.96 1.54 3.64 5.32 6.94 4.88 2.99 7.29 2.68
7.56 2.25 3.84 4.97 7.36 5.96 4.87 3.45 4.96 5.35 2.50 8.65 9.35 6.41 6.46 4.59 7.84 7.98 4.97 6.51 9.48 3.96 0.70 1.98 9.31 1.02 9.94 5.58 9.42 0.09 3.22 0.98 4.24 4.71 5.86 2.53 6.98 3.66 1.45 6.34 9.18 8.23 5.15 8.07 5.95 3.28 4.00 8.79 3.19 7.38 6.73 2.29 8.00 9.36 7.27 8.83 2.37 6.07 2.84 0.53 5.92 1.58 5.91 3.64 3.34 8.05 8.82 6.93 7.89 0.99 6.31 6.94 6.44 9.66 3.34 9.61 3.70 6.82 0.43 9.15 8.79 6.31 1.47 7.49 9.65 8.62 6.65 7.25 7.64 0.76 4.10 5.95 2.09 3.07 5.15 6.36 2.41 5.40 1.90 8.03 6.40 2.29 4.14 7.62 5.82 1.55 1.54 0.92 5.12 9.33 0.93 4.88 4.70 7.15 4.52 6.31 8.09 7.40 2.64 2.99 5.17 3.14 7.81 7.60 2.13 6.73 1.51 8.11 3.44 6.73 1.41 2.97 5.27 9.27 3.53 0.42 7.21 1.11 1.34 2.83 3.12 9.01 5.12 7.56 3.97 3.18 5.94 3.70 8.53 5.64 3.56 2.41 2.78 4.25 0.47 7.91 7.09 4.77 9.68 9.93 8.27 4.77 2.39 0.49 8.51 0.89 5.90 3.20 0.76 9.35 1.61 6.30 0.93 1.24 0.84 5.90 7.74 9.97 4.76 7.42 1.09 2.97 7.31 8.62 4.78 3.18 2.43 4.34 0.58 2.48 1.05 0.06 3.36 5.94 4.25 7.25 5.90 7.84 8.46 0.96
9.09 6.65 4.67 1.89 3.16 8.35 0.92 4.60 7.65 5.57 9.44 2.58 2.17 8.19 3.68 7.16 1.63 4.60 2.17 2.91 6.85 7.18 4.98 7.29 6.44 2.14 9.80 5.15 1.39 2.56 7.36 5.99 5.87 0.63 2.87 1.73 1.22 5.78 7.24 0.50 2.34 7.96 6.85 8.08 8.02 7.13 5.63 3.53 1.98 4.78 8.34 4.20 3.59 2.78 4.69 9.49 1.27 3.19 2.44 2.35 1.47 0.03 9.85 3.01 8.11 9.19 7.06 3.23 4.67 8.67 4.15 3.10 9.13 1.71 5.47 1.12 7.95 9.52 4.16 2.41 4.68 3.50 6.44 2.04 5.88 8.72 7.56 8.59 1.14 8.11 8.25 6.06 1.77 1.36 6.19 0.56 4.43 9.50 8.75 2.81 5.07 2.60 1.28 8.06 6.05 3.31 8.56 6.63 6.27 7.39 7.01 6.27 0.04 2.91 2.38 1.97 8.27 4.33 5.67 0.86 6.85 2.15 1.59 0.49 0.03 3.58 7.99 0.71 6.58 1.75 3.91 6.25 6.14 8.92 1.37 6.54 5.64 9.30 4.18 8.05 9.31 5.37 7.33 4.81 6.01 3.52 1.10 4.00 5.99 4.79 7.33 6.99 3.67 4.36 2.92 2.50 3.76 6.37 6.95 5.22 4.28 8.86 9.18 1.70 5.01 3.70 5.94 5.75 6.66 6.90 1.71 5.84 5.65 9.70 1.19 6.22 9.18 2.69 3.80 1.57 6.50 6.83 7.61 5.89 3.16 2.34 0.57 1.42 6.42 2.34 6.19 6.53 2.38 0.82 0.94 7.07 8.52 9.02 3.10 2.12
1.12 1.90 5.68 8.18 4.56 5.16 3.04 9.21 0.22 3.43 9.84 2.37 6.04 8.67 1.21 7.29 1.31 7.79 4.07 5.94 8.55 3.72 3.12 2.61 6.01 2.25 1.10 6.23 4.43 4.64 6.79 3.04 9.14 7.93 4.52 5.28 7.89 5.99 8.82 1.21 3.29 7.12 0.67 6.15 0.49 5.16 5.01 9.73 3.24 6.31 1.52 3.42 0.65 6.59 4.43 6.85 9.30 5.22 9.83 8.79 0.31 0.43 9.87 0.28 9.35 9.55 8.40 0.56 8.43 0.15 3.08 6.71 2.60 3.73 4.74 9.09 1.27 2.19 7.32 1.41 4.90 2.43 6.41 6.05 9.19 2.52 6.41 0.53 4.96 1.75 7.04 1.49 0.33 8.90 0.13 8.61 1.30 4.30 4.39 2.68 6.29 0.34 5.72 7.14 5.22 4.97 7.85 8.69 2.95 8.51 0.34 4.55 9.97 7.91 7.56 0.29 8.68 8.58 0.97 7.49 3.46 7.89 9.96 6.85 0.81 7.08 4.00 7.87 8.63 7.36 1.10 5.12 8.68 5.23 7.34 6.00 8.78 2.40 1.32 6.49 3.06 0.32 3.04 6.56 1.61 2.95 2.85 1.35 3.71 2.44 6.01 3.28 1.09 5.34 1.22 3.85 4.12 4.24 0.44 3.56 5.77 9.89 2.48 0.95 9.29 6.60 5.67 6.42 8.78 3.87 6.89 6.26 2.43 6.45 4.66 6.32 8.50 7.09 7.65 3.07 3.11 5.36 0.35 7.42 9.27 2.05 7.90 7.14 4.97 9.58 2.18 6.12 4.71 9.41 1.97 2.65 0.87 4.14 9.03 2.55
0.81 6.04 0.95 2.11 0.96 6.41 2.78 3.30 3.26 3.63 8.22 7.30 9.42 1.79 2.42 0.44 7.75 7.38 2.93 3.11 3.75 0.40 1.33 6.76 8.53 6.31 7.39 8.93 5.28 8.95 3.25 6.39 3.75 4.07 8.45 9.00 9.56 6.98 9.32 7.81 2.28 2.36 2.35 3.10 3.04 3.51 7.18 6.47 4.07 6.50 8.80 9.16 7.51 8.39 3.28 4.59 4.26 9.35 3.68 4.64 7.33 4.02 5.66 2.27 9.54 3.78 7.27 8.63 4.74 5.51 6.28 7.39 6.80 2.16 4.68 1.44 4.85 1.59 9.94 6.57 8.76 8.89 3.55 2.29 1.65 0.08 8.37 7.15 7.11 7.99 9.79 5.90 5.99 6.12 5.41 1.89 0.21 7.22 8.18 6.46 7.87 6.56 0.83 7.15 1.40 8.08 2.79 1.85 3.21 4.82 0.39 9.09 4.26 6.46 7.82 0.99 7.06 4.08 6.56 3.84 1.71 0.21 1.08 5.72 8.20 3.19 1.52 4.40 2.91 2.86 6.34 6.27 8.27 8.28 0.86 2.73 2.25 2.05 2.56 7.09 3.24 4.80 5.68 6.81 1.37 7.02 3.47 1.51 1.21 0.59 4.25 3.50 9.85 3.47 8.97 4.06 0.60 4.29 2.78 9.13 4.29 8.65 1.52 5.85 9.05 2.93 7.69 9.73 5.16 6.68 0.81 5.88 7.47 7.94 5.91 9.84 5.06 7.20 4.73 9.41 8.76 4.17 5.65 6.11 2.99 6.12 1.25 2.88 6.38 7.17 0.18 9.95 3.24 1.30 3.38 7.90 6.73 3.05 6.32 3.73
9.95 0.92 8.05 9.89 6.46 2.26 8.10 2.32 2.90 7.05 3.32 1.48 3.35 1.45 6.96 2.42 0.83 4.87 6.20 3.59 6.53 6.66 3.73 2.87 9.20 0.72 9.35 3.97 4.86 9.72 4.31 4.42 3.02 3.59 5.27 4.61 6.16 2.30 4.77 2.50 6.14 0.19 3.95 6.35 4.92 8.16 3.47 7.05 3.03 6.48 2.74 2.76 6.77 8.02 1.18 8.40 1.36 2.41 3.46 0.01 1.05 7.20 7.83 7.93 0.89 5.07 8.85 7.51 4.68 7.40 7.42 6.05 0.40 6.69 5.82 8.29 6.48 2.38 9.50 0.08 4.03 5.80 2.96 3.86 9.55 6.61 6.65 8.83 2.04 5.21 2.97 0.02 5.53 8.83 1.42 9.90 6.14 8.40 2.53 8.48 3.64 9.46 1.59 3.88 2.68 5.82 0.01 7.82 1.89 9.43 6.45 6.04 7.72 3.87 1.12 0.29 4.06 8.46 3.72 8.01 0.16 8.33 5.15 9.33 6.07 8.55 3.65 5.06 9.85 5.85 3.83 6.18 7.40 1.09 6.77 3.74 9.01 0.66 7.39 0.03 3.09 4.50 7.70 2.35 0.95 9.83 8.03 8.32 0.13 5.45 0.40 7.96 6.63 7.94 6.11 2.90 2.80 8.97 7.62 3.48 6.09 7.00 3.62 7.11 2.41 9.83 8.92 3.51 0.53 8.44 4.87 1.80 4.18 4.49 6.39 8.59 8.82 1.12 4.89 3.90 3.92 0.48 0.22 0.93 3.19 7.96 2.55 0.77 6.01 5.09 9.96 9.35 8.62 6.66 5.54 3.02 7.61 7.43 5.62 6.81
4.88 2.38 1.93 0.94 1.83 5.12 3.62 5.16 7.73 4.97 2.44 0.21 6.63 8.90 3.37 1.43 9.47 1.80 6.90 4.03 7.62 5.53 4.77 6.47 0.24 3.83 8.52 4.11 2.47 0.29 5.89 4.15 7.72 8.52 2.19 8.72 7.95 3.76 6.27 2.89 6.16 2.94 3.94 7.38 9.11 4.90 0.20 8.46 3.81 7.12 2.00 0.75 9.64 4.73 8.04 4.62 8.20 4.78 4.04 0.16 8.17 0.18 2.96 3.26 5.80 5.14 2.63 7.65 4.79 4.24 2.57 2.97 6.34 9.83 0.23 5.70 5.56 6.71 8.20 1.35 2.23 2.80 3.28 6.85 8.10 9.74 1.99 6.34 7.49 6.59 7.69 0.49 0.19 6.69 1.94 8.60 2.92 8.72 2.09 3.93 0.51 0.36 8.05 8.56 6.21 5.82 9.92 5.65 9.15 4.14 3.08 7.19 8.16 1.50 8.02 4.80 7.62 0.14 0.88 1.75 1.74 7.93 9.29 5.62 3.77 0.01 7.49 2.98 0.22 7.16 1.42 0.77 7.32 5.33 7.24 7.22 4.77 3.21 4.88 5.38 2.70 4.37 3.33 8.29 8.02 9.13 9.87 7.32 8.04 2.22 1.11 3.01 0.20 7.81 5.33 8.62 3.75 0.74 1.37 9.78 1.53 2.58 2.92 1.31 3.42 3.11 2.95 2.01 2.24 0.11 3.29 9.89 7.99 2.26 7.08 6.96 2.05 8.12 3.09 2.69 9.82 6.89 9.56 2.42 5.30 5.09 3.50 5.27 4.59 7.96 7.86 2.31 0.15 4.93 0.74 5.43 6.39 3.87 2.32 0.39
8.32 4.07 6.50 2.57 9.50 9.91 8.72 7.02 7.73 7.92 0.99 5.02 1.66 0.84 9.35 0.82 6.31 9.71 6.99 9.05 0.45 0.01 7.78 1.93 7.33 3.72 9.46 6.43 1.31 3.43 1.38 2.18 4.12 7.69 1.52 4.79 3.27 6.72 4.31 0.21 2.01 2.31 4.85 5.89 3.39 9.74 0.46 1.00 2.70 3.99 5.63 9.50 7.97 2.94 0.03 1.77 4.09 2.71 5.95 4.06 1.97 5.18 7.61 0.22 5.72 6.07 9.81 9.83 0.84 9.79 1.54 1.22 2.40 3.48 1.14 9.62 4.83 4.99 4.42 9.78 8.10 4.71 0.18 9.77 3.50 7.28 1.65 2.23 7.96 9.99 0.76 8.96 8.34 5.37 2.87 4.47 0.33 1.31 8.35 7.19 7.75 4.21 1.09 8.15 4.71 7.34 6.73 0.39 2.38 7.36 9.83 2.47 7.13 4.18 6.50 3.27 0.18 8.20 5.09 7.71 7.98 6.87 1.14 1.00 7.63 8.74 3.40 9.65 6.09 2.51 4.83 5.06 5.58 2.98 7.55 3.78 4.92 0.90 2.55 7.38 1.55 2.30 9.45 4.45 4.71 4.56 7.37 8.23 5.51 0.25 1.68 5.26 2.45 2.90 3.01 3.96 9.64 1.26 0.02 3.82 4.23 0.22 9.52 0.25 6.47 6.56 7.07 7.42 0.46 2.45 0.39 9.65 1.75 2.70 1.11 9.97 2.52 7.70 9.37 5.47 6.34 6.89 0.42 0.10 5.37 5.70 6.53 8.34 5.05 9.49 1.11 5.60 6.75 4.48 8.70 3.89 8.73 6.08 3.63 5.45
4.85 5.25 7.66 6.14 9.26 4.03 7.07 9.39 1.17 7.41 9.05 1.42 0.15 8.10 8.14 5.03 3.79 2.55 9.22 6.12 5.78 1.67 1.38 7.11 1.66 4.16 4.63 6.75 4.94 3.39 8.45 7.86 7.38 8.91 0.60 4.64 6.55 8.45 1.92 3.38 5.47 2.53 6.20 6.20 2.40 6.85 1.44 2.11 3.93 8.07 3.22 8.01 6.15 4.04 5.18 8.49 6.86 3.51 0.16 1.26 4.56 7.25 9.57 5.45 2.84 5.36 7.23 7.27 4.28 0.27 9.12 7.21 4.41 4.21 7.04 9.57 3.12 0.15 5.91 5.33 3.86 4.13 6.71 5.54 9.81 9.23 5.07 0.91 1.81 6.04 0.86 7.66 9.49 5.46 4.31 0.06 5.94 1.66 8.37 3.97 6.74 1.99 6.22 8.89 5.05 7.58 0.12 6.76 4.66 4.01 6.78 5.20 3.01 6.97 6.11 3.38 3.61 9.29 4.43 6.94 8.28 2.57 0.96 5.43 5.49 9.12 0.91 8.62 9.43 8.40 6.41 3.58 6.18 7.53 6.14 2.47 7.95 4.98 0.10 5.35 2.66 7.31 5.46 1.98 9.24 5.67 0.32 9.22 1.09 3.00 5.32 1.80 1.03 5.43 0.96 9.78 7.52 9.39 5.75 3.27 5.70 9.89 8.97 0.31 7.12 1.66 3.97 8.58 6.66 0.89 9.04 0.14 1.46 0.46 2.19 5.29 5.51 3.98 1.04 5.30 1.60 5.56 1.31 5.62 2.33 3.87 0.58 9.65 1.23 1.14 4.03 8.19 1.00 4.49 0.99 3.92 6.33 1.61 2.93 1.29
4.29 7.51 2.63 6.79 8.08 1.89 8.24 0.09 1.63 4.92 1.96 2.88 6.91 1.68 1.51 9.71 0.44 8.38 2.35 6.48 4.20 3.76 6.88 4.18 1.19 3.40 5.37 6.90 7.45 7.65 2.19 4.27 4.44 7.65 8.47 7.49 9.52 4.88 4.65 6.05 7.73 4.31 1.74 8.44 8.07 4.85 4.49 7.25 4.83 5.06 4.65 7.51 5.83 2.83 0.66 2.57 1.53 1.52 4.84 2.02 7.20 9.23 6.99 0.99 3.10 8.13 1.96 5.07 1.43 3.62 4.15 1.62 9.49 1.15 6.80 9.89 5.47 9.00 4.58 3.76 8.86 5.84 5.40 7.90 1.56 8.74 9.23 2.92 2.26 9.77 2.43 0.54 2.41 9.51 7.34 2.27 4.48 4.53 7.49 3.33 5.08 2.60 5.94 4.72 2.18 2.49 8.17 3.27 4.99 9.46 3.42 6.42 8.20 9.49 3.68 1.59 1.56 4.87 2.68 8.11 1.03 2.97 8.40 1.05 0.93 6.94 4.08 8.05 6.67 0.60 4.63 7.12 1.10 9.03 6.75 1.03 5.60 1.27 2.54 6.59 1.95 2.87 8.29 7.99 9.72 6.47 0.41 1.75 2.37 5.34 1.29 6.54 3.54 8.75 3.23 7.30 6.67 4.19 9.04 7.39 5.06 4.50 3.22 4.57 6.35 3.13 2.37 1.33 6.39 6.99 0.09 5.34 3.20 6.24 9.08 3.63 7.01 7.06 4.63 9.41 1.10 7.75 3.07 9.96 5.58 5.87 8.48 8.63 8.26 2.25 9.75 5.07 4.85 4.45 6.74 6.50 6.51 6.97 8.76 5.86
3.63 3.06 4.12 8.32 5.53 5.08 9.32 5.38 6.86 2.60 1.68 4.21 7.37 7.83 3.68 0.13 7.65 9.61 6.01 7.13 2.72 8.96 5.24 0.54 7.93 1.53 1.32 6.68 2.28 0.46 8.10 2.44 2.18 0.84 4.39 8.74 9.60 9.67 4.40 8.41 0.27 5.11 4.51 4.14 7.73 5.31 8.71 9.30 8.76 7.15 2.07 6.84 4.88 6.10 1.69 6.30 2.69 1.67 1.85 9.81 7.64 1.77 5.30 1.41 9.65 6.25 3.96 1.52 7.19 3.53 9.33 5.71 1.04 8.20 2.88 6.89 7.64 3.34 0.92 9.11 8.65 2.77 4.63 2.24 4.90 2.20 7.58 2.15 4.26 4.63 1.14 5.98 6.30 7.92 3.36 2.41 8.47 7.97 4.38 1.55 2.91 0.03 1.35 9.48 4.36 0.81 0.54 9.03 6.66 2.47 1.28 9.21 9.15 1.95 2.27 4.47 9.15 4.27 2.02 7.51 9.06 4.48 7.39 5.88 4.50 5.12 2.64 0.01 7.54 6.20 6.94 5.53 2.20 8.95 4.34 4.17 2.73 3.92 0.51 2.46 5.89 1.90 9.18 3.30 1.90 1.59 0.96 8.06 4.21 2.33 2.24 2.15 3.93 0.81 4.85 4.83 4.27 2.08 1.74 5.69 5.72 3.87 6.64 4.84 4.94 2.03 6.70 2.76 2.15 5.10 6.65 0.57 2.44 7.25 5.29 0.45 7.32 6.86 8.41 1.27 1.77 4.98 4.17 9.21 7.78 3.14 7.70 0.01 9.65 8.51 8.83 9.75 7.94 5.70 5.25 1.78 0.88 5.52 8.24 8.26
9.12 0.55 7.41 2.90 4.18 8.33 9.83 6.56 1.02 8.96 7.58 5.04 8.74 8.16 6.52 7.19 6.03 8.75 2.38 6.19 7.79 8.37 2.66 1.64 8.36 9.14 4.63 6.91 9.86 4.65 6.10 5.91 6.82 1.25 2.93 0.62 3.83 4.57 3.06 5.06 8.66 2.61 4.93 7.73 4.59 2.48 2.16 7.07 1.06 6.03 2.49 4.74 0.55 6.63 7.26 3.16 5.41 6.72 6.78 6.78 4.90 3.82 9.31 7.82 1.46 9.96 2.16 1.49 2.66 2.63 2.21 4.65 6.88 5.95 8.16 8.14 0.46 7.88 8.08 0.65 4.43 4.87 6.49 8.42 3.92 2.66 4.10 1.66 9.57 8.52 8.85 9.57 0.00 0.22 1.76 9.48 3.42 6.65 5.03 0.53 8.84 6.96 0.21 3.20 3.67 7.99 4.95 3.14 0.04 7.07 4.07 5.75 7.34 5.12 0.96 4.64 2.72 4.99 1.55 1.51 9.52 7.56 2.91 2.33 7.03 5.37 1.23 6.27 0.04 8.88 7.74 0.57 8.95 1.68 4.28 4.39 6.88 0.73 8.91 1.26 4.19 6.82 3.41 0.98 9.04 3.17 7.71 8.79 5.89 5.79 5.77 0.98 7.50 2.39 6.61 9.40 2.53 0.60 9.98 1.90 2.11 6.56 0.82 1.77 8.45 3.46 6.48 4.91 2.12 0.19 0.67 9.98 3.69 4.37 7.84 5.28 4.59 1.45 7.33 0.63 2.80 9.28 5.17 3.83 5.37 1.56 3.61 7.41 3.75 3.36 2.43 7.48 6.83 8.98 4.54 7.63 6.90 3.64 6.43 3.07
6.67 5.56 4.91 9.77 0.18 2.10 4.56 0.28 1.35 5.19 7.14 0.84 6.15 9.74 0.85 4.74 8.54 2.79 9.10 6.84 2.78 9.57 2.96 8.31 9.32 4.02 3.79 4.81 1.55 9.27 4.74 2.63 6.42 4.29 2.21 4.98 1.46 1.60 0.30 1.81 3.97 6.32 6.30 9.23 4.76 6.87 7.65 5.81 4.17 0.54 3.35 9.38 7.14 7.55 0.85 7.90 0.16 9.93 7.73 4.26 1.19 4.51 1.34 2.03 6.00 6.13 8.90 4.34 7.64 4.63 4.58 1.77 8.91 6.74 2.09 4.91 9.26 3.88 4.14 7.83 3.68 0.17 0.04 1.54 0.15 5.10 1.93 3.67 6.00 0.80 9.28 1.75 3.92 1.33 7.60 6.69 3.10 1.06 0.89 0.23 5.58 5.00 4.36 9.81 3.96 3.31 5.61 7.85 9.26 8.09 0.30 9.13 1.51 1.96 9.70 7.99 5.76 4.38 5.79 0.13 9.37 2.71 8.95 0.94 4.12 5.41 0.88 6.72 4.19 1.03 3.04 0.45 1.00 6.17 5.93 5.07 0.85 8.99 0.25 3.29 5.14 6.34 4.98 6.16 9.04 2.89 2.97 0.29 0.73 9.15 2.44 4.16 5.52 9.24 2.87 8.64 7.34 0.28 3.86 0.38 2.29 6.28 7.26 0.24 9.49 0.22 3.01 8.01 6.60 4.74 0.00 4.94 0.91 1.58 2.97 8.05 6.81 2.61 9.59 0.71 7.22 7.41 6.17 7.04 4.42 2.09 2.35 7.33 2.97 8.60 4.93 2.45 2.43 6.13 5.74 9.31 6.36 1.10 6.11 4.59
1.83 9.96 1.80 9.26 6.29 3.69 2.15 3.03 9.22 3.04 4.28 9.93 3.97 0.50 3.16 1.69 6.36 5.55 6.53 9.52 1.26 2.76 4.36 0.13 4.29 8.85 4.86 9.42 9.33 2.56 8.17 9.27 2.99 9.56 8.74 2.93 9.32 6.29 9.44 6.47 9.97 6.60 0.23 3.03 8.65 1.48 7.35 0.87 4.70 5.87 5.70 1.29 3.44 4.84 7.78 4.45 1.70 9.56 6.43 2.90 2.85 7.46 3.73 2.23 8.17 7.54 5.59 3.48 4.85 1.62 6.49 8.33 7.48 2.15 5.64 3.51 9.16 5.08 1.38 7.63 8.80 5.82 2.20 2.48 1.63 5.30 2.06 1.80 1.15 8.72 3.66 6.76 8.39 4.64 3.56 7.68 2.83 4.73 0.11 3.11 9.86 9.84 2.04 6.10 0.24 7.32 7.54 8.44 5.89 0.13 5.48 3.69 1.29 9.07 5.07 6.78 1.59 4.72 1.33 2.41 9.12 4.22 4.78 4.58 2.30 5.86 9.13 3.03 1.15 9.81 0.98 7.51 0.63 2.33 6.28 0.75 4.80 0.90 4.99 2.22 7.77 3.11 9.12 5.99 6.12 1.31 1.39 2.26 9.52 6.87 6.81 0.87 0.32 4.77 6.55 7.74 8.58 5.76 9.61 5.56 1.83 3.21 8.45 7.32 8.76 2.89 9.43 2.46 7.54 9.91 9.39 2.79 1.84 4.78 8.60 0.82 0.28 4.30 4.74 2.38 6.92 9.72 7.12 3.03 8.62 9.10 3.57 4.21 9.98 2.48 5.45 4.74 8.25 2.24 0.93 0.32 4.96 0.52 8.18 1.73
4.13 6.50 3.59 2.24 5.18 8.00 6.02 3.89 2.06 0.66 4.49 4.76 5.15 0.72 8.17 0.86 9.69 3.60 5.91 7.79 3.53 5.97 1.83 1.74 3.32 3.29 6.11 7.57 9.35 0.45 2.55 9.50 6.46 7.86 8.13 5.62 5.07 2.77 0.43 9.59 7.93 4.58 6.58 2.77 7.55 7.50 5.01 6.66 1.13 4.47 9.86 6.91 9.08 0.75 8.35 2.76 8.21 0.33 7.60 8.11 0.82 9.96 8.13 7.38 4.71 6.19 4.29 5.88 9.63 1.70 1.80 6.40 5.58 6.85 4.89 2.63 4.65 4.37 1.65 3.98 4.66 3.41 6.47 7.23 5.56 2.37 8.43 9.58 7.72 8.92 4.11 4.49 3.38 8.06 3.43 5.92 6.87 4.11 4.68 6.44 4.46 9.10 2.60 6.19 6.62 7.36 6.40 1.17 2.32 1.37 6.00 1.58 3.10 8.28 2.55 7.06 0.41 9.90 3.70 6.93 5.55 7.75 4.58 7.91 6.67 9.28 3.27 6.66 3.46 1.54 2.81 6.94 8.57 9.50 5.88 7.88 9.03 5.53 6.10 8.79 0.82 1.84 9.79 6.64 7.36 1.88 7.83 1.13 7.69 0.92 4.43 2.78 6.56 7.26 3.40 5.12 9.55 7.38 3.37 4.54 6.02 0.79 6.54 7.43 6.82 4.98 0.73 7.95 0.44 4.14 3.91 3.28 2.30 2.07 3.13 9.77 1.58 4.59 0.88 2.10 2.08 0.54 6.91 3.07 6.57 3.38 7.94 0.42 8.94 3.87 7.55 8.53 8.40 2.35 2.47 3.36 4.57 1.86 2.44 4.04
0.37 4.98 8.30 8.50 4.82 0.25 4.95 6.07 7.69 8.98 9.17 0.16 8.06 7.68 1.21 1.29 9.11 9.36 3.33 2.06 7.47 3.84 3.10 4.22 2.09 4.48 6.34 6.65 0.27 9.51 4.33 5.74 8.45 6.00 3.31 0.07 6.90 6.73 0.11 6.92 4.84 7.66 8.49 6.09 8.50 5.45 4.61 7.41 0.83 6.91 3.45 9.30 0.33 2.22 2.80 3.93 6.27 3.80 1.10 0.23 3.12 1.58 4.40 3.23 2.20 2.26 6.69 9.11 4.07 0.69 7.78 2.38 7.40 6.53 2.88 2.17 5.43 1.24 9.99 7.10 6.88 0.40 2.41 9.47 4.83 0.31 0.12 0.37 2.32 9.19 7.13 1.74 3.43 8.59 9.05 7.98 2.95 8.50 2.01 4.17 6.22 6.40 4.60 9.40 4.93 1.03 9.33 5.99 3.61 7.17 1.92 5.64 0.83 9.86 0.12 2.44 5.83 5.11 7.61 9.16 7.23 7.68 0.35 1.00 4.94 2.47 0.10 9.43 2.99 5.54 3.59 1.35 1.44 0.08 3.87 2.10 5.26 5.63 4.55 0.58 5.35 3.01 8.54 2.07 5.85 9.58 2.44 4.23 4.83 6.04 6.21 3.68 6.87 5.37 8.69 7.36 7.16 3.40 8.20 4.95 5.28 0.26 3.00 8.16 3.16 1.60 2.20 7.58 8.30 8.41 3.11 6.24 8.74 9.53 1.40 7.13 1.26 2.49 4.13 8.84 6.60 7.38 0.63 3.32 4.41 1.58 6.94 0.40 5.59 5.87 5.69 1.88 4.30 9.37 6.56 9.34 7.81 7.37 2.29 9.50
2.59 9.26 2.63 6.15 3.95 0.18 8.76 2.93 5.82 4.64 0.60 2.52 7.14 3.01 0.20 8.77 5.29 2.56 8.76 3.37 2.88 1.71 0.85 2.17 6.20 0.63 4.23 6.49 0.10 3.96 0.75 4.77 1.14 1.97 8.33 4.56 8.07 2.02 3.39 6.41 9.05 5.82 8.30 9.76 4.93 6.98 8.65 2.55 8.05 7.16 7.22 0.17 6.51 7.35 6.51 3.11 0.47 5.52 8.98 8.87 6.86 7.97 4.48 4.04 7.74 7.57 2.87 6.24 0.02 5.27 0.52 4.80 0.39 3.78 4.16 9.30 6.42 2.34 9.39 7.38 3.68 3.15 1.89 3.43 2.07 7.47 5.03 3.89 4.66 1.42 0.48 2.99 6.40 1.42 1.66 8.81 3.33 5.00 5.12 3.14 6.16 1.66 5.20 9.64 1.08 4.39 1.15 2.60 3.36 9.19 6.05 3.45 0.61 5.32 4.87 6.26 7.03 2.54 6.37 7.56 0.98 9.92 5.18 9.23 7.72 8.61 0.95 6.82 4.46 2.23 6.25 0.76 0.05 1.35 4.61 9.56 5.35 9.82 4.44 6.04 0.63 6.93 4.51 6.88 2.71 9.77 0.95 0.59 6.82 3.54 8.20 4.81 9.33 3.01 1.72 4.53 0.92 5.99 2.64 7.14 0.19 9.23 6.05 6.52 4.82 4.07 9.52 8.86 7.83 6.59 6.91 4.52 3.19 7.29 1.14 1.67 5.07 5.21 6.80 3.66 4.19 9.01 0.98 2.72 5.83 2.61 8.51 1.33 2.69 7.53 3.83 9.36 9.74 8.19 4.17 2.33 1.02 7.34 4.07 1.45
6.42 8.87 5.05 5.65 8.38 7.11 7.86 4.36 4.56 9.36 2.77 5.76 0.62 5.82 1.58 0.34 1.84 8.71 2.50 8.57 3.21 7.56 3.43 4.04 7.00 0.75 6.13 0.09 1.22 9.19 5.04 3.94 8.28 2.47 4.47 6.75 1.07 3.67 2.22 1.14 3.19 7.74 5.47 0.89 5.23 9.12 3.52 8.84 9.72 1.00 4.63 8.36 2.45 3.99 6.47 9.53 2.78 6.38 8.46 5.58 1.57 1.54 1.50 4.39 6.35 9.17 4.06 2.92 4.18 0.28 4.26 1.99 3.98 2.17 5.74 9.93 5.08 5.58 9.25 2.96 1.45 3.51 3.22 3.02 2.38 3.88 8.70 1.24 9.40 0.60 8.78 3.98 3.83 8.38 2.88 1.42 0.83 3.25 2.58 8.18 4.54 4.41 7.20 0.90 8.24 3.68 7.39 7.17 4.03 8.22 8.98 8.11 2.23 8.57 4.46 5.01 4.79 6.87 9.49 1.26 3.61 2.12 8.49 5.59 7.55 0.24 0.94 5.11 1.94 7.87 9.02 5.90 4.20 9.16 3.45 0.27 5.64 5.87 9.70 2.10 5.98 3.43 2.82 6.61 5.26 5.45 1.21 3.79 7.97 9.17 1.12 2.95 1.28 7.81 2.34 0.86 4.49 1.53 8.69 2.52 3.32 3.62 4.50 7.92 4.33 8.52 3.19 1.06 9.09 0.53 1.39 7.07 0.66 6.50 6.35 0.71 3.60 2.49 0.25 5.72 3.73 0.70 8.35 0.39 7.91 9.15 3.76 9.80 9.98 6.96 3.83 0.29 0.71 2.44 9.35 0.66 8.94 0.23 1.36 9.83
8.03 7.00 9.58 6.41 3.13 2.95 9.95 2.93 2.73 4.81 5.71 9.23 8.23 0.01 0.24 4.06 8.83 4.85 9.25 9.81 5.40 9.09 1.93 3.14 1.97 4.23 6.72 9.16 8.49 9.03 3.16 7.08 2.27 1.71 6.05 8.93 7.94 1.88 8.72 8.57 0.61 9.20 9.76 2.22 5.38 9.82 2.59 4.81 3.55 6.26 1.15 7.75 2.74 8.90 6.07 8.58 6.28 9.69 2.12 6.11 5.67 3.80 4.28 0.61 4.41 6.69 1.21 9.90 6.23 0.24 6.73 1.20 3.01 3.57 7.48 6.03 6.69 8.94 7.38 8.12 9.25 0.32 2.75 5.27 4.09 8.32 1.84 9.18 0.62 8.86 2.20 7.03 6.99 8.55 8.32 6.98 0.50 0.67 3.76 0.61 5.93 5.64 2.11 4.14 9.94 6.01 8.64 6.67 2.53 3.29 3.26 3.16 0.67 4.48 2.08 5.92 6.00 5.16 3.28 3.60 4.66 8.00 4.51 2.01 6.79 1.22 9.12 1.90 3.76 7.42 9.67 9.24 3.77 5.68 6.29 4.06 6.69 9.03 5.05 1.70 7.17 7.57 4.64 7.11 8.25 7.28 8.66 7.71 1.20 1.06 9.51 6.16 2.81 4.30 6.17 7.86 5.19 7.53 0.55 8.83 1.17 0.20 9.54 2.59 4.83 3.76 7.31 7.28 8.60 8.19 2.72 4.30 3.57 2.20 6.08 9.88 4.08 9.44 3.63 4.55 1.83 8.51 7.97 2.85 1.52 9.83 9.44 1.32 6.87 8.64 3.58 4.70 2.86 6.17 9.23 2.17 2.19 7.82 8.89 4.58
8.29 3.48 0.98 8.92 0.75 5.85 9.77 4.56 4.52 3.64 9.16 5.84 7.30 7.05 5.74 4.53 1.68 2.35 5.16 2.43 4.54 7.21 3.60 9.09 8.78 1.81 1.47 9.37 3.93 5.00 3.72 2.39 5.21 8.68 3.13 7.03 6.76 6.19 3.31 4.93 9.24 9.26 4.05 8.78 1.00 0.69 2.67 5.85 7.96 9.33 9.10 2.65 0.62 8.17 4.98 2.53 6.84 8.89 4.59 4.81 1.95 4.70 4.27 3.90 3.15 8.88 0.37 2.62 9.13 5.76 5.74 4.25 7.51 3.64 3.03 8.01 7.41 1.56 3.05 8.14 4.44 6.71 6.68 9.30 0.50 1.05 5.15 6.88 1.93 5.32 5.11 8.89 1.10 1.07 9.00 2.91 2.69 7.69 1.74 9.18 8.63 5.03 8.20 3.98 6.83 9.58 6.68 4.32 4.79 2.59 1.67 7.64 6.20 9.62 0.20 2.71 4.56 2.43 4.41 1.20 8.12 7.55 8.17 9.54 7.75 7.84 9.02 0.60 7.66 6.39 6.85 1.23 5.44 9.62 8.92 6.30 8.26 0.47 3.34 4.75 6.63 4.72 7.40 5.13 8.61 3.29 4.76 3.55 1.36 5.07 0.63 9.46 8.66 4.39 9.16 9.79 0.95 9.92 3.61 3.93 3.53 0.82 7.18 2.34 8.76 9.28 2.55 3.91 7.87 9.53 7.09 5.70 0.16 1.80 7.40 7.50 3.22 4.38 2.49 0.73 8.91 0.86 2.44 4.62 1.02 3.08 0.21 9.01 6.07 5.06 4.92 3.54 8.26 1.79 5.63 1.31 1.75 7.69 6.25 1.01
8.08 5.85 9.75 4.79 5.28 9.37 5.95 7.38 4.52 6.27 3.07 1.28 7.05 5.06 4.03 4.67 4.57 5.67 3.05 6.40 2.59 9.54 6.16 6.72 6.38 3.15 1.63 1.08 5.10 4.42 7.16 2.04 3.10 9.41 4.32 5.79 6.94 2.10 6.82 9.68 3.16 6.88 7.10 6.67 9.73 0.77 7.21 3.31 9.53 9.30 7.49 6.11 1.20 6.37 9.71 6.99 7.88 8.89 9.52 3.26 7.99 4.22 0.44 0.97 1.38 4.50 8.40 2.16 1.44 3.62 0.49 0.71 9.58 0.97 5.75 8.50 0.23 9.80 7.96 6.50 6.61 3.55 7.76 8.09 3.77 0.15 1.30 5.10 8.80 6.67 0.01 9.80 5.18 0.81 9.28 9.94 0.49 6.65 2.60 2.26 7.80 5.34 8.56 1.94 9.07 4.28 4.96 7.42 4.15 3.26 9.70 7.04 8.67 5.31 2.77 0.41 8.28 0.79 1.23 0.17 0.98 6.96 7.31 6.81 0.93 4.51 2.70 2.88 9.98 1.11 3.71 4.52 5.72 0.39 3.64 5.64 3.06 0.18 8.54 9.64 8.75 4.92 8.74 2.63 0.83 2.23 1.27 8.31 6.01 5.35 2.78 8.95 0.93 2.07 5.35 1.95 5.78 3.02 7.47 4.37 7.11 1.00 6.34 5.44 8.52 2.68 7.81 4.76 3.77 7.41 1.20 0.57 6.03 1.15 4.90 0.95 8.89 3.78 7.48 9.97 5.16 6.68 8.29 2.46 8.21 0.73 1.04 1.25 7.99 3.36 4.09 7.38 0.74 6.58 8.56 5.40 6.83 1.10 9.45 2.21
3.89 9.45 4.13 5.16 9.09 9.90 2.89 1.97 1.77 1.67 4.41 7.27 6.58 2.39 2.40 7.56 9.83 4.24 0.40 9.69 6.49 2.63 9.85 0.50 4.60 9.97 8.55 7.70 1.26 9.87 4.12 2.70 5.11 0.71 1.98 0.36 1.32 6.75 8.61 8.15 1.35 4.80 9.80 4.27 1.77 6.58 3.16 1.04 2.45 7.74 5.39 1.49 4.60 7.74 7.75 8.69 5.83 5.16 0.91 5.02 5.62 9.61 8.04 2.63 0.26 7.82 5.05 9.14 0.12 1.46 6.01 4.59 2.08 4.65 3.63 3.13 2.65 1.27 9.11 0.56 8.77 6.42 0.70 8.33 5.35 1.65 3.52 7.47 4.05 7.45 4.91 4.41 0.05 7.74 2.64 9.48 6.87 8.50 2.54 9.77 3.66 0.20 2.55 3.70 2.79 3.71 4.47 5.36 1.59 0.84 8.63 6.04 3.83 7.39 1.43 5.16 0.26 8.29 6.87 2.27 6.51 5.11 4.75 9.04 2.18 0.22 9.57 4.16 0.55 5.08 2.24 3.39 0.82 9.35 4.35 7.20 8.61 6.85 7.65 3.93 7.04 1.07 7.80 9.82 5.11 6.76 1.03 9.69 6.77 9.71 1.01 7.22 2.32 1.83 4.57 2.26 6.49 4.12 5.40 1.82 0.66 1.71 7.30 4.66 6.76 8.76 0.52 1.04 3.94 1.88 3.99 9.52 6.26 9.84 0.10 5.91 2.12 7.59 7.71 1.63 9.33 2.35 7.02 8.14 4.69 4.14 3.33 1.96 4.76 7.44 1.91 3.12 7.73 9.74 7.22 7.42 2.54 8.82 2.38 5.50
8.14 1.05 6.07 1.30 2.90 5.01 7.04 6.47 0.53 4.84 8.77 6.72 4.09 2.80 4.83 7.55 2.62 9.69 0.04 6.38 4.94 8.49 0.33 6.24 2.49 9.00 5.67 6.87 3.33 4.91 0.25 0.30 9.18 7.87 6.94 9.23 9.17 0.59 2.78 2.95 8.17 6.68 7.23 0.19 2.15 5.09 6.30 9.92 2.15 8.46 4.80 0.43 6.75 6.74 3.61 5.58 1.88 9.07 8.93 8.79 3.52 4.88 3.04 7.45 7.46 9.79 3.08 5.81 5.24 1.61 4.56 2.62 9.94 3.30 4.05 8.28 9.66 8.33 5.43 3.28 9.32 8.44 4.18 6.85 7.19 3.81 9.46 1.11 8.98 3.12 3.24 3.41 5.57 1.99 9.40 4.34 4.86 5.38 1.57 0.13 6.67 0.29 0.73 2.76 9.98 9.16 7.51 5.03 6.95 1.96 9.96 2.38 5.33 2.91 4.02 7.93 0.60 4.11 1.63 8.38 4.70 4.05 8.07 1.66 2.91 8.19 7.37 2.48 3.99 1.03 3.84 8.27 5.85 1.97 8.25 0.64 2.99 0.61 0.01 0.01 8.79 5.12 7.98 3.19 9.48 3.73 1.03 3.74 2.57 1.16 9.17 3.90 1.36 6.12 5.95 4.76 6.04 4.50 8.99 6.49 9.89 6.32 7.18 5.63 4.68 9.19 3.32 1.08 4.78 2.44 8.80 8.46 6.60 6.96 8.54 3.21 3.60 5.26 7.34 0.38 1.08 4.97 3.00 8.88 2.72 6.05 2.51 0.94 9.54 3.11 0.42 6.42 4.39 8.24 4.23 1.45 3.68 9.27 0.61 6.49
0.14 8.29 7.08 4.60 9.02 3.53 8.90 5.14 7.30 7.92 9.31 0.76 1.78 6.13 9.92 0.96 3.58 2.25 5.14 0.93 1.10 0.83 0.93 4.02 7.23 9.13 7.41 3.58 2.70 8.80 4.92 4.20 2.31 0.38 1.02 6.69 9.95 1.00 5.75 4.48 9.34 5.66 0.69 6.51 4.59 3.18 7.82 3.84 6.95 8.61 8.46 3.88 5.95 6.89 6.29 5.04 5.91 7.10 4.06 8.88 1.63 8.70 0.35 6.07 0.38 8.90 7.41 5.06 1.19 6.72 2.06 4.88 6.11 2.07 0.31 3.32 6.52 0.92 5.24 2.56 2.03 5.35 0.34 5.56 5.03 7.78 9.69 5.93 9.04 5.85 8.50 3.02 1.77 0.11 6.49 1.30 7.16 5.47 2.74 6.82 5.73 8.26 6.36 8.43 8.57 5.76 0.50 9.16 0.22 9.68 2.63 1.08 8.45 4.32 9.04 8.37 5.65 0.49 0.30 6.25 7.08 9.53 6.67 9.77 6.59 0.17 0.85 6.81 8.86 2.50 0.19 7.44 0.02 8.78 4.58 4.40 8.18 0.94 9.85 1.97 8.93 9.39 8.07 7.65 9.85 6.67 9.19 8.19 5.55 5.98 9.99 8.49 2.05 6.54 1.32 7.90 2.10 6.14 4.56 2.47 7.36 0.50 8.14 5.70 6.53 5.46 9.71 1.98 6.90 3.14 6.03 0.61 7.18 7.55 8.07 0.22 4.58 3.02 1.47 0.65 3.86 9.75 9.14 5.83 7.69 8.74 1.76 1.88 6.30 3.42 8.17 4.73 2.28 0.77 5.54 7.55 8.64 8.03 9.02 5.79
8.92 0.02 8.58 4.87 9.54 6.38 2.60 0.45 5.95 1.64 0.88 3.53 3.53 8.43 8.11 3.54 8.61 6.93 0.23 3.54 7.54 1.55 0.92 1.40 9.25 4.22 2.22 8.65 9.13 7.20 4.72 1.60 8.17 2.94 6.95 6.17 2.93 8.99 0.48 9.95 1.83 7.99 5.75 8.16 9.72 7.49 6.02 3.98 7.45 5.34 8.01 5.60 4.34 1.37 9.00 9.84 5.35 0.25 9.23 6.67 7.19 2.09 5.65 9.42 2.34 0.04 5.22 2.73 6.38 5.00 4.49 4.00 3.88 9.10 2.58 8.14 9.46 1.88 6.22 8.30 7.57 6.20 0.34 6.23 0.57 1.68 3.92 6.12 5.62 8.72 7.82 4.64 2.88 2.04 4.33 0.79 1.16 7.05 9.13 4.88 2.90 9.87 7.10 8.90 1.58 5.50 0.21 9.50 0.67 6.83 9.39 2.86 7.44 6.37 3.36 2.37 0.21 1.15 0.21 9.09 0.10 8.00 7.64 9.60 7.67 0.98 0.26 5.66 4.24 0.63 3.12 0.07 1.92 5.45 0.40 4.20 1.17 2.12 6.06 7.54 5.21 8.37 3.52 4.86 9.12 4.07 6.92 4.48 6.82 3.65 8.09 9.78 0.25 9.79 0.10 3.73 2.23 5.56 7.90 0.04 6.74 8.80 4.59 3.42 9.94 1.37 7.05 7.75 6.38 8.93 4.85 3.00 0.70 3.25 0.16 1.69 8.13 2.17 2.39 6.95 7.20 4.98 3.76 3.40 4.28 4.94 9.65 1.97 0.86 7.94 3.64 6.77 9.88 4.92 5.72 2.24 0.19 2.16 9.82 9.22
7.36 2.02 8.96 0.67 2.05 8.20 2.90 1.97 5.75 0.54 8.43 1.55 0.67 6.26 7.23 9.72 6.43 8.63 6.55 0.52 5.41 0.17 6.06 2.77 6.30 6.09 6.53 0.51 5.52 5.12 4.67 7.20 3.23 2.52 3.84 1.91 5.46 7.12 8.80 0.98 9.89 7.15 0.47 1.64 1.55 5.56 2.97 4.37 3.77 5.80 4.92 5.14 2.38 7.44 9.29 9.34 4.49 7.42 4.63 7.61 7.49 3.19 4.67 9.65 7.26 7.17 6.01 8.47 8.68 8.24 1.87 3.42 9.65 1.89 5.32 3.00 0.48 1.42 7.40 5.52 4.06 9.57 1.47 2.39 9.19 2.71 7.35 6.70 9.42 9.30 0.27 3.69 6.20 8.44 6.46 3.81 5.03 9.46 5.65 0.19 6.84 0.75 1.81 4.38 3.65 4.86 3.19 8.99 9.31 0.92 8.03 5.41 6.31 3.13 2.97 2.84 7.03 0.14 4.25 0.43 1.64 8.19 3.78 5.11 3.24 1.13 9.66 6.25 6.69 9.06 9.93 8.16 5.85 1.12 5.70 5.91 8.92 1.84 6.28 9.21 0.58 7.71 4.40 8.14 9.99 0.56 2.02 1.80 2.96 9.76 4.65 7.40 7.28 5.71 2.63 6.81 2.86 7.02 3.07 5.07 5.76 9.51 1.10 7.88 3.04 6.75 1.65 9.05 4.19 1.19 7.39 0.85 3.18 4.21 7.79 5.40 0.36 0.08 9.00 3.51 7.11 4.29 4.19 2.03 3.01 5.35 4.12 7.82 3.00 3.05 7.23 4.17 1.85 6.70 0.58 3.36 2.34 2.79 2.98 6.12
1.45 3.40 8.70 8.11 9.25 0.49 9.67 6.00 1.16 3.36 7.05 9.22 1.73 4.14 6.67 0.91 7.31 4.51 1.39 5.12 8.58 9.27 4.44 9.19 4.02 9.74 9.92 3.60 1.64 5.41 9.80 8.05 2.78 1.39 0.59 1.61 3.97 3.16 7.48 8.14 1.55 3.94 8.03 5.11 9.04 1.12 9.28 3.39 9.79 7.99 8.83 9.63 7.31 7.02 4.94 2.02 5.68 1.63 2.94 6.68 0.89 3.68 5.59 0.79 8.60 6.02 2.58 1.23 0.54 9.36 5.84 3.45 1.15 3.69 5.61 6.80 2.48 0.28 2.66 2.56 1.11 3.60 4.31 7.34 7.68 9.05 3.17 3.17 6.80 5.51 8.38 2.84 4.26 8.75 8.10 1.82 3.62 2.88 8.16 7.04 2.55 5.03 4.95 7.36 9.93 1.84 4.40 7.29 8.31 1.07 8.67 3.32 1.01 6.02 1.87 8.06 1.51 8.34 1.99 9.22 1.21 6.83 1.95 3.96 8.42 9.96 8.35 0.79 7.22 4.96 2.82 8.37 2.14 2.79 5.51 6.76 7.07 0.05 1.99 5.14 7.82 0.06 4.18 1.82 6.28 5.15 6.90 8.65 4.90 6.70 0.92 6.24 7.94 3.79 8.39 3.69 5.36 4.50 5.50 6.05 6.30 5.93 2.54 5.91 9.70 7.86 5.69 9.74 7.75 7.50 6.23 5.95 3.38 0.23 0.11 6.27 7.98 0.95 0.30 5.97 1.63 7.96 3.58 9.33 4.33 2.03 9.75 7.25 6.39 5.91 2.57 3.17 1.88 1.12 2.88 8.86 1.58 2.36 7.64 2.15
7.16 9.48 8.80 3.01 5.45 8.94 9.43 3.32 4.42 6.74 0.85 3.55 6.38 6.00 8.73 8.06 9.38 4.04 7.59 9.69 2.96 1.98 5.04 5.28 5.91 2.96 4.45 2.87 6.07 2.90 1.26 6.24 1.91 5.30 6.59 1.56 2.10 4.38 8.47 3.25 9.00 2.02 4.06 9.70 9.04 0.19 8.86 7.34 9.45 7.58 8.64 7.80 4.65 7.82 5.92 9.60 0.65 9.31 6.95 2.04 0.39 8.91 4.94 4.48 5.20 1.49 2.93 0.72 3.28 6.72 8.16 6.53 4.57 1.08 3.68 9.61 2.45 0.02 7.52 0.71 3.06 5.68 5.80 2.52 6.71 8.52 5.95 7.49 6.64 8.41 0.80 8.29 4.80 1.92 7.76 4.67 9.48 7.13 9.38 2.11 8.17 8.37 0.82 6.95 3.61 7.00 3.13 2.64 0.91 2.07 7.19 6.22 2.31 9.36 7.71 1.41 5.45 7.72 5.84 9.26 0.67 4.93 3.40 5.04 7.79 0.97 6.90 4.07 2.46 0.50 0.47 1.00 1.49 5.23 8.73 0.26 4.05 5.34 5.45 5.81 4.38 0.87 0.11 1.20 3.79 0.28 3.07 8.81 3.00 4.79 7.78 9.49 6.57 0.55 1.63 0.48 0.89 2.20 4.26 8.33 7.53 7.81 6.32 3.74 8.49 3.56 7.17 5.02 5.50 9.67 8.09 6.10 2.11 0.23 8.98 5.46 5.18 7.53 6.45 0.83 3.81 2.01 4.07 1.83 9.18 7.24 4.56 3.45 1.39 1.29 2.39 2.05 2.89 4.61 7.14 2.20 2.86 8.33 4.29 9.79
2.28 6.25 3.47 1.65 9.22 8.84 0.63 6.11 5.78 5.28 5.55 9.01 0.93 1.56 2.68 2.81 2.65 6.57 1.17 4.18 3.64 9.07 1.67 8.99 7.05 5.41 7.36 0.39 8.86 7.81 5.49 0.76 9.15 2.47 0.12 8.57 3.95 0.96 2.82 6.96 2.18 6.94 8.12 8.80 4.91 5.84 8.42 4.29 3.57 9.56 0.21 7.93 4.68 4.66 4.09 8.66 2.56 7.35 2.80 0.14 4.19 8.62 7.79 6.08 6.78 9.84 4.88 6.91 4.15 5.92 7.02 6.04 6.48 4.91 3.91 4.23 7.45 7.06 8.01 6.10 8.12 1.42 8.90 7.04 7.24 1.53 1.87 4.91 7.33 0.46 4.88 4.14 4.09 3.42 8.70 1.39 3.72 1.00 8.61 1.25 4.35 9.71 4.05 9.58 5.27 4.00 9.78 0.82 6.50 6.67 9.92 0.59 1.45 1.19 6.45 7.58 4.22 3.91 3.40 7.86 9.97 2.03 9.26 3.97 0.31 9.98 8.80 6.91 3.06 2.39 4.14 4.07 8.47 3.11 9.27 9.40 5.77 2.37 3.28 2.45 2.74 5.83 1.28 8.95 2.29 4.43 9.67 6.86 2.18 0.14 7.79 0.05 9.75 4.06 1.87 0.58 0.97 9.36 1.52 3.75 9.81 1.62 5.02 0.46 1.02 3.00 6.29 4.30 7.24 7.10 0.12 1.90 0.52 7.51 9.51 9.00 8.00 8.33 9.53 6.03 6.61 0.28 0.61 4.19 9.88 8.50 8.99 1.72 4.83 7.72 4.23 3.18 8.67 7.61 1.75 8.05 3.35 0.48 7.84 5.74
6.69 7.92 2.08 8.70 9.92 4.78 0.49 5.90 7.45 6.51 3.80 1.52 7.13 6.14 5.50 6.50 8.84 0.66 6.86 8.47 8.28 7.56 4.08 4.23 6.49 5.40 7.75 1.38 6.87 0.34 6.46 0.23 6.37 1.76 4.24 9.85 4.17 4.83 7.23 4.44 9.41 6.41 5.94 5.20 7.73 7.83 6.73 3.24 2.37 9.42 5.59 3.14 0.04 2.36 8.14 1.59 8.54 6.56 6.19 3.64 3.56 6.20 7.47 2.24 4.53 3.83 7.94 3.93 4.17 8.56 9.94 2.00 8.01 8.85 6.38 8.70 5.59 4.30 3.66 4.62 5.83 8.49 3.12 3.40 1.54 3.19 7.55 8.37 5.63 1.98 0.33 4.56 4.52 6.34 0.19 2.73 1.22 1.68 7.57 0.56 8.54 8.55 4.11 4.48 2.21 9.41 3.11 9.73 7.86 2.19 2.91 2.22 3.01 4.32 8.81 4.01 0.73 8.69 3.56 8.82 1.08 9.54 9.97 4.43 3.82 5.15 3.73 0.02 7.37 4.82 6.47 4.79 9.96 8.41 6.12 5.31 8.64 2.78 2.64 4.83 7.96 9.35 1.69 4.48 9.35 0.87 6.54 8.65 4.84 2.64 7.60 0.20 6.70 7.76 0.53 8.14 9.03 7.20 4.29 0.07 7.04 4.44 1.42 6.77 2.29 5.61 1.67 2.52 0.77 5.55 7.34 4.50 4.56 2.39 6.11 4.10 0.06 2.14 7.75 3.43 3.50 5.47 1.22 5.14 2.51 7.72 3.49 0.82 8.15 9.86 1.10 3.44 5.14 4.32 2.08 5.13 1.21 1.68 7.83 0.97
6.79 2.73 4.21 7.46 1.51 2.03 3.12 4.01 2.45 7.92 5.17 9.84 6.75 7.62 6.98 6.31 9.73 5.06 0.68 0.10 3.28 9.91 1.22 6.39 3.03 9.83 4.58 1.70 0.08 0.49 1.35 0.94 1.27 8.11 2.03 7.93 4.06 3.34 9.81 1.10 0.76 2.80 3.02 9.07 5.71 3.51 4.45 5.58 8.75 8.89 5.92 4.82 7.23 1.03 2.89 7.86 9.22 0.92 5.94 6.46 0.89 0.52 4.02 4.11 5.40 9.09 9.80 0.19 3.16 9.69 5.45 8.35 3.32 1.67 6.26 7.90 8.66 6.26 9.12 2.52 3.01 7.29 9.03 9.79 0.72 2.87 7.95 2.55 7.93 3.83 1.20 1.71 6.19 0.74 9.33 5.60 7.20 2.35 2.20 6.81 1.20 6.51 4.71 2.91 3.73 0.46 2.88 1.44 0.02 0.05 0.57 8.21 8.14 2.34 2.95 4.82 5.41 5.77 9.20 5.26 6.87 0.68 5.54 4.88 1.65 3.45 1.12 1.42 1.06 9.34 9.85 6.97 7.11 3.58 7.44 9.82 0.01 8.67 3.59 1.44 4.81 3.01 0.83 8.68 0.92 0.25 5.60 2.18 4.04 6.73 4.64 8.01 5.99 0.64 1.06 0.81 9.98 4.01 4.55 7.45 3.88 2.39 4.14 7.57 1.80 7.64 1.72 5.56 3.66 1.21 8.55 4.73 6.05 5.85 4.49 8.07 8.48 8.14 0.65 0.31 4.44 7.43 4.72 3.21 5.00 7.71 8.92 6.80 1.68 3.31 5.02 1.89 7.53 7.33 7.15 9.18 4.16 4.16 2.20 6.19
9.68 7.68 4.37 0.23 1.96 6.08 8.65 1.94 5.58 7.09 7.70 3.43 2.35 7.61 6.62 5.18 9.85 0.35 9.09 5.13 1.18 7.95 3.93 4.18 3.02 4.33 4.29 0.78 7.69 3.31 8.37 7.26 9.77 3.48 8.33 9.79 5.27 5.56 4.47 6.08 2.46 9.33 9.47 2.48 9.64 3.55 6.91 8.56 2.10 1.63 4.01 4.31 5.54 7.06 1.96 3.45 7.76 6.22 9.64 9.08 6.17 6.87 0.37 8.98 6.13 1.66 9.28 6.86 3.69 1.89 5.14 3.38 2.74 2.34 3.45 1.23 5.41 9.03 9.44 0.69 5.45 7.80 4.26 1.80 2.17 8.38 5.83 6.24 2.98 1.77 5.88 0.25 9.14 3.67 6.75 6.54 4.46 7.73 0.05 1.75 9.29 8.96 4.11 3.09 5.83 0.74 2.96 9.69 8.50 0.70 7.35 2.27 9.62 8.42 0.46 5.15 7.21 3.05 8.75 0.25 5.68 1.43 9.41 6.42 4.88 1.58 6.57 2.38 8.18 7.82 4.52 1.59 1.84 1.50 1.82 3.32 7.94 4.87 5.82 7.94 6.90 1.36 4.62 1.30 1.15 0.42 0.84 4.81 2.74 7.12 8.86 0.42 5.57 5.72 7.19 3.80 1.07 5.70 2.66 5.66 8.45 9.56 6.15 1.64 8.82 4.47 7.20 8.11 8.63 8.32 8.28 5.75 5.45 5.64 7.64 5.93 0.77 3.26 3.12 7.91 2.65 8.77 4.97 3.29 5.26 9.45 1.77 8.94 8.51 1.99 3.32 5.54 7.77 3.40 3.24 4.68 5.81 4.62 4.78 3.87
4.64 4.03 3.83 2.59 6.72 4.31 0.17 6.47 4.56 7.32 6.58 5.53 0.39 7.51 3.47 1.16 8.26 6.62 1.75 6.71 2.02 7.63 3.13 8.52 7.89 5.94 1.30 8.61 7.04 8.29 9.86 2.53 0.40 0.62 7.16 2.58 2.91 5.52 8.69 0.86 1.04 8.75 3.08 2.39 2.43 3.82 3.65 9.50 0.41 3.46 3.60 3.81 3.81 8.72 0.57 6.39 9.44 0.05 8.27 9.78 1.05 7.38 9.66 4.22 6.18 0.43 9.69 3.30 8.95 0.05 4.10 7.46 7.05 9.42 2.93 4.01 4.74 5.09 3.48 2.50 0.12 2.95 7.22 9.48 3.02 9.18 5.05 5.26 9.37 0.92 1.66 3.57 7.63 9.09 4.33 1.86 9.20 5.06 9.99 0.86 7.66 7.76 4.70 2.39 2.39 6.24 6.45 4.37 8.48 3.68 8.21 8.12 2.38 6.75 1.84 9.22 6.80 5.80 2.95 6.74 1.61 7.90 6.57 1.95 7.55 9.53 5.91 1.61 2.81 6.25 3.97 9.62 5.65 8.11 7.84 4.00 3.95 7.72 0.35 3.27 2.18 7.37 5.25 8.48 8.66 0.42 3.40 3.78 8.14 8.00 9.54 7.95 3.81 9.94 4.39 4.59 9.91 6.86 9.66 4.37 8.41 0.33 8.61 9.81 8.93 3.64 5.70 2.76 8.46 3.11 8.70 5.54 1.15 3.00 7.51 8.60 5.08 7.99 1.18 7.48 6.49 7.84 4.26 5.37 6.03 3.42 1.00 5.04 4.03 7.13 4.59 8.36 0.44 5.64 8.49 4.91 5.76 8.02 9.49 9.60
